{
  "timestamp": "2025-03-12T21:45:12.370480",
  "config": {
    "model_name": "eleven_multilingual_v2",
    "csv_file": "newData/voiceSheet.csv",
    "output_dir": "game",
    "force_rehash": false,
    "force_voice_defs": true,
    "dry_run": false
  },
  "statistics": {
    "total_entries": 3329,
    "processed": 3329,
    "skipped": 3329,
    "generated": 0,
    "updated_filenames": 0,
    "hash_changes_detected": 0,
    "voice_def_changes": 0,
    "errors": 0
  },
  "character_stats": {
    "nm": {
      "total": 32,
      "generated": 0,
      "skipped": 32,
      "errors": 0,
      "updated": 0,
      "hash_changes": 0,
      "voice_def_changes": 0
    },
    "fx": {
      "total": 1643,
      "generated": 0,
      "skipped": 1643,
      "errors": 0,
      "updated": 0,
      "hash_changes": 0,
      "voice_def_changes": 0
    },
    "ns": {
      "total": 52,
      "generated": 0,
      "skipped": 52,
      "errors": 0,
      "updated": 0,
      "hash_changes": 0,
      "voice_def_changes": 0
    },
    "lm": {
      "total": 459,
      "generated": 0,
      "skipped": 459,
      "errors": 0,
      "updated": 0,
      "hash_changes": 0,
      "voice_def_changes": 0
    },
    "nu": {
      "total": 33,
      "generated": 0,
      "skipped": 33,
      "errors": 0,
      "updated": 0,
      "hash_changes": 0,
      "voice_def_changes": 0
    },
    "sh": {
      "total": 46,
      "generated": 0,
      "skipped": 46,
      "errors": 0,
      "updated": 0,
      "hash_changes": 0,
      "voice_def_changes": 0
    },
    "g1": {
      "total": 73,
      "generated": 0,
      "skipped": 73,
      "errors": 0,
      "updated": 0,
      "hash_changes": 0,
      "voice_def_changes": 0
    },
    "g2": {
      "total": 140,
      "generated": 0,
      "skipped": 140,
      "errors": 0,
      "updated": 0,
      "hash_changes": 0,
      "voice_def_changes": 0
    },
    "hn": {
      "total": 93,
      "generated": 0,
      "skipped": 93,
      "errors": 0,
      "updated": 0,
      "hash_changes": 0,
      "voice_def_changes": 0
    },
    "ar": {
      "total": 368,
      "generated": 0,
      "skipped": 368,
      "errors": 0,
      "updated": 0,
      "hash_changes": 0,
      "voice_def_changes": 0
    },
    "kl": {
      "total": 220,
      "generated": 0,
      "skipped": 220,
      "errors": 0,
      "updated": 0,
      "hash_changes": 0,
      "voice_def_changes": 0
    },
    "bd": {
      "total": 39,
      "generated": 0,
      "skipped": 39,
      "errors": 0,
      "updated": 0,
      "hash_changes": 0,
      "voice_def_changes": 0
    },
    "void": {
      "total": 5,
      "generated": 0,
      "skipped": 5,
      "errors": 0,
      "updated": 0,
      "hash_changes": 0,
      "voice_def_changes": 0
    },
    "ua": {
      "total": 22,
      "generated": 0,
      "skipped": 22,
      "errors": 0,
      "updated": 0,
      "hash_changes": 0,
      "voice_def_changes": 0
    },
    "bb": {
      "total": 24,
      "generated": 0,
      "skipped": 24,
      "errors": 0,
      "updated": 0,
      "hash_changes": 0,
      "voice_def_changes": 0
    },
    "bl": {
      "total": 26,
      "generated": 0,
      "skipped": 26,
      "errors": 0,
      "updated": 0,
      "hash_changes": 0,
      "voice_def_changes": 0
    },
    "ba": {
      "total": 9,
      "generated": 0,
      "skipped": 9,
      "errors": 0,
      "updated": 0,
      "hash_changes": 0,
      "voice_def_changes": 0
    },
    "bs": {
      "total": 6,
      "generated": 0,
      "skipped": 6,
      "errors": 0,
      "updated": 0,
      "hash_changes": 0,
      "voice_def_changes": 0
    },
    "bm": {
      "total": 15,
      "generated": 0,
      "skipped": 15,
      "errors": 0,
      "updated": 0,
      "hash_changes": 0,
      "voice_def_changes": 0
    },
    "aw": {
      "total": 22,
      "generated": 0,
      "skipped": 22,
      "errors": 0,
      "updated": 0,
      "hash_changes": 0,
      "voice_def_changes": 0
    },
    "af": {
      "total": 2,
      "generated": 0,
      "skipped": 2,
      "errors": 0,
      "updated": 0,
      "hash_changes": 0,
      "voice_def_changes": 0
    }
  },
  "generated_files": [],
  "errors": []
}