{
  "timestamp": "2025-03-12T20:30:38.222463",
  "config": {
    "model_name": "eleven_multilingual_v2",
    "csv_file": "newData/voiceSheet.csv",
    "output_dir": "game",
    "force_rehash": true,
    "dry_run": false
  },
  "statistics": {
    "total_entries": 3329,
    "processed": 3329,
    "skipped": 3085,
    "generated": 244,
    "updated_filenames": 244,
    "hash_changes_detected": 244,
    "errors": 0
  },
  "character_stats": {
    "nm": {
      "total": 32,
      "generated": 0,
      "skipped": 32,
      "errors": 0,
      "updated": 0,
      "hash_changes": 0
    },
    "fx": {
      "total": 1643,
      "generated": 156,
      "skipped": 1487,
      "errors": 0,
      "updated": 156,
      "hash_changes": 156
    },
    "ns": {
      "total": 52,
      "generated": 1,
      "skipped": 51,
      "errors": 0,
      "updated": 1,
      "hash_changes": 1
    },
    "lm": {
      "total": 459,
      "generated": 10,
      "skipped": 449,
      "errors": 0,
      "updated": 10,
      "hash_changes": 10
    },
    "nu": {
      "total": 33,
      "generated": 6,
      "skipped": 27,
      "errors": 0,
      "updated": 6,
      "hash_changes": 6
    },
    "sh": {
      "total": 46,
      "generated": 0,
      "skipped": 46,
      "errors": 0,
      "updated": 0,
      "hash_changes": 0
    },
    "g1": {
      "total": 73,
      "generated": 0,
      "skipped": 73,
      "errors": 0,
      "updated": 0,
      "hash_changes": 0
    },
    "g2": {
      "total": 140,
      "generated": 2,
      "skipped": 138,
      "errors": 0,
      "updated": 2,
      "hash_changes": 2
    },
    "hn": {
      "total": 93,
      "generated": 4,
      "skipped": 89,
      "errors": 0,
      "updated": 4,
      "hash_changes": 4
    },
    "ar": {
      "total": 368,
      "generated": 44,
      "skipped": 324,
      "errors": 0,
      "updated": 44,
      "hash_changes": 44
    },
    "kl": {
      "total": 220,
      "generated": 10,
      "skipped": 210,
      "errors": 0,
      "updated": 10,
      "hash_changes": 10
    },
    "bd": {
      "total": 39,
      "generated": 5,
      "skipped": 34,
      "errors": 0,
      "updated": 5,
      "hash_changes": 5
    },
    "void": {
      "total": 5,
      "generated": 0,
      "skipped": 5,
      "errors": 0,
      "updated": 0,
      "hash_changes": 0
    },
    "ua": {
      "total": 22,
      "generated": 5,
      "skipped": 17,
      "errors": 0,
      "updated": 5,
      "hash_changes": 5
    },
    "bb": {
      "total": 24,
      "generated": 0,
      "skipped": 24,
      "errors": 0,
      "updated": 0,
      "hash_changes": 0
    },
    "bl": {
      "total": 26,
      "generated": 1,
      "skipped": 25,
      "errors": 0,
      "updated": 1,
      "hash_changes": 1
    },
    "ba": {
      "total": 9,
      "generated": 0,
      "skipped": 9,
      "errors": 0,
      "updated": 0,
      "hash_changes": 0
    },
    "bs": {
      "total": 6,
      "generated": 0,
      "skipped": 6,
      "errors": 0,
      "updated": 0,
      "hash_changes": 0
    },
    "bm": {
      "total": 15,
      "generated": 0,
      "skipped": 15,
      "errors": 0,
      "updated": 0,
      "hash_changes": 0
    },
    "aw": {
      "total": 22,
      "generated": 0,
      "skipped": 22,
      "errors": 0,
      "updated": 0,
      "hash_changes": 0
    },
    "af": {
      "total": 2,
      "generated": 0,
      "skipped": 2,
      "errors": 0,
      "updated": 0,
      "hash_changes": 0
    }
  },
  "generated_files": [
    {
      "voice_id": "2ae4676f-960c-4d89-be80-a2b18805a459",
      "speaker": "nu",
      "text": "Pick a blessing, kid, and let's crank it up.\\nWe're not here to tiptoe around.",
      "file_name": "voice_ex/nu-6b95f9-Pick_a_blessing_kid_and_let-244445ee.mp3",
      "reason": "hash change",
      "hash_changed": true
    },
    {
      "voice_id": "5126f0b3-84bc-475c-b8bf-3a45666db9f2",
      "speaker": "nu",
      "text": "Life's a stage, kid, and you're the lead act.\\nJust remember, even in the darkest mosh pit, there's ...",
      "file_name": "voice_ex/nu-6b95f9-Lifes_a_stage_kid_and_your-3c4778ef.mp3",
      "reason": "hash change",
      "hash_changed": true
    },
    {
      "voice_id": "1aeee388-368a-414c-81f5-82214423d044",
      "speaker": "nu",
      "text": "You got it! My blessings are like power chords! Now, what'll it be?\\nA face-melting solo or an earth...",
      "file_name": "voice_ex/nu-6b95f9-You_got_it_My_blessings_are_l-84b99ef7.mp3",
      "reason": "hash change",
      "hash_changed": true
    },
    {
      "voice_id": "c310c7c5-385f-4059-b204-fba417240dbf",
      "speaker": "nu",
      "text": "Forget all that noise! Investigation? Pfft!\\nRock is the answer, kid! Let's just blast everything aw...",
      "file_name": "voice_ex/nu-6b95f9-Forget_all_that_noise_Investi-5277906f.mp3",
      "reason": "hash change",
      "hash_changed": true
    },
    {
      "voice_id": "d0a6970a-2647-4611-ba75-6195a44a3ea6",
      "speaker": "fx",
      "text": "Yeah, she's... quite the character.\\nAll that talk about celestial cocktails and stuff.",
      "file_name": "voice_ex/fx-685d29-Yeah_shes..._quite_the_chara-f3e005f8.mp3",
      "reason": "hash change",
      "hash_changed": true
    },
    {
      "voice_id": "7d78c755-7ed9-4cf4-99d7-fb9bd63d8948",
      "speaker": "nu",
      "text": "So, you smashed ol' Baphomet to pieces, huh? But you're still hanging around here. What gives?",
      "file_name": "voice_ex/nu-6b95f9-So_you_smashed_ol_Baphomet_t-ff8d0dba.mp3",
      "reason": "hash change",
      "hash_changed": true
    },
    {
      "voice_id": "b034a2f2-2301-4a7a-a6fb-0213e3f445d2",
      "speaker": "fx",
      "text": "You tell me. Beat the big deer, saved the day, but now it's like I'm stuck in a cosmic waiting room.",
      "file_name": "voice_ex/fx-685d29-You_tell_me._Beat_the_big_deer-3c9fd5ae.mp3",
      "reason": "hash change",
      "hash_changed": true
    },
    {
      "voice_id": "01e552be-2c9e-4b23-bc54-886e04379d7e",
      "speaker": "nu",
      "text": "Pfft, waiting room? Nah, this is the calm before the storm, kid! The stage is setting up for somethi...",
      "file_name": "voice_ex/nu-6b95f9-Pfft_waiting_room_Nah_this_-d09dffb6.mp3",
      "reason": "hash change",
      "hash_changed": true
    },
    {
      "voice_id": "c57dc0c4-516d-479a-94b9-815e2a87ad59",
      "speaker": "fx",
      "text": "Right. Time to crank it up to eleven and blast through whatever's holding me back!",
      "file_name": "voice_ex/fx-685d29-Right._Time_to_crank_it_up_to_-832d13f6.mp3",
      "reason": "hash change",
      "hash_changed": true
    },
    {
      "voice_id": "607f29d0-f8d2-4145-ad35-958c2f457136",
      "speaker": "lm",
      "text": "Let's not keep it waiting, meow!",
      "file_name": "voice_ex/lm-2e37f8-Lets_not_keep_it_waiting_meo-717a16c5.mp3",
      "reason": "hash change",
      "hash_changed": true
    },
    {
      "voice_id": "221ecdfc-ddc6-4eda-b5d7-895e95db1fee",
      "speaker": "fx",
      "text": "I'm on fire!",
      "file_name": "voice_ex/fx-685d29-Im_on_fire-d6540d27.mp3",
      "reason": "hash change",
      "hash_changed": true
    },
    {
      "voice_id": "2705ef29-a14c-4b60-bca4-ecc118bcaf69",
      "speaker": "fx",
      "text": "That's how we clear a path!",
      "file_name": "voice_ex/fx-685d29-Thats_how_we_clear_a_path-0aab6abb.mp3",
      "reason": "hash change",
      "hash_changed": true
    },
    {
      "voice_id": "91b5ff7c-8803-4984-9f1a-0227dd1c6533",
      "speaker": "lm",
      "text": "Boom!",
      "file_name": "voice_ex/lm-2e37f8-Boom-482b680d.mp3",
      "reason": "hash change",
      "hash_changed": true
    },
    {
      "voice_id": "33d2d645-e971-42c4-b888-c3cf75bcfd96",
      "speaker": "lm",
      "text": "I could do this all day, meow!",
      "file_name": "voice_ex/lm-2e37f8-I_could_do_this_all_day_meow-a9b5e4ae.mp3",
      "reason": "hash change",
      "hash_changed": true
    },
    {
      "voice_id": "8f851a6e-463b-49bc-9049-3eca79b08706",
      "speaker": "fx",
      "text": "Argh!",
      "file_name": "voice_ex/fx-685d29-Argh-d2a921dc.mp3",
      "reason": "hash change",
      "hash_changed": true
    },
    {
      "voice_id": "200783e4-301e-499b-81a4-dd9a2327d714",
      "speaker": "fx",
      "text": "Argh...",
      "file_name": "voice_ex/fx-685d29-Argh...-035d9345.mp3",
      "reason": "hash change",
      "hash_changed": true
    },
    {
      "voice_id": "f0cd9f73-efe6-4ac5-9ca1-f6ded0c76cbc",
      "speaker": "lm",
      "text": "No!",
      "file_name": "voice_ex/lm-2e37f8-No-2b49fa83.mp3",
      "reason": "hash change",
      "hash_changed": true
    },
    {
      "voice_id": "89e77acc-a533-4b47-a407-5aaa44a8298f",
      "speaker": "lm",
      "text": "Meeeow!",
      "file_name": "voice_ex/lm-2e37f8-Meeeow-9765d344.mp3",
      "reason": "hash change",
      "hash_changed": true
    },
    {
      "voice_id": "211c9370-a931-4b06-8b8b-6fe55dc54ce5",
      "speaker": "lm",
      "text": "Deep breaths now!",
      "file_name": "voice_ex/lm-2e37f8-Deep_breaths_now-a0515342.mp3",
      "reason": "hash change",
      "hash_changed": true
    },
    {
      "voice_id": "28556752-2a42-4e69-8288-25f7a384a7eb",
      "speaker": "lm",
      "text": "Come at me, bro.",
      "file_name": "voice_ex/lm-2e37f8-Come_at_me_bro.-50a2adb1.mp3",
      "reason": "hash change",
      "hash_changed": true
    },
    {
      "voice_id": "e2a0f7d3-8e19-4291-a6e8-3fb320ed9dc7",
      "speaker": "lm",
      "text": "Let's go!",
      "file_name": "voice_ex/lm-2e37f8-Lets_go-634efc07.mp3",
      "reason": "hash change",
      "hash_changed": true
    },
    {
      "voice_id": "956a28ad-251f-48a8-84c1-b96869bc585d",
      "speaker": "lm",
      "text": "Let's go!",
      "file_name": "voice_ex/lm-2e37f8-Lets_go-634efc07.mp3",
      "reason": "hash change",
      "hash_changed": true
    },
    {
      "voice_id": "a49543ff-639c-41a0-ac3e-bdcf2e6398cc",
      "speaker": "fx",
      "text": "Time to show them what we're made of!",
      "file_name": "voice_ex/fx-685d29-Time_to_show_them_what_were_m-38e853b8.mp3",
      "reason": "hash change",
      "hash_changed": true
    },
    {
      "voice_id": "87160544-fe70-4719-b382-c1b3bb439e09",
      "speaker": "fx",
      "text": "Looks like we're up against a challenge, Lumi.",
      "file_name": "voice_ex/fx-685d29-Looks_like_were_up_against_a_-9f787815.mp3",
      "reason": "hash change",
      "hash_changed": true
    },
    {
      "voice_id": "0f110e83-56bc-4df7-a243-643626a83743",
      "speaker": "fx",
      "text": "Glad you're enjoying yourself!",
      "file_name": "voice_ex/fx-685d29-Glad_youre_enjoying_yourself-7bd0cca5.mp3",
      "reason": "hash change",
      "hash_changed": true
    },
    {
      "voice_id": "b2f8d6d8-f9e2-4ae5-b057-69c6e4be56fa",
      "speaker": "fx",
      "text": "Never do when I'm involved.",
      "file_name": "voice_ex/fx-685d29-Never_do_when_Im_involved.-2bf1b68a.mp3",
      "reason": "hash change",
      "hash_changed": true
    },
    {
      "voice_id": "f43e80a6-2826-4d17-8f0f-2844befabb10",
      "speaker": "fx",
      "text": "That's what I call a victory.",
      "file_name": "voice_ex/fx-685d29-Thats_what_I_call_a_victory.-3ec06959.mp3",
      "reason": "hash change",
      "hash_changed": true
    },
    {
      "voice_id": "5aad9078-a7c1-45e8-8edf-792bae1bbce4",
      "speaker": "fx",
      "text": "Let's see if he's really got anything useful.",
      "file_name": "voice_ex/fx-685d29-Lets_see_if_hes_really_got_a-b88b1c9d.mp3",
      "reason": "hash change",
      "hash_changed": true
    },
    {
      "voice_id": "816d4535-7603-4f09-a38f-11a11453fd7b",
      "speaker": "fx",
      "text": "Alright, Shay. So what exactly are you using the Amber Dust for?",
      "file_name": "voice_ex/fx-685d29-Alright_Shay._So_what_exactly-54df897a.mp3",
      "reason": "hash change",
      "hash_changed": true
    },
    {
      "voice_id": "c01a64dd-9237-41fd-9141-aa87a4c616f6",
      "speaker": "fx",
      "text": "Shay, how long have you been here? Don't tell me... you've been here for 500 years?",
      "file_name": "voice_ex/fx-685d29-Shay_how_long_have_you_been_h-9aeb1f67.mp3",
      "reason": "hash change",
      "hash_changed": true
    },
    {
      "voice_id": "76113562-9944-4132-91af-084881d03f6a",
      "speaker": "fx",
      "text": "Oh, look who's back. Shay's portal again.",
      "file_name": "voice_ex/fx-685d29-Oh_look_whos_back._Shays_po-e5685b99.mp3",
      "reason": "hash change",
      "hash_changed": true
    },
    {
      "voice_id": "ffd19534-8166-4331-8e99-58e190ecde37",
      "speaker": "fx",
      "text": "Ah, there's Shay's portal. Time to see what he's up to.",
      "file_name": "voice_ex/fx-685d29-Ah_theres_Shays_portal._Tim-21cf58f1.mp3",
      "reason": "hash change",
      "hash_changed": true
    },
    {
      "voice_id": "6dccbd87-6d81-4558-9aaf-64fcdc4b635c",
      "speaker": "fx",
      "text": "Looks like Shay's portal again. I wonder what he's got in stock this time.",
      "file_name": "voice_ex/fx-685d29-Looks_like_Shays_portal_again-5919cf71.mp3",
      "reason": "hash change",
      "hash_changed": true
    },
    {
      "voice_id": "26a50c52-d1d7-43f4-92e5-d853caaa580b",
      "speaker": "fx",
      "text": "Oh, there's Shay again. Let's go say hi.",
      "file_name": "voice_ex/fx-685d29-Oh_theres_Shay_again._Lets_-4927347e.mp3",
      "reason": "hash change",
      "hash_changed": true
    },
    {
      "voice_id": "8984a57a-455c-4bab-9e00-bd03c8c8d8e0",
      "speaker": "fx",
      "text": "Aw, come on. He's not that bad.",
      "file_name": "voice_ex/fx-685d29-Aw_come_on._Hes_not_that_bad-b6e270b4.mp3",
      "reason": "hash change",
      "hash_changed": true
    },
    {
      "voice_id": "8735286a-8157-45fe-b3de-21943436a988",
      "speaker": "fx",
      "text": "Yes, Lumi. He's got useful stuff sometimes.",
      "file_name": "voice_ex/fx-685d29-Yes_Lumi._Hes_got_useful_stu-1b3e2823.mp3",
      "reason": "hash change",
      "hash_changed": true
    },
    {
      "voice_id": "aeaa3c94-b529-4f37-a9b6-b71acf283220",
      "speaker": "fx",
      "text": "Another trip into Shay's little pocket of space.",
      "file_name": "voice_ex/fx-685d29-Another_trip_into_Shays_littl-36cf62e8.mp3",
      "reason": "hash change",
      "hash_changed": true
    },
    {
      "voice_id": "332710f5-0111-44cf-9434-1cff0d597328",
      "speaker": "fx",
      "text": "Let's see if Shay's inventory has improved.",
      "file_name": "voice_ex/fx-685d29-Lets_see_if_Shays_inventory_-16eae6dd.mp3",
      "reason": "hash change",
      "hash_changed": true
    },
    {
      "voice_id": "2a71dacc-4032-43ba-aab9-36330c3fb717",
      "speaker": "fx",
      "text": "I wonder if Shay's hiding anything interesting back there.",
      "file_name": "voice_ex/fx-685d29-I_wonder_if_Shays_hiding_anyt-8c5128d9.mp3",
      "reason": "hash change",
      "hash_changed": true
    },
    {
      "voice_id": "f699be31-4186-411b-b632-e9974b8c1340",
      "speaker": "fx",
      "text": "I think I'll actually get some use out of this.",
      "file_name": "voice_ex/fx-685d29-I_think_Ill_actually_get_some-4f209555.mp3",
      "reason": "hash change",
      "hash_changed": true
    },
    {
      "voice_id": "a60101db-3760-4870-b0ed-878b520fa84c",
      "speaker": "fx",
      "text": "Not sure if this is the best, but it's something.",
      "file_name": "voice_ex/fx-685d29-Not_sure_if_this_is_the_best_-2a7ec909.mp3",
      "reason": "hash change",
      "hash_changed": true
    },
    {
      "voice_id": "3025ec91-8fff-48b6-9ba1-75835ff3d3e0",
      "speaker": "fx",
      "text": "Let's hope this turns out better than it looks.",
      "file_name": "voice_ex/fx-685d29-Lets_hope_this_turns_out_bett-66a476a1.mp3",
      "reason": "hash change",
      "hash_changed": true
    },
    {
      "voice_id": "a86133cc-7759-48a8-8935-10978beff0ff",
      "speaker": "fx",
      "text": "Well, it's too late to second-guess now. Let's see if it works.",
      "file_name": "voice_ex/fx-685d29-Well_its_too_late_to_second--665059ac.mp3",
      "reason": "hash change",
      "hash_changed": true
    },
    {
      "voice_id": "269c2144-7cc7-4681-b7ff-51fbb8655ad3",
      "speaker": "fx",
      "text": "Not enough Dust?",
      "file_name": "voice_ex/fx-685d29-Not_enough_Dust-7c9e4490.mp3",
      "reason": "hash change",
      "hash_changed": true
    },
    {
      "voice_id": "267aa470-e01a-44a7-9241-f30efd57bca3",
      "speaker": "fx",
      "text": "Guess I don't have enough Dust.",
      "file_name": "voice_ex/fx-685d29-Guess_I_dont_have_enough_Dust-6c1d2d94.mp3",
      "reason": "hash change",
      "hash_changed": true
    },
    {
      "voice_id": "084761bd-3a4f-4c01-8c8f-79593d2be34d",
      "speaker": "fx",
      "text": "Out of Dust, huh?",
      "file_name": "voice_ex/fx-685d29-Out_of_Dust_huh-d198dd67.mp3",
      "reason": "hash change",
      "hash_changed": true
    },
    {
      "voice_id": "782749b9-3fbb-45e0-a544-b536a2be4402",
      "speaker": "fx",
      "text": "Looks like I need more Dust to buy this.",
      "file_name": "voice_ex/fx-685d29-Looks_like_I_need_more_Dust_to-ccd9ec81.mp3",
      "reason": "hash change",
      "hash_changed": true
    },
    {
      "voice_id": "ccf01d36-cf2b-41a3-8bf4-e64687d53140",
      "speaker": "fx",
      "text": "Well, that was interesting. Let's move on.",
      "file_name": "voice_ex/fx-685d29-Well_that_was_interesting._Le-8439b1a6.mp3",
      "reason": "hash change",
      "hash_changed": true
    },
    {
      "voice_id": "c041ce0c-5f19-4a6d-b1e6-bccd2bd097f9",
      "speaker": "fx",
      "text": "Shay's place always feels a bit... odd.",
      "file_name": "voice_ex/fx-685d29-Shays_place_always_feels_a_bi-1a193668.mp3",
      "reason": "hash change",
      "hash_changed": true
    },
    {
      "voice_id": "b8b922a7-f9cc-437c-a08c-82627f5d4b2d",
      "speaker": "fx",
      "text": "At least it wasn't a complete waste of time.",
      "file_name": "voice_ex/fx-685d29-At_least_it_wasnt_a_complete_-fc07f7ad.mp3",
      "reason": "hash change",
      "hash_changed": true
    },
    {
      "voice_id": "36364c9e-472c-41bc-803d-a8527b0631a1",
      "speaker": "fx",
      "text": "I guess that's all we needed from here.",
      "file_name": "voice_ex/fx-685d29-I_guess_thats_all_we_needed_f-bb0fc3bd.mp3",
      "reason": "hash change",
      "hash_changed": true
    },
    {
      "voice_id": "4e22e578-c140-4187-aa08-bf2a41fd64ea",
      "speaker": "fx",
      "text": "Let's not linger here.",
      "file_name": "voice_ex/fx-685d29-Lets_not_linger_here.-06c9f5be.mp3",
      "reason": "hash change",
      "hash_changed": true
    },
    {
      "voice_id": "82682a48-25fc-4624-a93d-fda447fef2d6",
      "speaker": "fx",
      "text": "Shay's inventory wasn't great this time.",
      "file_name": "voice_ex/fx-685d29-Shays_inventory_wasnt_great_-5d2fd5e4.mp3",
      "reason": "hash change",
      "hash_changed": true
    },
    {
      "voice_id": "04543c8a-86db-4979-aef8-22675b0e04a1",
      "speaker": "fx",
      "text": "Well, I didn't see anything worth spending Dust on.",
      "file_name": "voice_ex/fx-685d29-Well_I_didnt_see_anything_wo-5d9d1668.mp3",
      "reason": "hash change",
      "hash_changed": true
    },
    {
      "voice_id": "7df9ac23-af78-4880-b3b0-f755ddf99837",
      "speaker": "g2",
      "text": "It's a Pea! Pea!",
      "file_name": "voice_ex/g2-6b95f9-Its_a_Pea_Pea-3f44e789.mp3",
      "reason": "hash change",
      "hash_changed": true
    },
    {
      "voice_id": "52b46870-c2c6-4f64-8ae3-ed1b9decbc51",
      "speaker": "fx",
      "text": "A cat... sorry, <i>not</i>-cat defending Ariella's honor. Now that's something I'd pay to see.",
      "file_name": "voice_ex/fx-685d29-A_cat..._sorry_inoti-cat-63454751.mp3",
      "reason": "hash change",
      "hash_changed": true
    },
    {
      "voice_id": "dae855f9-f5b9-441e-a1cb-29f5af81b8e0",
      "speaker": "fx",
      "text": "A stag-headed demon? Terrifying. What's next, a bunny demon?",
      "file_name": "voice_ex/fx-685d29-A_stag-headed_demon_Terrifyin-bb38e5b2.mp3",
      "reason": "hash change",
      "hash_changed": true
    },
    {
      "voice_id": "30632932-675f-45f7-9036-0f77ac9a4209",
      "speaker": "fx",
      "text": "What's this? A magical hoverboard?",
      "file_name": "voice_ex/fx-685d29-Whats_this_A_magical_hoverbo-6254c085.mp3",
      "reason": "hash change",
      "hash_changed": true
    },
    {
      "voice_id": "f698f043-e66c-4027-b6e3-4ecd69386882",
      "speaker": "fx",
      "text": "This is fun! Let's send 'em all flying!",
      "file_name": "voice_ex/fx-685d29-This_is_fun_Lets_send_em_al-f237ee0f.mp3",
      "reason": "hash change",
      "hash_changed": true
    },
    {
      "voice_id": "ca543377-99d4-4f6b-92c5-4721be4dffba",
      "speaker": "fx",
      "text": "What's this? A shield bubble? Looks sturdy enough.",
      "file_name": "voice_ex/fx-685d29-Whats_this_A_shield_bubble_-913c4f54.mp3",
      "reason": "hash change",
      "hash_changed": true
    },
    {
      "voice_id": "9a8b341f-6d79-4a04-821b-930b8b96cc90",
      "speaker": "fx",
      "text": "Not bad. Let's give it a test run.",
      "file_name": "voice_ex/fx-685d29-Not_bad._Lets_give_it_a_test_-cc47e382.mp3",
      "reason": "hash change",
      "hash_changed": true
    },
    {
      "voice_id": "da3059a1-ade7-41ae-82c9-7c757dc102a1",
      "speaker": "fx",
      "text": "Yeah, it's kicking in. I feel a bit better.",
      "file_name": "voice_ex/fx-685d29-Yeah_its_kicking_in._I_feel_-91177824.mp3",
      "reason": "hash change",
      "hash_changed": true
    },
    {
      "voice_id": "484a1872-40af-4e91-8b9c-1483c2b66fee",
      "speaker": "fx",
      "text": "Didn't think I'd need the pendant, but now I'm glad I have it.",
      "file_name": "voice_ex/fx-685d29-Didnt_think_Id_need_the_pend-4e732815.mp3",
      "reason": "hash change",
      "hash_changed": true
    },
    {
      "voice_id": "4de55cac-4ad6-4d73-b675-029fb89981c6",
      "speaker": "fx",
      "text": "This pendant's doing its job. Not bad.",
      "file_name": "voice_ex/fx-685d29-This_pendants_doing_its_job._-1789d242.mp3",
      "reason": "hash change",
      "hash_changed": true
    },
    {
      "voice_id": "0865be20-a747-459f-b30b-9330b7f86077",
      "speaker": "fx",
      "text": "It's not much, but it's helping. Thanks, Ariella.",
      "file_name": "voice_ex/fx-685d29-Its_not_much_but_its_helpin-15113dc2.mp3",
      "reason": "hash change",
      "hash_changed": true
    },
    {
      "voice_id": "239e1168-0c09-4d2f-8e11-cedd0860e8cf",
      "speaker": "fx",
      "text": "Useful, sure. Let's not get carried away, though.",
      "file_name": "voice_ex/fx-685d29-Useful_sure._Lets_not_get_ca-349d74b1.mp3",
      "reason": "hash change",
      "hash_changed": true
    },
    {
      "voice_id": "b70a543e-ed2a-480d-b90b-0be264d27cfc",
      "speaker": "fx",
      "text": "It's working, I'll give her that. For now.",
      "file_name": "voice_ex/fx-685d29-Its_working_Ill_give_her_th-64893148.mp3",
      "reason": "hash change",
      "hash_changed": true
    },
    {
      "voice_id": "aa2b9d03-0243-4be0-963f-08cc5eb4f3c3",
      "speaker": "fx",
      "text": "It's doing something... just not a ton.",
      "file_name": "voice_ex/fx-685d29-Its_doing_something..._just_n-9325e555.mp3",
      "reason": "hash change",
      "hash_changed": true
    },
    {
      "voice_id": "9458f655-2be7-4bf8-88f1-209b8a15a7ed",
      "speaker": "fx",
      "text": "Alright, it's useful. I'll admit that much.",
      "file_name": "voice_ex/fx-685d29-Alright_its_useful._Ill_adm-327d3873.mp3",
      "reason": "hash change",
      "hash_changed": true
    },
    {
      "voice_id": "cba8d7c4-a698-4dd0-8767-ba6c374368f6",
      "speaker": "fx",
      "text": "Let's knock them all out of the way!",
      "file_name": "voice_ex/fx-685d29-Lets_knock_them_all_out_of_th-9b34b37c.mp3",
      "reason": "hash change",
      "hash_changed": true
    },
    {
      "voice_id": "571df955-0f38-41dd-a063-9f64f920611f",
      "speaker": "fx",
      "text": "Yeah, this thing's got some serious horsepower!",
      "file_name": "voice_ex/fx-685d29-Yeah_this_things_got_some_se-4dc7e0e0.mp3",
      "reason": "hash change",
      "hash_changed": true
    },
    {
      "voice_id": "bd1e6892-8040-4e3e-b123-2a32cd25c1bf",
      "speaker": "fx",
      "text": "As long as I don't hit a wall, sure.",
      "file_name": "voice_ex/fx-685d29-As_long_as_I_dont_hit_a_wall-f7580b11.mp3",
      "reason": "hash change",
      "hash_changed": true
    },
    {
      "voice_id": "f4bce836-eb3f-47cf-bf30-0f1e2cbe543e",
      "speaker": "fx",
      "text": "This is what I'm talking about! Speed and power!",
      "file_name": "voice_ex/fx-685d29-This_is_what_Im_talking_about-b84dd01e.mp3",
      "reason": "hash change",
      "hash_changed": true
    },
    {
      "voice_id": "0916d577-de84-4a6d-a31d-4e938c791ff6",
      "speaker": "fx",
      "text": "Nothing's stopping me now!",
      "file_name": "voice_ex/fx-685d29-Nothings_stopping_me_now-03f8c0eb.mp3",
      "reason": "hash change",
      "hash_changed": true
    },
    {
      "voice_id": "956af0e2-d9a4-4fef-9a3a-6f5775b277de",
      "speaker": "fx",
      "text": "Yeah, as long as I avoid crashing, I'm good.",
      "file_name": "voice_ex/fx-685d29-Yeah_as_long_as_I_avoid_crash-4ae0386f.mp3",
      "reason": "hash change",
      "hash_changed": true
    },
    {
      "voice_id": "84860524-33b2-4501-844e-69730c73e00a",
      "speaker": "fx",
      "text": "Let's see how far this thing can go!",
      "file_name": "voice_ex/fx-685d29-Lets_see_how_far_this_thing_c-ca52e2b2.mp3",
      "reason": "hash change",
      "hash_changed": true
    },
    {
      "voice_id": "a0d3b42e-e5a6-4d1d-ac42-95b30212bbb3",
      "speaker": "lm",
      "text": "This is so much fun!",
      "file_name": "voice_ex/lm-2e37f8-This_is_so_much_fun-a6e16b99.mp3",
      "reason": "hash change",
      "hash_changed": true
    },
    {
      "voice_id": "94492c4d-1f37-49b2-8608-1931f6e79a0d",
      "speaker": "fx",
      "text": "Let's go!",
      "file_name": "voice_ex/fx-685d29-Lets_go-634efc07.mp3",
      "reason": "hash change",
      "hash_changed": true
    },
    {
      "voice_id": "167fd355-0030-439d-96c3-ff6f3dae1d8f",
      "speaker": "fx",
      "text": "Let's see if this can really hold up.",
      "file_name": "voice_ex/fx-685d29-Lets_see_if_this_can_really_h-503a71fa.mp3",
      "reason": "hash change",
      "hash_changed": true
    },
    {
      "voice_id": "dda5432d-ddde-40bd-8c90-47a67daffa63",
      "speaker": "fx",
      "text": "Alright, let's test this shield out.",
      "file_name": "voice_ex/fx-685d29-Alright_lets_test_this_shiel-b79afc45.mp3",
      "reason": "hash change",
      "hash_changed": true
    },
    {
      "voice_id": "87dd20c9-5d42-4ce7-9313-c6bf110599b0",
      "speaker": "fx",
      "text": "Perfect. Let's see how much damage this can block.",
      "file_name": "voice_ex/fx-685d29-Perfect._Lets_see_how_much_da-e98c1c2f.mp3",
      "reason": "hash change",
      "hash_changed": true
    },
    {
      "voice_id": "8766cb53-89f5-40a2-993d-b51fdb8e5d55",
      "speaker": "fx",
      "text": "Not bad! I'll take it!",
      "file_name": "voice_ex/fx-685d29-Not_bad_Ill_take_it-e996e28e.mp3",
      "reason": "hash change",
      "hash_changed": true
    },
    {
      "voice_id": "5ba18cf2-a4c9-45af-9ad9-28dc8f67c727",
      "speaker": "fx",
      "text": "Let's hope this thing lasts.",
      "file_name": "voice_ex/fx-685d29-Lets_hope_this_thing_lasts.-0ae3fa47.mp3",
      "reason": "hash change",
      "hash_changed": true
    },
    {
      "voice_id": "aa2e64e6-a760-4195-949d-ce368bf4490a",
      "speaker": "fx",
      "text": "Feels like I'm in a bubble. A safe one!",
      "file_name": "voice_ex/fx-685d29-Feels_like_Im_in_a_bubble._A_-99a8e41b.mp3",
      "reason": "hash change",
      "hash_changed": true
    },
    {
      "voice_id": "6a637fad-b3f5-4d8a-9640-11bb10c1d8d1",
      "speaker": "fx",
      "text": "Alright, Shield Bracer. Show me what you've got.",
      "file_name": "voice_ex/fx-685d29-Alright_Shield_Bracer._Show_m-1d881ec0.mp3",
      "reason": "hash change",
      "hash_changed": true
    },
    {
      "voice_id": "e0562bde-5d44-4224-8c88-92aa146b5daf",
      "speaker": "fx",
      "text": "Time for something different.",
      "file_name": "voice_ex/fx-685d29-Time_for_something_different.-e379e098.mp3",
      "reason": "hash change",
      "hash_changed": true
    },
    {
      "voice_id": "a8e8ea10-a7d0-4931-94f0-dc454fa4c3e6",
      "speaker": "fx",
      "text": "Let's see how this one performs.",
      "file_name": "voice_ex/fx-685d29-Lets_see_how_this_one_perform-05d14f65.mp3",
      "reason": "hash change",
      "hash_changed": true
    },
    {
      "voice_id": "bda47dab-fa11-41f8-8fcf-4d683305cb93",
      "speaker": "fx",
      "text": "Be back later.",
      "file_name": "voice_ex/fx-685d29-Be_back_later.-e6bac869.mp3",
      "reason": "hash change",
      "hash_changed": true
    },
    {
      "voice_id": "422cec00-df5f-418f-9f4c-ddeb58fb6796",
      "speaker": "fx",
      "text": "I have a good feeling about this one.",
      "file_name": "voice_ex/fx-685d29-I_have_a_good_feeling_about_th-45029880.mp3",
      "reason": "hash change",
      "hash_changed": true
    },
    {
      "voice_id": "88be8fb1-2780-4a3d-8a86-cf879c344eeb",
      "speaker": "fx",
      "text": "That's better.",
      "file_name": "voice_ex/fx-685d29-Thats_better.-7581bb84.mp3",
      "reason": "hash change",
      "hash_changed": true
    },
    {
      "voice_id": "96e09d67-dd93-4b1c-908e-199008994bdd",
      "speaker": "fx",
      "text": "Nice!",
      "file_name": "voice_ex/fx-685d29-Nice-a8a83f58.mp3",
      "reason": "hash change",
      "hash_changed": true
    },
    {
      "voice_id": "8bd0b3e1-5754-49ee-8ef3-1427758942fd",
      "speaker": "fx",
      "text": "I'm an overachiever. Besides, practice makes perfect",
      "file_name": "voice_ex/fx-685d29-Im_an_overachiever._Besides_-725e07d5.mp3",
      "reason": "hash change",
      "hash_changed": true
    },
    {
      "voice_id": "e74d4bf7-26b8-48c4-a92c-7178762b34dc",
      "speaker": "hn",
      "text": "Forth resurrections. I should get you a gold membership card at this point.",
      "file_name": "voice_ex/hn-6b95f9-Forth_resurrections._I_should_-65a1ce43.mp3",
      "reason": "hash change",
      "hash_changed": true
    },
    {
      "voice_id": "f5b975c0-960c-4023-9a98-1444bead8158",
      "speaker": "fx",
      "text": "Don't flatter yourself. I'm just here for the respawn service.",
      "file_name": "voice_ex/fx-685d29-Dont_flatter_yourself._Im_ju-0d0f1502.mp3",
      "reason": "hash change",
      "hash_changed": true
    },
    {
      "voice_id": "4a7dfe62-a418-46c2-9c03-a80f1f1fa3d5",
      "speaker": "fx",
      "text": "Nah, wouldn't dream of it.\\nLast thing I need is to get buried under an avalanche.",
      "file_name": "voice_ex/fx-685d29-Nah_wouldnt_dream_of_it.nLa-236cb3c3.mp3",
      "reason": "hash change",
      "hash_changed": true
    },
    {
      "voice_id": "0f346c9e-6006-4733-aeed-55317e1c97aa",
      "speaker": "fx",
      "text": "Though, seeing you 'melt' might be a sight to behold.",
      "file_name": "voice_ex/fx-685d29-Though_seeing_you_melt_migh-b1af1b3b.mp3",
      "reason": "hash change",
      "hash_changed": true
    },
    {
      "voice_id": "fcf220b1-75ff-4349-80e6-112086e28c67",
      "speaker": "fx",
      "text": "If you mean noble manners and etiquette, you'd better not hold your breath. A demon hunter doesn't n...",
      "file_name": "voice_ex/fx-685d29-If_you_mean_noble_manners_and_-2f464235.mp3",
      "reason": "hash change",
      "hash_changed": true
    },
    {
      "voice_id": "430953af-8265-4a65-b96e-1d899ceaa5a4",
      "speaker": "fx",
      "text": "I had an interesting chat with Uriel.\\nHe had some... unique thoughts about your taste in music.",
      "file_name": "voice_ex/fx-685d29-I_had_an_interesting_chat_with-6bd74226.mp3",
      "reason": "hash change",
      "hash_changed": true
    },
    {
      "voice_id": "8496f138-1eb7-4a8f-a8b3-72f6bc523e1f",
      "speaker": "ar",
      "text": "His 'music' is about as subtle as a collapsing mountain.\\nHardly what I need to focus on the Seal.",
      "file_name": "voice_ex/ar-627f16-His_music_is_about_as_subtle-81cf45b9.mp3",
      "reason": "hash change",
      "hash_changed": true
    },
    {
      "voice_id": "73a10fcb-569b-4249-a8b0-9c4e0b7c43fd",
      "speaker": "ar",
      "text": "If I ever feel the need for a headache, I'll know who to call.",
      "file_name": "voice_ex/ar-627f16-If_I_ever_feel_the_need_for_a_-6d7d09ec.mp3",
      "reason": "hash change",
      "hash_changed": true
    },
    {
      "voice_id": "6437f0a2-9af6-4554-9e1c-733704701439",
      "speaker": "fx",
      "text": "Let's just say I made a deal with a certain angelic fellow,\\nwell, whom we both know. Terms and cond...",
      "file_name": "voice_ex/fx-685d29-Lets_just_say_I_made_a_deal_w-e9969ec7.mp3",
      "reason": "hash change",
      "hash_changed": true
    },
    {
      "voice_id": "5ceaa55b-5e1a-4c51-9036-c471cdbc67c3",
      "speaker": "ar",
      "text": "I see. Well, try not to abuse whatever...\\narrangement you have. We have work to do.",
      "file_name": "voice_ex/ar-627f16-I_see._Well_try_not_to_abuse_-6c4a0628.mp3",
      "reason": "hash change",
      "hash_changed": true
    },
    {
      "voice_id": "abd933d6-14a6-4364-a8ef-140a5af3c0df",
      "speaker": "fx",
      "text": "And here I thought we were having a moment.\\nBack to business as usual, I guess.",
      "file_name": "voice_ex/fx-685d29-And_here_I_thought_we_were_hav-5c8fca89.mp3",
      "reason": "hash change",
      "hash_changed": true
    },
    {
      "voice_id": "b263ad73-0794-4347-9442-68535d41c7bf",
      "speaker": "fx",
      "text": "Keeping an eye on Ariella, huh?\\nShouldn't it be the other way around?",
      "file_name": "voice_ex/fx-685d29-Keeping_an_eye_on_Ariella_huh-cd206e35.mp3",
      "reason": "hash change",
      "hash_changed": true
    },
    {
      "voice_id": "b2b272e3-6620-49aa-9b1a-fe44eb055ff1",
      "speaker": "fx",
      "text": "Young, old, rich, poor... I guess maybe not <i>super</i> rich. Never saw anyone like you.",
      "file_name": "voice_ex/fx-685d29-Young_old_rich_poor..._I_gu-37805cc1.mp3",
      "reason": "hash change",
      "hash_changed": true
    },
    {
      "voice_id": "915bae15-4709-45f1-b115-f90a5836c77f",
      "speaker": "fx",
      "text": "Ariella...",
      "file_name": "voice_ex/fx-685d29-Ariella...-471c60bd.mp3",
      "reason": "hash change",
      "hash_changed": true
    },
    {
      "voice_id": "0f8b2c07-c0ea-4337-962e-dc2ac4e349d6",
      "speaker": "fx",
      "text": "I didn''t think this mission would involve so much thinking. But okay. Priority is to find the Shado...",
      "file_name": "voice_ex/fx-685d29-I_didnt_think_this_mission_w-8fe80b45.mp3",
      "reason": "hash change",
      "hash_changed": true
    },
    {
      "voice_id": "3b5aed1a-a5ca-42bd-a489-8e6c736fe5c1",
      "speaker": "ar",
      "text": "So close... I'm so close. Time to finish this, Ariella.",
      "file_name": "voice_ex/ar-627f16-So_close..._Im_so_close._Time-21b7c06b.mp3",
      "reason": "hash change",
      "hash_changed": true
    },
    {
      "voice_id": "17786afc-f7b1-47da-a17b-843bf863dbba",
      "speaker": "ar",
      "text": "You know what's scarier than someone with power? Someone with nothing left to lose. I'm going to sea...",
      "file_name": "voice_ex/ar-627f16-You_know_whats_scarier_than_s-c37d208a.mp3",
      "reason": "hash change",
      "hash_changed": true
    },
    {
      "voice_id": "550e5de2-e9e5-4ed6-a034-7bb92ed1db15",
      "speaker": "bd",
      "text": "You're the same poor girl you've always been, a pawn in a game you don't understand.",
      "file_name": "voice_ex/bd-f15a42-Youre_the_same_poor_girl_you-5915b04b.mp3",
      "reason": "hash change",
      "hash_changed": true
    },
    {
      "voice_id": "be190c4d-d21a-4681-98cb-47719cfb2440",
      "speaker": "bd",
      "text": "Ah, nothing I despise so much as <i>duty</i>. I'll make you regret crawling back down that mountain.",
      "file_name": "voice_ex/bd-f15a42-Ah_nothing_I_despise_so_much_-64fa2d63.mp3",
      "reason": "hash change",
      "hash_changed": true
    },
    {
      "voice_id": "706ceae4-2337-453a-a24b-8f908618f1e2",
      "speaker": "ar",
      "text": "Nothing of the sort. I just want... to fix things.",
      "file_name": "voice_ex/ar-627f16-Nothing_of_the_sort._I_just_wa-7c7b60f6.mp3",
      "reason": "hash change",
      "hash_changed": true
    },
    {
      "voice_id": "e00cb313-261e-4ace-90e9-7f7568789be5",
      "speaker": "ar",
      "text": "I don't make false promises, Asmodeus. Say farewell to daylight!",
      "file_name": "voice_ex/ar-627f16-I_dont_make_false_promises_A-5d9a2129.mp3",
      "reason": "hash change",
      "hash_changed": true
    },
    {
      "voice_id": "c6893463-aa51-4578-8c0e-8b65e8cf4777",
      "speaker": "ar",
      "text": "You took everyone I knew, my family, my home. I'll have my revenge!",
      "file_name": "voice_ex/ar-627f16-You_took_everyone_I_knew_my_f-477cf936.mp3",
      "reason": "hash change",
      "hash_changed": true
    },
    {
      "voice_id": "98639606-3f09-4630-8445-9560f67cef71",
      "speaker": "ar",
      "text": "You''re sure this is the only way, Kaliel?",
      "file_name": "voice_ex/ar-627f16-Youre_sure_this_is_the_only_-14049aef.mp3",
      "reason": "hash change",
      "hash_changed": true
    },
    {
      "voice_id": "3a75af9d-f1a7-43fa-b92f-901466be6118",
      "speaker": "bd",
      "text": "You''ll regret this, Ashwood. You''ll cry tears of blood!",
      "file_name": "voice_ex/bd-f15a42-Youll_regret_this_Ashwood._-2d8b04b1.mp3",
      "reason": "hash change",
      "hash_changed": true
    },
    {
      "voice_id": "68a72bf0-63dd-40f5-9500-9b2314a8489b",
      "speaker": "ar",
      "text": "No more running!",
      "file_name": "voice_ex/ar-627f16-No_more_running-1addd8b2.mp3",
      "reason": "hash change",
      "hash_changed": true
    },
    {
      "voice_id": "a854f1ce-febe-4da2-ad7c-eaff3ca07f34",
      "speaker": "ar",
      "text": "Don't stand in my way.",
      "file_name": "voice_ex/ar-627f16-Dont_stand_in_my_way.-655abc60.mp3",
      "reason": "hash change",
      "hash_changed": true
    },
    {
      "voice_id": "2caf29f5-6f6f-4b5e-bdb4-833956b99337",
      "speaker": "ar",
      "text": "Just a little more...",
      "file_name": "voice_ex/ar-627f16-Just_a_little_more...-4f54b961.mp3",
      "reason": "hash change",
      "hash_changed": true
    },
    {
      "voice_id": "c8570ca9-e724-40df-96f1-d8c56ce510dc",
      "speaker": "kl",
      "text": "Asmodeus must be kept sealed at all costs. That will require us to enter the Seal itself.",
      "file_name": "voice_ex/kl-6b95f9-Asmodeus_must_be_kept_sealed_a-0e09ae99.mp3",
      "reason": "hash change",
      "hash_changed": true
    },
    {
      "voice_id": "732fe945-0349-42b6-9945-f4a64f50d43c",
      "speaker": "fx",
      "text": "Whatever's happening seems important.",
      "file_name": "voice_ex/fx-685d29-Whatevers_happening_seems_imp-026de668.mp3",
      "reason": "hash change",
      "hash_changed": true
    },
    {
      "voice_id": "5f2ecc82-c831-4b06-92a1-363aa9cb0bad",
      "speaker": "fx",
      "text": "These pillars are sapping energy from the tree.",
      "file_name": "voice_ex/fx-685d29-These_pillars_are_sapping_ener-b477a9ce.mp3",
      "reason": "hash change",
      "hash_changed": true
    },
    {
      "voice_id": "79df807d-3dee-44b3-875f-0d728ee1e261",
      "speaker": "hn",
      "text": "Eh, can't be bothered to explain.소 Kaliel's in the main hall; hear it from him.",
      "file_name": "voice_ex/hn-6b95f9-Eh_cant_be_bothered_to_expla-097ba14b.mp3",
      "reason": "hash change",
      "hash_changed": true
    },
    {
      "voice_id": "6baeeffb-7e0f-4813-8a51-d700e3d921a2",
      "speaker": "ar",
      "text": "Excellent, you're already hallucinating. I haven't stepped foot outside the Sanctuary today.",
      "file_name": "voice_ex/ar-627f16-Excellent_youre_already_hall-7f43be9a.mp3",
      "reason": "hash change",
      "hash_changed": true
    },
    {
      "voice_id": "09dd5e40-6bcc-4f21-a58c-cbefd0166ff0",
      "speaker": "ar",
      "text": "I hope you're not expecting applause for that performance.",
      "file_name": "voice_ex/ar-627f16-I_hope_youre_not_expecting_ap-697ce8ce.mp3",
      "reason": "hash change",
      "hash_changed": true
    },
    {
      "voice_id": "9a85a464-9859-4238-a412-db39198ced39",
      "speaker": "fx",
      "text": "I prefer to call it <i>sparing the demons from facing my immense power all at once</i>, thank you ve...",
      "file_name": "voice_ex/fx-685d29-I_prefer_to_call_it_isparing-62e8d22b.mp3",
      "reason": "hash change",
      "hash_changed": true
    },
    {
      "voice_id": "69ab3ed0-71b1-48e6-bc13-77f40637a56a",
      "speaker": "fx",
      "text": "Let me guess - the monsters are trying to steal these from the tree??",
      "file_name": "voice_ex/fx-685d29-Let_me_guess_-_the_monsters_ar-306e2c9f.mp3",
      "reason": "hash change",
      "hash_changed": true
    },
    {
      "voice_id": "b2b2b0b8-1912-470d-bee2-d37ebf5c4057",
      "speaker": "fx",
      "text": "Not sure if it's considered rude to ask, but... Have you really been here for 500 years?",
      "file_name": "voice_ex/fx-685d29-Not_sure_if_its_considered_ru-17d23a96.mp3",
      "reason": "hash change",
      "hash_changed": true
    },
    {
      "voice_id": "84363c06-3ad3-47b0-950d-df96d318a4de",
      "speaker": "ar",
      "text": "Together? What exactly can we achieve <i>together</i> that I can't achieve on my own?",
      "file_name": "voice_ex/ar-627f16-Together_What_exactly_can_we_-6afa97a7.mp3",
      "reason": "hash change",
      "hash_changed": true
    },
    {
      "voice_id": "6de1ac12-2f19-4062-835a-af65037dca3c",
      "speaker": "g2",
      "text": "I'm Pea! I run the coolest workshop! I can make anything!",
      "file_name": "voice_ex/g2-6b95f9-Im_Pea_I_run_the_coolest_wor-121c77ac.mp3",
      "reason": "hash change",
      "hash_changed": true
    },
    {
      "voice_id": "91b1369e-76ba-48cb-bea9-18db62e04a2e",
      "speaker": "fx",
      "text": "Not sure I understand... but basically, no Arbor, no Seal?",
      "file_name": "voice_ex/fx-685d29-Not_sure_I_understand..._but_b-21faa724.mp3",
      "reason": "hash change",
      "hash_changed": true
    },
    {
      "voice_id": "832c77c4-48e5-4788-a208-1939c67a25df",
      "speaker": "ar",
      "text": "I don''t know any cats.",
      "file_name": "voice_ex/ar-627f16-I_dont_know_any_cats.-43a015b2.mp3",
      "reason": "hash change",
      "hash_changed": true
    },
    {
      "voice_id": "8a0105c7-9ed2-4987-b946-61b3b1055508",
      "speaker": "hn",
      "text": "Have you considered a different approach? Like, hmm, not dying?",
      "file_name": "voice_ex/hn-6b95f9-Have_you_considered_a_differen-9d3d636e.mp3",
      "reason": "hash change",
      "hash_changed": true
    },
    {
      "voice_id": "e89e0ae9-1d15-4509-b517-2b972023d0e6",
      "speaker": "fx",
      "text": "I was testing his hammer's reach. For science.",
      "file_name": "voice_ex/fx-685d29-I_was_testing_his_hammers_rea-3de1c0f4.mp3",
      "reason": "hash change",
      "hash_changed": true
    },
    {
      "voice_id": "f59c8955-4f48-4f53-85ca-0d00f865f7ff",
      "speaker": "fx",
      "text": "Grimseer. Looks like he hasn't learned his lesson.",
      "file_name": "voice_ex/fx-685d29-Grimseer._Looks_like_he_hasnt-e30df0fa.mp3",
      "reason": "hash change",
      "hash_changed": true
    },
    {
      "voice_id": "afd4fa1d-72b0-4570-b655-624f5f044c7d",
      "speaker": "kl",
      "text": "Don't let this get you down. Baphomet is powerful - - anyone who wishes to delve deeper into the Sea...",
      "file_name": "voice_ex/kl-6b95f9-Dont_let_this_get_you_down._B-a7eccd48.mp3",
      "reason": "hash change",
      "hash_changed": true
    },
    {
      "voice_id": "594ede6d-d753-4e57-ad55-db081c92f01a",
      "speaker": "fx",
      "text": "Whew, that was <i>not</i> easy. Nothing on me, of course.",
      "file_name": "voice_ex/fx-685d29-Whew_that_was_inoti_easy-203907fc.mp3",
      "reason": "hash change",
      "hash_changed": true
    },
    {
      "voice_id": "7c96f9ae-fb09-41e5-9349-0f21294cf057",
      "speaker": "fx",
      "text": "See, I was right! I've been looking everywhere for... You. You look so much like Ariella.",
      "file_name": "voice_ex/fx-685d29-See_I_was_right_Ive_been_lo-9726c0d9.mp3",
      "reason": "hash change",
      "hash_changed": true
    },
    {
      "voice_id": "c22cbf9a-b8e8-434b-b12f-4a5b2c768393",
      "speaker": "ua",
      "text": "Oh, Ariella, that pretty little fool. Sorry, I'm not Ariella. But there is no Ariella without me. So...",
      "file_name": "voice_ex/ua-6f8fb5-Oh_Ariella_that_pretty_littl-62d5649b.mp3",
      "reason": "hash change",
      "hash_changed": true
    },
    {
      "voice_id": "0f918da1-77b2-4642-a6eb-4370afe54f1f",
      "speaker": "ua",
      "text": "No need to rush. As long as you keep descending, deeper, deeper, deeper, deeper… you'll find me agai...",
      "file_name": "voice_ex/ua-6f8fb5-No_need_to_rush._As_long_as_yo-5101c9f9.mp3",
      "reason": "hash change",
      "hash_changed": true
    },
    {
      "voice_id": "9aba8954-25ae-4fcd-a8b7-72a9a1ec4e2a",
      "speaker": "fx",
      "text": "Whoa there, don't let me get <i>too</i> cocky.",
      "file_name": "voice_ex/fx-685d29-Whoa_there_dont_let_me_get_-5d3c4c5b.mp3",
      "reason": "hash change",
      "hash_changed": true
    },
    {
      "voice_id": "4dbdbd2a-b766-44a7-86d7-a4075300c986",
      "speaker": "fx",
      "text": "No idea. She disappeared saying she'd be waiting for me deeper in the Seal.",
      "file_name": "voice_ex/fx-685d29-No_idea._She_disappeared_sayin-a17ee288.mp3",
      "reason": "hash change",
      "hash_changed": true
    },
    {
      "voice_id": "f70d336e-d278-46a5-b2cb-c9fe3b7f3e80",
      "speaker": "ar",
      "text": "No... this doesn't make sense. I should get out there right now and find her myself. Something's not...",
      "file_name": "voice_ex/ar-627f16-No..._this_doesnt_make_sense.-2eec8166.mp3",
      "reason": "hash change",
      "hash_changed": true
    },
    {
      "voice_id": "cf78bfed-276c-4e4b-af90-3daa22a59b01",
      "speaker": "fx",
      "text": "O-kay, so what I got from that was, now''s not a great time.",
      "file_name": "voice_ex/fx-685d29-O-kay_so_what_I_got_from_that-dd67be5e.mp3",
      "reason": "hash change",
      "hash_changed": true
    },
    {
      "voice_id": "dcb1e4cf-366a-4208-8bc2-2d442d5f19c7",
      "speaker": "hn",
      "text": "Your wish will be granted, but we cannot breach natural order. So... 'that thing' won't be a valid w...",
      "file_name": "voice_ex/hn-6b95f9-Your_wish_will_be_granted_but-8db50a4c.mp3",
      "reason": "hash change",
      "hash_changed": true
    },
    {
      "voice_id": "6dfd171e-450a-4e12-b005-60dbfba661bb",
      "speaker": "fx",
      "text": "Ella - wait, Ariella? - Who are you? You're no human, are you.",
      "file_name": "voice_ex/fx-685d29-Ella_-_wait_Ariella_-_Who_ar-05f73a36.mp3",
      "reason": "hash change",
      "hash_changed": true
    },
    {
      "voice_id": "238e450e-866b-4e58-af65-9f81217a6f7b",
      "speaker": "fx",
      "text": "Wait- what?\"",
      "file_name": "voice_ex/fx-685d29-Wait-_what-1d21ed0d.mp3",
      "reason": "hash change",
      "hash_changed": true
    },
    {
      "voice_id": "860c0712-53a5-49d6-a598-a0c1dee32878",
      "speaker": "fx",
      "text": "Should I bring it up? But...",
      "file_name": "voice_ex/fx-685d29-Should_I_bring_it_up_But...-c54aa307.mp3",
      "reason": "hash change",
      "hash_changed": true
    },
    {
      "voice_id": "3a98cf0f-02f6-440b-9382-81d564cc1dec",
      "speaker": "ar",
      "text": "First you accuse me of lying, now this? Yes, Lucian was my brother.",
      "file_name": "voice_ex/ar-627f16-First_you_accuse_me_of_lying_-713adf4a.mp3",
      "reason": "hash change",
      "hash_changed": true
    },
    {
      "voice_id": "33c57f64-f30e-4970-a608-2cff7eeda30c",
      "speaker": "fx",
      "text": "I don't mean to make you feel uncomfortable. So... We're in this together now, right? To save the wo...",
      "file_name": "voice_ex/fx-685d29-I_dont_mean_to_make_you_feel_-d93eb3cc.mp3",
      "reason": "hash change",
      "hash_changed": true
    },
    {
      "voice_id": "5d29097d-d774-476c-9556-fcab349db163",
      "speaker": "fx",
      "text": "Well. We might not be... so different after all.",
      "file_name": "voice_ex/fx-685d29-Well._We_might_not_be..._so_di-d6f7821c.mp3",
      "reason": "hash change",
      "hash_changed": true
    },
    {
      "voice_id": "467108f6-8e41-40bd-91e2-088cc5bd0183",
      "speaker": "fx",
      "text": "Arcanus is even colder than you are.\\nWon't say a word to me.",
      "file_name": "voice_ex/fx-685d29-Arcanus_is_even_colder_than_yo-a9e78809.mp3",
      "reason": "hash change",
      "hash_changed": true
    },
    {
      "voice_id": "66cd5e84-2830-4f0c-bb13-880dcab13bb1",
      "speaker": "ar",
      "text": "His fate is tragic, too.\\nThough I dare say he deserves it.",
      "file_name": "voice_ex/ar-627f16-His_fate_is_tragic_too.nThou-11ee6d67.mp3",
      "reason": "hash change",
      "hash_changed": true
    },
    {
      "voice_id": "9246a565-1852-4af2-9afb-8a0bbe5fa315",
      "speaker": "ar",
      "text": "He was a great sorcerer with terrible habits.\\nLet's just leave it at that.",
      "file_name": "voice_ex/ar-627f16-He_was_a_great_sorcerer_with_t-df25784f.mp3",
      "reason": "hash change",
      "hash_changed": true
    },
    {
      "voice_id": "6b372b55-8de0-4b4d-b981-f411ca144efb",
      "speaker": "ar",
      "text": "Don't remember what I said.\\nHow's your weapon treating you?",
      "file_name": "voice_ex/ar-627f16-Dont_remember_what_I_said.nH-591d80bc.mp3",
      "reason": "hash change",
      "hash_changed": true
    },
    {
      "voice_id": "8d9d1a49-6aba-49e6-bf66-ed42b94a9923",
      "speaker": "fx",
      "text": "Don't change the subject.\\nYou said he was a great sorcerer.",
      "file_name": "voice_ex/fx-685d29-Dont_change_the_subject.nYou-addf4881.mp3",
      "reason": "hash change",
      "hash_changed": true
    },
    {
      "voice_id": "1abc2805-72e5-4b12-84ed-1a80c6aa17d9",
      "speaker": "ar",
      "text": "Until he began luring students into the dark arts.\\nLooking for misfits, easy targets. Happy?",
      "file_name": "voice_ex/ar-627f16-Until_he_began_luring_students-2f96e00d.mp3",
      "reason": "hash change",
      "hash_changed": true
    },
    {
      "voice_id": "eab13925-123e-4c4b-b0c1-4824033f187d",
      "speaker": "ua",
      "text": "Imitating...? Ha! Imitating? No, no, no, no... if anything, I am more Ariella than your Ariella.",
      "file_name": "voice_ex/ua-6f8fb5-Imitating..._Ha_Imitating_N-0bf28550.mp3",
      "reason": "hash change",
      "hash_changed": true
    },
    {
      "voice_id": "476a452c-e4fb-47de-9f98-8ec390b910d1",
      "speaker": "ua",
      "text": "Red... I want to see red! I'll see the Arbor lit up and licked up with flame... burnt, crumbling, go...",
      "file_name": "voice_ex/ua-6f8fb5-Red..._I_want_to_see_red_Ill-e3125f44.mp3",
      "reason": "hash change",
      "hash_changed": true
    },
    {
      "voice_id": "3eb19591-3ba3-4b25-881d-1134ecee1c06",
      "speaker": "fx",
      "text": "Burn the Arbor? Are you out of your mind? Do you actually want to unleash the Archdemon?",
      "file_name": "voice_ex/fx-685d29-Burn_the_Arbor_Are_you_out_of-d215ea01.mp3",
      "reason": "hash change",
      "hash_changed": true
    },
    {
      "voice_id": "2974bf8a-d5ed-4c90-8ff9-7ae0084e24a0",
      "speaker": "ua",
      "text": "Smart boy. I'm looking for that heat, all right. Who helped you figure that one out?",
      "file_name": "voice_ex/ua-6f8fb5-Smart_boy._Im_looking_for_tha-fbad5905.mp3",
      "reason": "hash change",
      "hash_changed": true
    },
    {
      "voice_id": "5fc93f49-eaf8-48af-96a9-6cf2fb8bc4b8",
      "speaker": "ar",
      "text": "And you''ve been kind enough to keep collecting the spirit fragments...but the tree is still losing ...",
      "file_name": "voice_ex/ar-627f16-And_youve_been_kind_enough_t-871dfb58.mp3",
      "reason": "hash change",
      "hash_changed": true
    },
    {
      "voice_id": "ecba2bc4-0c44-4447-b501-37d621c03f8b",
      "speaker": "fx",
      "text": "Have you <i>met</i> Ariella?!",
      "file_name": "voice_ex/fx-685d29-Have_you_imeti_Ariella-686b093b.mp3",
      "reason": "hash change",
      "hash_changed": true
    },
    {
      "voice_id": "c4f2f94a-d9e3-4b7f-8710-ecd42976ee4a",
      "speaker": "ar",
      "text": "Your sister...?",
      "file_name": "voice_ex/ar-627f16-Your_sister...-5642f82d.mp3",
      "reason": "hash change",
      "hash_changed": true
    },
    {
      "voice_id": "072a96ce-26df-49b0-88b6-ad55e96cb311",
      "speaker": "ar",
      "text": "Don''t you have somewhere to be? A mission to complete? I know you have something important at stake...",
      "file_name": "voice_ex/ar-627f16-Dont_you_have_somewhere_to_b-98494b57.mp3",
      "reason": "hash change",
      "hash_changed": true
    },
    {
      "voice_id": "757fd344-b7dc-470c-b5e2-338655a20c12",
      "speaker": "bl",
      "text": "But your curiosity will be assuaged soon -\\nthe seal is weakening, and I shall recover my true form.",
      "file_name": "voice_ex/bl-b7fe67-But_your_curiosity_will_be_ass-deeeb66d.mp3",
      "reason": "hash change",
      "hash_changed": true
    },
    {
      "voice_id": "5b224199-9259-417d-a56c-042fbd8dc5b6",
      "speaker": "fx",
      "text": "I don't understand, Ariella, please!\\nListen to me, you have to keep the Arbor alive, or...",
      "file_name": "voice_ex/fx-685d29-I_dont_understand_Ariella_p-793c1c27.mp3",
      "reason": "hash change",
      "hash_changed": true
    },
    {
      "voice_id": "12e2c834-b67b-4a54-a097-9bd13cc02b09",
      "speaker": "fx",
      "text": "Grief? Mind breaking? Got it, Ariella, stop!\\nStop and let's talk this out!",
      "file_name": "voice_ex/fx-685d29-Grief_Mind_breaking_Got_it_-0f42429b.mp3",
      "reason": "hash change",
      "hash_changed": true
    },
    {
      "voice_id": "bb9ba542-3fd8-4002-8d04-3f223eb6e4eb",
      "speaker": "fx",
      "text": "I can't even begin to imagine what you've been through.\\nBut this isn't the way!",
      "file_name": "voice_ex/fx-685d29-I_cant_even_begin_to_imagine_-24679adc.mp3",
      "reason": "hash change",
      "hash_changed": true
    },
    {
      "voice_id": "a97539ba-0a3f-4967-a362-7a3264eea831",
      "speaker": "fx",
      "text": "Ariella, wait! I know - this place has been your prison.\\nBut it's also been so much more!",
      "file_name": "voice_ex/fx-685d29-Ariella_wait_I_know_-_this_p-83bc771b.mp3",
      "reason": "hash change",
      "hash_changed": true
    },
    {
      "voice_id": "98957ba1-3e32-49b7-b2f5-123f002ee025",
      "speaker": "fx",
      "text": "You've protected the entire world -\\nthe world I've lived in, fought for!",
      "file_name": "voice_ex/fx-685d29-Youve_protected_the_entire_wo-437f5852.mp3",
      "reason": "hash change",
      "hash_changed": true
    },
    {
      "voice_id": "3647f7bd-7da9-404d-98ad-49c01128fcc1",
      "speaker": "bd",
      "text": "What can the angels do for you?\\nBind you into a contract, rob you of your freedom?",
      "file_name": "voice_ex/bd-f15a42-What_can_the_angels_do_for_you-57ddabca.mp3",
      "reason": "hash change",
      "hash_changed": true
    },
    {
      "voice_id": "23f06aeb-ab27-44a0-88e5-3b81f79a6726",
      "speaker": "bd",
      "text": "I am desire fulfilled. Fantasy made real.\\nThe angels do not stand a chance.",
      "file_name": "voice_ex/bd-f15a42-I_am_desire_fulfilled._Fantasy-1328ac62.mp3",
      "reason": "hash change",
      "hash_changed": true
    },
    {
      "voice_id": "514f8937-5fc6-43c3-9be0-ca555c4faee7",
      "speaker": "kl",
      "text": "I'll explain, promise! But Asmodeus will escape any second. \\nThe fate of the world is in your hands...",
      "file_name": "voice_ex/kl-6b95f9-Ill_explain_promise_But_Asm-99116a16.mp3",
      "reason": "hash change",
      "hash_changed": true
    },
    {
      "voice_id": "9c73b80e-8a33-4835-a843-e42a67cc3361",
      "speaker": "kl",
      "text": "Okay, so you don't trust me. \\nBut now's not the time to work this out!",
      "file_name": "voice_ex/kl-6b95f9-Okay_so_you_dont_trust_me._-dabe6b88.mp3",
      "reason": "hash change",
      "hash_changed": true
    },
    {
      "voice_id": "5b8ec534-b3f4-4001-b690-c80df98f9fa5",
      "speaker": "fx",
      "text": "You said purifying the shadow was the only way.\\nWell, now they're one!",
      "file_name": "voice_ex/fx-685d29-You_said_purifying_the_shadow_-f7c031aa.mp3",
      "reason": "hash change",
      "hash_changed": true
    },
    {
      "voice_id": "0297dfc1-5199-4f24-8396-4cfe9bbae89c",
      "speaker": "kl",
      "text": "Look, Asmodeus is about to recover his true form!\\nQuick, Fenrix!!",
      "file_name": "voice_ex/kl-6b95f9-Look_Asmodeus_is_about_to_rec-da94b234.mp3",
      "reason": "hash change",
      "hash_changed": true
    },
    {
      "voice_id": "1e9a29c0-4a8d-495c-91f5-2eb44462d57b",
      "speaker": "kl",
      "text": "If that wasn't the case, I would've had no need for your assistance...nor Ariella's.\\nAnd Asmodeus w...",
      "file_name": "voice_ex/kl-6b95f9-If_that_wasnt_the_case_I_wou-c407c4a5.mp3",
      "reason": "hash change",
      "hash_changed": true
    },
    {
      "voice_id": "6ef5dc64-2464-42b5-98f0-7296193bef6c",
      "speaker": "kl",
      "text": "This shouldn''t be a difficult choice, even for a human.",
      "file_name": "voice_ex/kl-6b95f9-This_shouldnt_be_a_difficult-88f9a206.mp3",
      "reason": "hash change",
      "hash_changed": true
    },
    {
      "voice_id": "6307e822-e8b5-44f9-bfa7-ae3c80cc13e9",
      "speaker": "kl",
      "text": "And I know there is another person's life\\nyou wish to protect...or should I say, her death.",
      "file_name": "voice_ex/kl-6b95f9-And_I_know_there_is_another_pe-470de0c9.mp3",
      "reason": "hash change",
      "hash_changed": true
    },
    {
      "voice_id": "80464b92-b928-4044-a165-ae474995a833",
      "speaker": "fx",
      "text": "I''m sorry, Ariella.",
      "file_name": "voice_ex/fx-685d29-Im_sorry_Ariella.-a74ec8c3.mp3",
      "reason": "hash change",
      "hash_changed": true
    },
    {
      "voice_id": "4fa47479-164e-40ed-8935-57df77f00391",
      "speaker": "fx",
      "text": "What''s going on, Kaliel? What happened to her?",
      "file_name": "voice_ex/fx-685d29-Whats_going_on_Kaliel_What-e9bd726f.mp3",
      "reason": "hash change",
      "hash_changed": true
    },
    {
      "voice_id": "3fd6861d-b232-482c-8187-3e5ec0d2f7f8",
      "speaker": "ns",
      "text": "I didn''t expect this outcome. Truly, I didn''t.",
      "file_name": "voice_ex/ns-4c5a2e-I_didnt_expect_this_outcome.-ef29c019.mp3",
      "reason": "hash change",
      "hash_changed": true
    },
    {
      "voice_id": "7158b805-1876-43f5-bb79-d69aa309401a",
      "speaker": "fx",
      "text": "I thought the archdemon was just a story\\nparents made up to scare their kids into eating veggies.",
      "file_name": "voice_ex/fx-685d29-I_thought_the_archdemon_was_ju-d0d95081.mp3",
      "reason": "hash change",
      "hash_changed": true
    },
    {
      "voice_id": "e24d0edd-1d44-4d2d-b741-ff8f323a6ed0",
      "speaker": "fx",
      "text": "I just think it's so <i>angelic</i> of you to\\nstand there while I fight these monsters.",
      "file_name": "voice_ex/fx-685d29-I_just_think_its_so_iangeli-42fdd676.mp3",
      "reason": "hash change",
      "hash_changed": true
    },
    {
      "voice_id": "7042317a-26e2-4806-9009-638722f2f3e7",
      "speaker": "kl",
      "text": "Don't let its appearance fool you;\\nwithin this Seal lies Armageddon. I'll take a look.",
      "file_name": "voice_ex/kl-6b95f9-Dont_let_its_appearance_fool_-7eebe419.mp3",
      "reason": "hash change",
      "hash_changed": true
    },
    {
      "voice_id": "db4a9a19-9d03-4d4c-8196-28347b3a47f8",
      "speaker": "fx",
      "text": "And so opens Pandora's Box.\\nWell, I'm dying to see how strong a 500-year-old demon is.",
      "file_name": "voice_ex/fx-685d29-And_so_opens_Pandoras_Box.nW-4ab78e75.mp3",
      "reason": "hash change",
      "hash_changed": true
    },
    {
      "voice_id": "97833003-5115-404b-b63f-76724b808292",
      "speaker": "kl",
      "text": "Take this, just in case. The most powerful tool of the angels'' forge.",
      "file_name": "voice_ex/kl-6b95f9-Take_this_just_in_case._The_m-3f3ee004.mp3",
      "reason": "hash change",
      "hash_changed": true
    },
    {
      "voice_id": "77dc955d-c461-4340-9361-bc7b09d5f619",
      "speaker": "fx",
      "text": "Whoa. There <i>is</i> an inside.",
      "file_name": "voice_ex/fx-685d29-Whoa._There_iisi_an_insid-eecd2974.mp3",
      "reason": "hash change",
      "hash_changed": true
    },
    {
      "voice_id": "57a875e2-8af3-4951-8343-3d1485d0a588",
      "speaker": "ar",
      "text": "Those glowing crystals you found... they're called Ethereal Amber.\\nThey contain traces of the Arbor...",
      "file_name": "voice_ex/ar-627f16-Those_glowing_crystals_you_fou-4ee76cf0.mp3",
      "reason": "hash change",
      "hash_changed": true
    },
    {
      "voice_id": "f4d9eac2-51aa-4d2c-8f64-3f6d475904dd",
      "speaker": "ar",
      "text": "Yes. Return them to the Arbor, and its power can strengthen you.\\nThough I doubt you'll use it wisel...",
      "file_name": "voice_ex/ar-627f16-Yes._Return_them_to_the_Arbor-cc1e46c2.mp3",
      "reason": "hash change",
      "hash_changed": true
    },
    {
      "voice_id": "31af0911-b63b-476f-9dd6-bbf7b55700f4",
      "speaker": "fx",
      "text": "Hey, I'm the wisest demon hunter you'll ever meet.\\nJust ask all the demons I've hunted-",
      "file_name": "voice_ex/fx-685d29-Hey_Im_the_wisest_demon_hunt-ba853621.mp3",
      "reason": "hash change",
      "hash_changed": true
    },
    {
      "voice_id": "97851f9e-9388-41f0-b8dc-a0489ea576a3",
      "speaker": "fx",
      "text": "Guess I'm trading loot for strength now. Fair enough.",
      "file_name": "voice_ex/fx-685d29-Guess_Im_trading_loot_for_str-14bfcc6d.mp3",
      "reason": "hash change",
      "hash_changed": true
    },
    {
      "voice_id": "9e11b393-d513-4d9e-83a3-ee3b9508f408",
      "speaker": "fx",
      "text": "Do I say ‘thank you' to the tree or is that weird?",
      "file_name": "voice_ex/fx-685d29-Do_I_say_thank_you_to_the_tr-db45449c.mp3",
      "reason": "hash change",
      "hash_changed": true
    },
    {
      "voice_id": "2415d8d0-1265-4f1c-85d9-85385c043cdb",
      "speaker": "ar",
      "text": "The Arbor's power is not limitless. Use it wisely.",
      "file_name": "voice_ex/ar-627f16-The_Arbors_power_is_not_limit-d783dd71.mp3",
      "reason": "hash change",
      "hash_changed": true
    },
    {
      "voice_id": "8cc34812-9a04-45fd-9003-4a5d5c954fb5",
      "speaker": "ar",
      "text": "Treat the Arbor's power with respect, Fenrix.",
      "file_name": "voice_ex/ar-627f16-Treat_the_Arbors_power_with_r-3ed562fe.mp3",
      "reason": "hash change",
      "hash_changed": true
    },
    {
      "voice_id": "d4f455b9-b2dd-4224-b038-f650734cd4e9",
      "speaker": "ar",
      "text": "The balance of the Sanctuary depends on the Arbor's strength.",
      "file_name": "voice_ex/ar-627f16-The_balance_of_the_Sanctuary_d-b87fe03a.mp3",
      "reason": "hash change",
      "hash_changed": true
    },
    {
      "voice_id": "bbb7790d-5f30-437e-97d0-b12cafbacd36",
      "speaker": "ar",
      "text": "Seems you''re more perceptive than I thought. You''re right, it''s not just a meadow.",
      "file_name": "voice_ex/ar-627f16-Seems_youre_more_perceptive_-605e3667.mp3",
      "reason": "hash change",
      "hash_changed": true
    },
    {
      "voice_id": "e1a272f6-6ab2-4b12-9ca2-07367bd4c062",
      "speaker": "fx",
      "text": "You can't just say all that and then tell me to <i>pay no mind to it.</i>",
      "file_name": "voice_ex/fx-685d29-You_cant_just_say_all_that_an-df002977.mp3",
      "reason": "hash change",
      "hash_changed": true
    },
    {
      "voice_id": "83ab6145-546c-4310-b33a-261ec4a1c46b",
      "speaker": "ar",
      "text": "Seems you''re more perceptive than I thought. You''re right. This world responds to my memories, in ...",
      "file_name": "voice_ex/ar-627f16-Seems_youre_more_perceptive_-4527079d.mp3",
      "reason": "hash change",
      "hash_changed": true
    },
    {
      "voice_id": "056c5a8e-7177-4195-bed0-6b1f3fabbac2",
      "speaker": "ar",
      "text": "It''s what''s left of that place, yes. But I left it behind a long time ago.",
      "file_name": "voice_ex/ar-627f16-Its_whats_left_of_that_pla-83b7b6c6.mp3",
      "reason": "hash change",
      "hash_changed": true
    },
    {
      "voice_id": "f4d39842-c330-446b-ada2-11b4a22e864a",
      "speaker": "ar",
      "text": "Just that you shouldn''t assume this world is an exact replica of my memories.",
      "file_name": "voice_ex/ar-627f16-Just_that_you_shouldnt_assum-6e9a36ec.mp3",
      "reason": "hash change",
      "hash_changed": true
    },
    {
      "voice_id": "9f959cbb-9886-404a-ad2f-20cc259dd9dc",
      "speaker": "ar",
      "text": "It''s a replica of all the bad parts. Those ruins were my home... but it''s also the place where all...",
      "file_name": "voice_ex/ar-627f16-Its_a_replica_of_all_the_bad-03d0952e.mp3",
      "reason": "hash change",
      "hash_changed": true
    },
    {
      "voice_id": "32d7994c-c79e-4b36-ba3c-3d9840379d68",
      "speaker": "fx",
      "text": "So, about this <i>situation</i> where you say a bunch of stuff and then refuse to tell me more...",
      "file_name": "voice_ex/fx-685d29-So_about_this_isituationi-2f086589.mp3",
      "reason": "hash change",
      "hash_changed": true
    },
    {
      "voice_id": "7624c4fe-6548-4f38-86dc-d19b3a658cbf",
      "speaker": "ar",
      "text": "Fenrix Haven, the immortal demon hunter, arrives at the Seal that contains\\nan archdemon who nearly ...",
      "file_name": "voice_ex/ar-627f16-Fenrix_Haven_the_immortal_dem-20551988.mp3",
      "reason": "hash change",
      "hash_changed": true
    },
    {
      "voice_id": "135968c4-ee1a-461e-bbc9-4d49b0930c45",
      "speaker": "ar",
      "text": "Kaliel, Fenrix's guardian angel, warns that for some unknown reason,\\nthe Seal has developed cracks ...",
      "file_name": "voice_ex/ar-627f16-Kaliel_Fenrixs_guardian_ange-590fcf0f.mp3",
      "reason": "hash change",
      "hash_changed": true
    },
    {
      "voice_id": "53501953-6598-4227-b2c4-a7d197b06b64",
      "speaker": "ar",
      "text": "They enter the world within the Seal to find\\nwhat threatens it and prevent the archdemon's resurrec...",
      "file_name": "voice_ex/ar-627f16-They_enter_the_world_within_th-3f99dfe2.mp3",
      "reason": "hash change",
      "hash_changed": true
    },
    {
      "voice_id": "6153ab11-e523-4a9f-b8ea-da684b182cd0",
      "speaker": "ar",
      "text": "However, for reasons unclear, Fenrix becomes separated from Kaliel\\nand is transported alone to an u...",
      "file_name": "voice_ex/ar-627f16-However_for_reasons_unclear_-f8740e3c.mp3",
      "reason": "hash change",
      "hash_changed": true
    },
    {
      "voice_id": "e27b8df6-b934-430f-a49d-704507006127",
      "speaker": "fx",
      "text": "Well, might as well scout the place.\\nConsider it a warm-up for whatever's coming.",
      "file_name": "voice_ex/fx-685d29-Well_might_as_well_scout_the_-618a8305.mp3",
      "reason": "hash change",
      "hash_changed": true
    },
    {
      "voice_id": "5d176ec6-5465-41b0-a377-a295cda6af31",
      "speaker": "ar",
      "text": "‘Action' is one way to put it. Though it's impressive, you didn't think to introduce yourself <i>bef...",
      "file_name": "voice_ex/ar-627f16-Action_is_one_way_to_put_it.-62557195.mp3",
      "reason": "hash change",
      "hash_changed": true
    },
    {
      "voice_id": "2341da64-3737-4c4f-a555-65385f20c7d7",
      "speaker": "ar",
      "text": "It must be tied to the Seal's instability. Fenrix, we need you to continue investigating the Ashen M...",
      "file_name": "voice_ex/ar-627f16-It_must_be_tied_to_the_Seals_-a3835e4d.mp3",
      "reason": "hash change",
      "hash_changed": true
    },
    {
      "voice_id": "db0232b0-fb73-4e19-a108-74e246b87919",
      "speaker": "fx",
      "text": "And maybe next time, I'll remember the whole ‘introductions' thing.",
      "file_name": "voice_ex/fx-685d29-And_maybe_next_time_Ill_reme-89c7deb0.mp3",
      "reason": "hash change",
      "hash_changed": true
    },
    {
      "voice_id": "5ad31f37-e8f6-49c6-ac68-70ad7d3e0ced",
      "speaker": "fx",
      "text": "Whoa there, don't let me get <i>too<i> cocky.",
      "file_name": "voice_ex/fx-685d29-Whoa_there_dont_let_me_get_-81853d47.mp3",
      "reason": "hash change",
      "hash_changed": true
    },
    {
      "voice_id": "5a729c1d-0661-4a27-9a3a-834066d473b5",
      "speaker": "ar",
      "text": "It's likely tied to the Seal's instability. Fenrix, continue investigating the Ashen Meadow for any ...",
      "file_name": "voice_ex/ar-627f16-Its_likely_tied_to_the_Seals-e70dac1c.mp3",
      "reason": "hash change",
      "hash_changed": true
    },
    {
      "voice_id": "ca59e182-e575-4551-87c4-c01ad7f85f54",
      "speaker": "ar",
      "text": "You... you defeated Baphomet already?\\nI... I must admit, I'm quite surprised.",
      "file_name": "voice_ex/ar-627f16-You..._you_defeated_Baphomet_a-b7454493.mp3",
      "reason": "hash change",
      "hash_changed": true
    },
    {
      "voice_id": "262c8fd5-95b2-4b57-8896-f6b4a094352d",
      "speaker": "fx",
      "text": "Whoa there, don't let me get <i>too<i> cocky.",
      "file_name": "voice_ex/fx-685d29-Whoa_there_dont_let_me_get_-81853d47.mp3",
      "reason": "hash change",
      "hash_changed": true
    },
    {
      "voice_id": "58be1081-8005-496c-b504-87512bbb2883",
      "speaker": "fx",
      "text": "Sure thing. I'll just be out there,\\nlooking for 'unusual' things in a world full of demons.",
      "file_name": "voice_ex/fx-685d29-Sure_thing._Ill_just_be_out_t-5951701c.mp3",
      "reason": "hash change",
      "hash_changed": true
    },
    {
      "voice_id": "d1ffbde1-bb14-4212-a584-30f7628fc4df",
      "speaker": "ar",
      "text": "...It''s nothing. Carry on with your investigation, Fenrix.",
      "file_name": "voice_ex/ar-627f16-...Its_nothing._Carry_on_wit-d0c9b7fa.mp3",
      "reason": "hash change",
      "hash_changed": true
    },
    {
      "voice_id": "1b10c7c4-a2b5-4c69-9fcc-bb1832db4e00",
      "speaker": "fx",
      "text": "Oh, that. Well, it''s a long story, but to cut it short: one day you''re hunting demons, the next yo...",
      "file_name": "voice_ex/fx-685d29-Oh_that._Well_its_a_long_s-39d46206.mp3",
      "reason": "hash change",
      "hash_changed": true
    },
    {
      "voice_id": "a1e1630b-8caa-42ff-8e34-b7094e725749",
      "speaker": "fx",
      "text": "Whew, that was <i>not</i> easy. Nothing on me, of course.",
      "file_name": "voice_ex/fx-685d29-Whew_that_was_inoti_easy-203907fc.mp3",
      "reason": "hash change",
      "hash_changed": true
    },
    {
      "voice_id": "7aab3e9b-8818-4c6a-8aac-db9c60c1d197",
      "speaker": "fx",
      "text": "Okay, I'll admit it. That was... challenging.\\nDon't tell Ariella I said that.",
      "file_name": "voice_ex/fx-685d29-Okay_Ill_admit_it._That_was.-c1b7bcde.mp3",
      "reason": "hash change",
      "hash_changed": true
    },
    {
      "voice_id": "4064840a-c4c0-421e-9bf7-84cdd0407963",
      "speaker": "fx",
      "text": "What's that red big thing? I bet it's bad news.",
      "file_name": "voice_ex/fx-685d29-Whats_that_red_big_thing_I_b-8f6e0ba7.mp3",
      "reason": "hash change",
      "hash_changed": true
    },
    {
      "voice_id": "fff3e61c-bfbd-4693-8f81-a23aa466c424",
      "speaker": "fx",
      "text": "Big, red, and probably twice as strong as it looks. Let's see if I can handle it.",
      "file_name": "voice_ex/fx-685d29-Big_red_and_probably_twice_a-2376987b.mp3",
      "reason": "hash change",
      "hash_changed": true
    },
    {
      "voice_id": "3504e53f-e4cb-4e6a-b763-fdbd088300a6",
      "speaker": "fx",
      "text": "This big one's gonna be tough.",
      "file_name": "voice_ex/fx-685d29-This_big_ones_gonna_be_tough.-3170bec2.mp3",
      "reason": "hash change",
      "hash_changed": true
    },
    {
      "voice_id": "383d2ad9-0548-46f5-986a-65e918ce3deb",
      "speaker": "fx",
      "text": "I don't need to fight it to know it hits hard. Let's make this quick.",
      "file_name": "voice_ex/fx-685d29-I_dont_need_to_fight_it_to_kn-7176c858.mp3",
      "reason": "hash change",
      "hash_changed": true
    },
    {
      "voice_id": "44a0faad-d00d-40d8-b744-70ca7764ac0b",
      "speaker": "fx",
      "text": "Whoa, that's a lot of them!",
      "file_name": "voice_ex/fx-685d29-Whoa_thats_a_lot_of_them-83012a50.mp3",
      "reason": "hash change",
      "hash_changed": true
    },
    {
      "voice_id": "9676cc08-ba7a-494c-820e-b52dea317b5d",
      "speaker": "fx",
      "text": "Looks like we're in for a real fight now!",
      "file_name": "voice_ex/fx-685d29-Looks_like_were_in_for_a_real-53b7a25b.mp3",
      "reason": "hash change",
      "hash_changed": true
    },
    {
      "voice_id": "63c37e70-508a-4a8f-9f1b-f69d5445140c",
      "speaker": "fx",
      "text": "That's way too many... even for me!",
      "file_name": "voice_ex/fx-685d29-Thats_way_too_many..._even_fo-fbd86bb1.mp3",
      "reason": "hash change",
      "hash_changed": true
    },
    {
      "voice_id": "7d3de303-6190-41d9-8d4a-1e021633cc25",
      "speaker": "fx",
      "text": "I've never seen this many at once!",
      "file_name": "voice_ex/fx-685d29-Ive_never_seen_this_many_at_o-27394d16.mp3",
      "reason": "hash change",
      "hash_changed": true
    },
    {
      "voice_id": "dde153d6-bd14-4c69-8886-f3d7f51dc580",
      "speaker": "fx",
      "text": "There's more of them than I can count!",
      "file_name": "voice_ex/fx-685d29-Theres_more_of_them_than_I_ca-0a3ec8f5.mp3",
      "reason": "hash change",
      "hash_changed": true
    },
    {
      "voice_id": "606d4c84-7948-4900-ba74-eb45a9914d60",
      "speaker": "fx",
      "text": "We're about to get overrun!",
      "file_name": "voice_ex/fx-685d29-Were_about_to_get_overrun-6dea2e3b.mp3",
      "reason": "hash change",
      "hash_changed": true
    },
    {
      "voice_id": "17274ec4-cbf5-48af-ada1-0e88f991870d",
      "speaker": "fx",
      "text": "I hope you've got a plan, because I sure don't!",
      "file_name": "voice_ex/fx-685d29-I_hope_youve_got_a_plan_beca-59c8dd47.mp3",
      "reason": "hash change",
      "hash_changed": true
    },
    {
      "voice_id": "075b60ab-d4e2-4f82-ace1-7c4073f6481c",
      "speaker": "fx",
      "text": "We're in for a wild ride!",
      "file_name": "voice_ex/fx-685d29-Were_in_for_a_wild_ride-480d6f37.mp3",
      "reason": "hash change",
      "hash_changed": true
    },
    {
      "voice_id": "a4a10b33-3f9b-479e-9bc6-c518aa6ccb7f",
      "speaker": "fx",
      "text": "Then I'll cut my way out!",
      "file_name": "voice_ex/fx-685d29-Then_Ill_cut_my_way_out-b9537f9e.mp3",
      "reason": "hash change",
      "hash_changed": true
    },
    {
      "voice_id": "04cb6e03-7f0e-4d4b-a99b-66b35a688742",
      "speaker": "fx",
      "text": "We'll handle them just fine—watch this!",
      "file_name": "voice_ex/fx-685d29-Well_handle_them_just_finewa-79f237af.mp3",
      "reason": "hash change",
      "hash_changed": true
    },
    {
      "voice_id": "ae25052d-8dd8-4885-8642-535c75a700cd",
      "speaker": "fx",
      "text": "Then let's make our own!",
      "file_name": "voice_ex/fx-685d29-Then_lets_make_our_own-7a27d814.mp3",
      "reason": "hash change",
      "hash_changed": true
    },
    {
      "voice_id": "699965a4-4fa2-48cc-927b-8754f90a7673",
      "speaker": "fx",
      "text": "Let's finish this with a bang!",
      "file_name": "voice_ex/fx-685d29-Lets_finish_this_with_a_bang-32de1606.mp3",
      "reason": "hash change",
      "hash_changed": true
    },
    {
      "voice_id": "90abf030-ca02-4714-9fba-6e4fb02530db",
      "speaker": "fx",
      "text": "Great! Let's get there before things get worse.",
      "file_name": "voice_ex/fx-685d29-Great_Lets_get_there_before_-831582ad.mp3",
      "reason": "hash change",
      "hash_changed": true
    },
    {
      "voice_id": "28f982b0-9404-4cdc-a840-0569e13cd689",
      "speaker": "fx",
      "text": "Good, let's move before they grow stronger!",
      "file_name": "voice_ex/fx-685d29-Good_lets_move_before_they_g-cf452e14.mp3",
      "reason": "hash change",
      "hash_changed": true
    },
    {
      "voice_id": "70b0e980-4e2b-4e3a-a8cb-85e6bb07a5bc",
      "speaker": "fx",
      "text": "Let's head there before it's too late!",
      "file_name": "voice_ex/fx-685d29-Lets_head_there_before_its_t-977c92c0.mp3",
      "reason": "hash change",
      "hash_changed": true
    },
    {
      "voice_id": "e3cd8812-5100-4fff-80fb-4dce25291129",
      "speaker": "fx",
      "text": "Great! Let's finish this before things escalate.",
      "file_name": "voice_ex/fx-685d29-Great_Lets_finish_this_befor-fdd63e4d.mp3",
      "reason": "hash change",
      "hash_changed": true
    },
    {
      "voice_id": "8c55e091-fe12-49b6-b9e8-83b869465785",
      "speaker": "fx",
      "text": "Let's finish this quickly!",
      "file_name": "voice_ex/fx-685d29-Lets_finish_this_quickly-9d13a21c.mp3",
      "reason": "hash change",
      "hash_changed": true
    },
    {
      "voice_id": "b921c444-d5e7-4b80-b614-7280fab286c4",
      "speaker": "fx",
      "text": "Yeah, they're hitting harder—better step up!",
      "file_name": "voice_ex/fx-685d29-Yeah_theyre_hitting_harderb-b434a81b.mp3",
      "reason": "hash change",
      "hash_changed": true
    },
    {
      "voice_id": "c408a3ac-53b3-4c7a-9707-8cbd4d2744d7",
      "speaker": "fx",
      "text": "Guess we're in for a challenge. Let's keep moving!",
      "file_name": "voice_ex/fx-685d29-Guess_were_in_for_a_challenge-d92bf246.mp3",
      "reason": "hash change",
      "hash_changed": true
    }
  ],
  "errors": []
}