{
  "timestamp": "2025-03-12T21:47:41.855442",
  "config": {
    "model_name": "eleven_multilingual_v2",
    "csv_file": "newData/voiceSheet.csv",
    "output_dir": "game",
    "force_rehash": false,
    "force_voice_defs": false,
    "dry_run": false
  },
  "statistics": {
    "total_entries": 3329,
    "processed": 3329,
    "skipped": 3306,
    "generated": 23,
    "updated_filenames": 0,
    "hash_changes_detected": 0,
    "voice_def_changes": 0,
    "errors": 0
  },
  "character_stats": {
    "nm": {
      "total": 32,
      "generated": 0,
      "skipped": 32,
      "errors": 0,
      "updated": 0,
      "hash_changes": 0,
      "voice_def_changes": 0
    },
    "fx": {
      "total": 1643,
      "generated": 0,
      "skipped": 1643,
      "errors": 0,
      "updated": 0,
      "hash_changes": 0,
      "voice_def_changes": 0
    },
    "ns": {
      "total": 52,
      "generated": 0,
      "skipped": 52,
      "errors": 0,
      "updated": 0,
      "hash_changes": 0,
      "voice_def_changes": 0
    },
    "lm": {
      "total": 459,
      "generated": 0,
      "skipped": 459,
      "errors": 0,
      "updated": 0,
      "hash_changes": 0,
      "voice_def_changes": 0
    },
    "nu": {
      "total": 33,
      "generated": 0,
      "skipped": 33,
      "errors": 0,
      "updated": 0,
      "hash_changes": 0,
      "voice_def_changes": 0
    },
    "sh": {
      "total": 46,
      "generated": 0,
      "skipped": 46,
      "errors": 0,
      "updated": 0,
      "hash_changes": 0,
      "voice_def_changes": 0
    },
    "g1": {
      "total": 73,
      "generated": 0,
      "skipped": 73,
      "errors": 0,
      "updated": 0,
      "hash_changes": 0,
      "voice_def_changes": 0
    },
    "g2": {
      "total": 140,
      "generated": 0,
      "skipped": 140,
      "errors": 0,
      "updated": 0,
      "hash_changes": 0,
      "voice_def_changes": 0
    },
    "hn": {
      "total": 93,
      "generated": 0,
      "skipped": 93,
      "errors": 0,
      "updated": 0,
      "hash_changes": 0,
      "voice_def_changes": 0
    },
    "ar": {
      "total": 368,
      "generated": 0,
      "skipped": 368,
      "errors": 0,
      "updated": 0,
      "hash_changes": 0,
      "voice_def_changes": 0
    },
    "kl": {
      "total": 220,
      "generated": 0,
      "skipped": 220,
      "errors": 0,
      "updated": 0,
      "hash_changes": 0,
      "voice_def_changes": 0
    },
    "bd": {
      "total": 39,
      "generated": 0,
      "skipped": 39,
      "errors": 0,
      "updated": 0,
      "hash_changes": 0,
      "voice_def_changes": 0
    },
    "void": {
      "total": 5,
      "generated": 0,
      "skipped": 5,
      "errors": 0,
      "updated": 0,
      "hash_changes": 0,
      "voice_def_changes": 0
    },
    "ua": {
      "total": 22,
      "generated": 0,
      "skipped": 22,
      "errors": 0,
      "updated": 0,
      "hash_changes": 0,
      "voice_def_changes": 0
    },
    "bb": {
      "total": 24,
      "generated": 23,
      "skipped": 1,
      "errors": 0,
      "updated": 0,
      "hash_changes": 0,
      "voice_def_changes": 0
    },
    "bl": {
      "total": 26,
      "generated": 0,
      "skipped": 26,
      "errors": 0,
      "updated": 0,
      "hash_changes": 0,
      "voice_def_changes": 0
    },
    "ba": {
      "total": 9,
      "generated": 0,
      "skipped": 9,
      "errors": 0,
      "updated": 0,
      "hash_changes": 0,
      "voice_def_changes": 0
    },
    "bs": {
      "total": 6,
      "generated": 0,
      "skipped": 6,
      "errors": 0,
      "updated": 0,
      "hash_changes": 0,
      "voice_def_changes": 0
    },
    "bm": {
      "total": 15,
      "generated": 0,
      "skipped": 15,
      "errors": 0,
      "updated": 0,
      "hash_changes": 0,
      "voice_def_changes": 0
    },
    "aw": {
      "total": 22,
      "generated": 0,
      "skipped": 22,
      "errors": 0,
      "updated": 0,
      "hash_changes": 0,
      "voice_def_changes": 0
    },
    "af": {
      "total": 2,
      "generated": 0,
      "skipped": 2,
      "errors": 0,
      "updated": 0,
      "hash_changes": 0,
      "voice_def_changes": 0
    }
  },
  "generated_files": [
    {
      "voice_id": "eec3d48d-7ce0-4949-b3ba-091a96e7433f",
      "speaker": "bb",
      "text": "Such unrefined havoc in my meadow... Here to take responsibility, Fenrix Haven?",
      "file_name": "voice_ex/bb-6b95f9-Such_unrefined_havoc_in_my_mea-53498338.mp3",
      "reason": "update",
      "hash_changed": false,
      "voice_def_changed": false
    },
    {
      "voice_id": "08278e99-1725-4b56-81c7-4984c4133182",
      "speaker": "bb",
      "text": "A name is the first signifier of class, boy. I never miss it. Though I suppose 'Haven' doesn't exact...",
      "file_name": "voice_ex/bb-6b95f9-A_name_is_the_first_signifier_-32d4ca61.mp3",
      "reason": "update",
      "hash_changed": false,
      "voice_def_changed": false
    },
    {
      "voice_id": "2cc5a672-b110-4f19-955b-a2b520094008",
      "speaker": "bb",
      "text": "Nothing worse than a boy who doesn't know his place. Allow me to oblige you with a lesson.",
      "file_name": "voice_ex/bb-6b95f9-Nothing_worse_than_a_boy_who_d-045c4983.mp3",
      "reason": "update",
      "hash_changed": false,
      "voice_def_changed": false
    },
    {
      "voice_id": "fbd2911c-ac89-4fad-b6af-f90cd15c6471",
      "speaker": "bb",
      "text": "The Ashwoods must have fallen a great distance to have taken on a nobody like you, Haven.",
      "file_name": "voice_ex/bb-6b95f9-The_Ashwoods_must_have_fallen_-f1d11b9e.mp3",
      "reason": "update",
      "hash_changed": false,
      "voice_def_changed": false
    },
    {
      "voice_id": "28efdbb8-3193-4f53-ba0f-697879657959",
      "speaker": "bb",
      "text": "Oh, I knew the household better than they knew themselves in my time of employment. Every low whispe...",
      "file_name": "voice_ex/bb-6b95f9-Oh_I_knew_the_household_bette-15907e87.mp3",
      "reason": "update",
      "hash_changed": false,
      "voice_def_changed": false
    },
    {
      "voice_id": "dc9e2103-b8aa-4282-9c13-ba80121cd29f",
      "speaker": "bb",
      "text": "The little lady still plays at being Guardian? Like father, like daughter, I suppose; obsessed with ...",
      "file_name": "voice_ex/bb-6b95f9-The_little_lady_still_plays_at-aa6c746c.mp3",
      "reason": "update",
      "hash_changed": false,
      "voice_def_changed": false
    },
    {
      "voice_id": "2ae29cd8-8847-43a2-9c7d-e126d1c32345",
      "speaker": "bb",
      "text": "The girl become a caretaker while I rule this expanse... what delicious irony.",
      "file_name": "voice_ex/bb-6b95f9-The_girl_become_a_caretaker_wh-2dda463a.mp3",
      "reason": "update",
      "hash_changed": false,
      "voice_def_changed": false
    },
    {
      "voice_id": "f9c4e7df-f211-4c47-a133-6c5ab3679467",
      "speaker": "bb",
      "text": "From serving tea to serving death - - much more rewarding, wouldn't you say, Haven?",
      "file_name": "voice_ex/bb-6b95f9-From_serving_tea_to_serving_de-da0d4515.mp3",
      "reason": "update",
      "hash_changed": false,
      "voice_def_changed": false
    },
    {
      "voice_id": "d38d409a-639e-470a-9e72-fbcfd7ac200a",
      "speaker": "bb",
      "text": "Ah, so you realize we're not so different! Serving the scarlet vision of powers beyond us.",
      "file_name": "voice_ex/bb-6b95f9-Ah_so_you_realize_were_not_s-fe5d64c2.mp3",
      "reason": "update",
      "hash_changed": false,
      "voice_def_changed": false
    },
    {
      "voice_id": "c53dd3f6-7d1a-4ad3-9d5e-1f93029ed70b",
      "speaker": "bb",
      "text": "Returned to die once more? So stubborn... Perhaps it is time for you to seek a more profitable contr...",
      "file_name": "voice_ex/bb-6b95f9-Returned_to_die_once_more_So_-eec97493.mp3",
      "reason": "update",
      "hash_changed": false,
      "voice_def_changed": false
    },
    {
      "voice_id": "facb68e8-4192-4e63-b192-f6682133e3ba",
      "speaker": "bb",
      "text": "As a wise forerunner of mine once said, better to rule in Hell than serve in Heaven.",
      "file_name": "voice_ex/bb-6b95f9-As_a_wise_forerunner_of_mine_o-65498fb4.mp3",
      "reason": "update",
      "hash_changed": false,
      "voice_def_changed": false
    },
    {
      "voice_id": "246a0ca9-116f-453e-a245-fc1742cef505",
      "speaker": "bb",
      "text": "Something you said, Haven, last time you were here. You are, ah, in this for something?",
      "file_name": "voice_ex/bb-6b95f9-Something_you_said_Haven_las-a72dc013.mp3",
      "reason": "update",
      "hash_changed": false,
      "voice_def_changed": false
    },
    {
      "voice_id": "6e3dc39c-931a-4f2c-b1c6-cdacebcaa1fb",
      "speaker": "bb",
      "text": "Spoken like a common sellsword. You are yet far from rising above your station, I see.",
      "file_name": "voice_ex/bb-6b95f9-Spoken_like_a_common_sellsword-df3fa148.mp3",
      "reason": "update",
      "hash_changed": false,
      "voice_def_changed": false
    },
    {
      "voice_id": "408772d0-4ed0-4470-8fe2-b148b6c7e86c",
      "speaker": "bb",
      "text": "You return, yet the path remains closed. How curious.",
      "file_name": "voice_ex/bb-6b95f9-You_return_yet_the_path_remai-d7867084.mp3",
      "reason": "update",
      "hash_changed": false,
      "voice_def_changed": false
    },
    {
      "voice_id": "c8e91f3a-0dad-4381-b3ea-22d0c3486d00",
      "speaker": "bb",
      "text": "The Seal's machinations are as inscrutable as they are infuriating. Perhaps it finds you as unworthy...",
      "file_name": "voice_ex/bb-6b95f9-The_Seals_machinations_are_as-1bbc8b39.mp3",
      "reason": "update",
      "hash_changed": false,
      "voice_def_changed": false
    },
    {
      "voice_id": "7ca8f97c-623d-4f41-9e17-708ac9c90985",
      "speaker": "bb",
      "text": "Back so soon? The Seal's rejection must sting.",
      "file_name": "voice_ex/bb-6b95f9-Back_so_soon_The_Seals_rejec-cbfb3ad7.mp3",
      "reason": "update",
      "hash_changed": false,
      "voice_def_changed": false
    },
    {
      "voice_id": "452e7208-c287-4a5b-a47a-909dcb0765e6",
      "speaker": "bb",
      "text": "Your persistence is admirable, if futile. What drives you, I wonder?",
      "file_name": "voice_ex/bb-6b95f9-Your_persistence_is_admirable-ccd36c44.mp3",
      "reason": "update",
      "hash_changed": false,
      "voice_def_changed": false
    },
    {
      "voice_id": "1751aebd-2c13-4d71-b2c7-dbdc982fe14a",
      "speaker": "bb",
      "text": "The Seal denies you, yet you persist. Is this devotion or desperation?",
      "file_name": "voice_ex/bb-6b95f9-The_Seal_denies_you_yet_you_p-fe241b99.mp3",
      "reason": "update",
      "hash_changed": false,
      "voice_def_changed": false
    },
    {
      "voice_id": "cd8d52ca-4f07-40bd-b578-1dfe4f852f61",
      "speaker": "bb",
      "text": "Your 'job' seems to lead you in circles. How long before you realize the futility?",
      "file_name": "voice_ex/bb-6b95f9-Your_job_seems_to_lead_you_i-0d7f0176.mp3",
      "reason": "update",
      "hash_changed": false,
      "voice_def_changed": false
    },
    {
      "voice_id": "62ae78af-41a5-417b-b2f7-f5866b850ccd",
      "speaker": "bb",
      "text": "You return like a tide, relentless yet achieving nothing.",
      "file_name": "voice_ex/bb-6b95f9-You_return_like_a_tide_relent-c33e9b4e.mp3",
      "reason": "update",
      "hash_changed": false,
      "voice_def_changed": false
    },
    {
      "voice_id": "22d2572f-70a7-411f-b1c6-de8a56c7ddd5",
      "speaker": "bb",
      "text": "Your victories are hollow. The Seal remains unmoved by your efforts.",
      "file_name": "voice_ex/bb-6b95f9-Your_victories_are_hollow._The-5dc1c429.mp3",
      "reason": "update",
      "hash_changed": false,
      "voice_def_changed": false
    },
    {
      "voice_id": "96de4788-df49-4311-a6bb-9aaba48db5ab",
      "speaker": "bb",
      "text": "Do you not tire of this endless cycle, Fenrix Haven?",
      "file_name": "voice_ex/bb-6b95f9-Do_you_not_tire_of_this_endles-00381ee1.mp3",
      "reason": "update",
      "hash_changed": false,
      "voice_def_changed": false
    },
    {
      "voice_id": "57503b7a-3ada-4bd0-9ce7-76e51509f97e",
      "speaker": "bb",
      "text": "The true punishment is your futile struggle against the Seal's will.",
      "file_name": "voice_ex/bb-6b95f9-The_true_punishment_is_your_fu-eefba61e.mp3",
      "reason": "update",
      "hash_changed": false,
      "voice_def_changed": false
    }
  ],
  "errors": []
}