{
  "timestamp": "2025-03-12T21:43:17.962771",
  "config": {
    "model_name": "eleven_multilingual_v2",
    "csv_file": "newData/voiceSheet.csv",
    "output_dir": "game",
    "force_rehash": false,
    "force_voice_defs": true,
    "dry_run": false
  },
  "statistics": {
    "total_entries": 3329,
    "processed": 3329,
    "skipped": 3323,
    "generated": 6,
    "updated_filenames": 6,
    "hash_changes_detected": 0,
    "voice_def_changes": 6,
    "errors": 0
  },
  "character_stats": {
    "nm": {
      "total": 32,
      "generated": 0,
      "skipped": 32,
      "errors": 0,
      "updated": 0,
      "hash_changes": 0,
      "voice_def_changes": 0
    },
    "fx": {
      "total": 1643,
      "generated": 2,
      "skipped": 1641,
      "errors": 0,
      "updated": 2,
      "hash_changes": 0,
      "voice_def_changes": 2
    },
    "ns": {
      "total": 52,
      "generated": 1,
      "skipped": 51,
      "errors": 0,
      "updated": 1,
      "hash_changes": 0,
      "voice_def_changes": 1
    },
    "lm": {
      "total": 459,
      "generated": 0,
      "skipped": 459,
      "errors": 0,
      "updated": 0,
      "hash_changes": 0,
      "voice_def_changes": 0
    },
    "nu": {
      "total": 33,
      "generated": 0,
      "skipped": 33,
      "errors": 0,
      "updated": 0,
      "hash_changes": 0,
      "voice_def_changes": 0
    },
    "sh": {
      "total": 46,
      "generated": 0,
      "skipped": 46,
      "errors": 0,
      "updated": 0,
      "hash_changes": 0,
      "voice_def_changes": 0
    },
    "g1": {
      "total": 73,
      "generated": 0,
      "skipped": 73,
      "errors": 0,
      "updated": 0,
      "hash_changes": 0,
      "voice_def_changes": 0
    },
    "g2": {
      "total": 140,
      "generated": 0,
      "skipped": 140,
      "errors": 0,
      "updated": 0,
      "hash_changes": 0,
      "voice_def_changes": 0
    },
    "hn": {
      "total": 93,
      "generated": 0,
      "skipped": 93,
      "errors": 0,
      "updated": 0,
      "hash_changes": 0,
      "voice_def_changes": 0
    },
    "ar": {
      "total": 368,
      "generated": 3,
      "skipped": 365,
      "errors": 0,
      "updated": 3,
      "hash_changes": 0,
      "voice_def_changes": 3
    },
    "kl": {
      "total": 220,
      "generated": 0,
      "skipped": 220,
      "errors": 0,
      "updated": 0,
      "hash_changes": 0,
      "voice_def_changes": 0
    },
    "bd": {
      "total": 39,
      "generated": 0,
      "skipped": 39,
      "errors": 0,
      "updated": 0,
      "hash_changes": 0,
      "voice_def_changes": 0
    },
    "void": {
      "total": 5,
      "generated": 0,
      "skipped": 5,
      "errors": 0,
      "updated": 0,
      "hash_changes": 0,
      "voice_def_changes": 0
    },
    "ua": {
      "total": 22,
      "generated": 0,
      "skipped": 22,
      "errors": 0,
      "updated": 0,
      "hash_changes": 0,
      "voice_def_changes": 0
    },
    "bb": {
      "total": 24,
      "generated": 0,
      "skipped": 24,
      "errors": 0,
      "updated": 0,
      "hash_changes": 0,
      "voice_def_changes": 0
    },
    "bl": {
      "total": 26,
      "generated": 0,
      "skipped": 26,
      "errors": 0,
      "updated": 0,
      "hash_changes": 0,
      "voice_def_changes": 0
    },
    "ba": {
      "total": 9,
      "generated": 0,
      "skipped": 9,
      "errors": 0,
      "updated": 0,
      "hash_changes": 0,
      "voice_def_changes": 0
    },
    "bs": {
      "total": 6,
      "generated": 0,
      "skipped": 6,
      "errors": 0,
      "updated": 0,
      "hash_changes": 0,
      "voice_def_changes": 0
    },
    "bm": {
      "total": 15,
      "generated": 0,
      "skipped": 15,
      "errors": 0,
      "updated": 0,
      "hash_changes": 0,
      "voice_def_changes": 0
    },
    "aw": {
      "total": 22,
      "generated": 0,
      "skipped": 22,
      "errors": 0,
      "updated": 0,
      "hash_changes": 0,
      "voice_def_changes": 0
    },
    "af": {
      "total": 2,
      "generated": 0,
      "skipped": 2,
      "errors": 0,
      "updated": 0,
      "hash_changes": 0,
      "voice_def_changes": 0
    }
  },
  "generated_files": [
    {
      "voice_id": "4f0d9581-cd68-4d92-b303-1cb00512cbc8",
      "speaker": "fx",
      "text": "Really?",
      "file_name": "voice_ex/fx-685d29-Really-e02f73c2.mp3",
      "reason": "voice def change",
      "hash_changed": false,
      "voice_def_changed": true
    },
    {
      "voice_id": "d09322a2-8765-46e4-a01b-3f36d942dd16",
      "speaker": "ns",
      "text": "Ready?",
      "file_name": "voice_ex/ns-4c5a2e-Ready-9f0de627.mp3",
      "reason": "voice def change",
      "hash_changed": false,
      "voice_def_changed": true
    },
    {
      "voice_id": "492f619c-4c42-4d90-b07e-af6696e86fd1",
      "speaker": "ar",
      "text": "Not enough.",
      "file_name": "voice_ex/ar-627f16-Not_enough.-a7227736.mp3",
      "reason": "voice def change",
      "hash_changed": false,
      "voice_def_changed": true
    },
    {
      "voice_id": "363063d8-d292-4472-a2be-6e28a0899cad",
      "speaker": "ar",
      "text": "Not yet.",
      "file_name": "voice_ex/ar-627f16-Not_yet.-13c9471e.mp3",
      "reason": "voice def change",
      "hash_changed": false,
      "voice_def_changed": true
    },
    {
      "voice_id": "4b00d1e2-da0c-4cfe-bbbd-344bc8b149f6",
      "speaker": "ar",
      "text": "Need more.",
      "file_name": "voice_ex/ar-627f16-Need_more.-b3d8b877.mp3",
      "reason": "voice def change",
      "hash_changed": false,
      "voice_def_changed": true
    },
    {
      "voice_id": "c89af411-a423-4636-af0e-8d0543717c6f",
      "speaker": "fx",
      "text": "What?",
      "file_name": "voice_ex/fx-685d29-What-da49e93f.mp3",
      "reason": "voice def change",
      "hash_changed": false,
      "voice_def_changed": true
    }
  ],
  "errors": []
}