{
  "timestamp": "2025-03-12T20:24:51.104738",
  "config": {
    "model_name": "eleven_multilingual_v2",
    "csv_file": "newData/voiceSheet.csv",
    "output_dir": "game",
    "force_rehash": false,
    "dry_run": false
  },
  "statistics": {
    "total_entries": 3329,
    "processed": 3329,
    "skipped": 3302,
    "generated": 27,
    "updated_filenames": 28,
    "hash_changes_detected": 0,
    "errors": 0
  },
  "character_stats": {
    "nm": {
      "total": 32,
      "generated": 0,
      "skipped": 32,
      "errors": 0,
      "updated": 0,
      "hash_changes": 0
    },
    "fx": {
      "total": 1643,
      "generated": 16,
      "skipped": 1627,
      "errors": 0,
      "updated": 17,
      "hash_changes": 0
    },
    "ns": {
      "total": 52,
      "generated": 0,
      "skipped": 52,
      "errors": 0,
      "updated": 0,
      "hash_changes": 0
    },
    "lm": {
      "total": 459,
      "generated": 11,
      "skipped": 448,
      "errors": 0,
      "updated": 11,
      "hash_changes": 0
    },
    "nu": {
      "total": 33,
      "generated": 0,
      "skipped": 33,
      "errors": 0,
      "updated": 0,
      "hash_changes": 0
    },
    "sh": {
      "total": 46,
      "generated": 0,
      "skipped": 46,
      "errors": 0,
      "updated": 0,
      "hash_changes": 0
    },
    "g1": {
      "total": 73,
      "generated": 0,
      "skipped": 73,
      "errors": 0,
      "updated": 0,
      "hash_changes": 0
    },
    "g2": {
      "total": 140,
      "generated": 0,
      "skipped": 140,
      "errors": 0,
      "updated": 0,
      "hash_changes": 0
    },
    "hn": {
      "total": 93,
      "generated": 0,
      "skipped": 93,
      "errors": 0,
      "updated": 0,
      "hash_changes": 0
    },
    "ar": {
      "total": 368,
      "generated": 0,
      "skipped": 368,
      "errors": 0,
      "updated": 0,
      "hash_changes": 0
    },
    "kl": {
      "total": 220,
      "generated": 0,
      "skipped": 220,
      "errors": 0,
      "updated": 0,
      "hash_changes": 0
    },
    "bd": {
      "total": 39,
      "generated": 0,
      "skipped": 39,
      "errors": 0,
      "updated": 0,
      "hash_changes": 0
    },
    "void": {
      "total": 5,
      "generated": 0,
      "skipped": 5,
      "errors": 0,
      "updated": 0,
      "hash_changes": 0
    },
    "ua": {
      "total": 22,
      "generated": 0,
      "skipped": 22,
      "errors": 0,
      "updated": 0,
      "hash_changes": 0
    },
    "bb": {
      "total": 24,
      "generated": 0,
      "skipped": 24,
      "errors": 0,
      "updated": 0,
      "hash_changes": 0
    },
    "bl": {
      "total": 26,
      "generated": 0,
      "skipped": 26,
      "errors": 0,
      "updated": 0,
      "hash_changes": 0
    },
    "ba": {
      "total": 9,
      "generated": 0,
      "skipped": 9,
      "errors": 0,
      "updated": 0,
      "hash_changes": 0
    },
    "bs": {
      "total": 6,
      "generated": 0,
      "skipped": 6,
      "errors": 0,
      "updated": 0,
      "hash_changes": 0
    },
    "bm": {
      "total": 15,
      "generated": 0,
      "skipped": 15,
      "errors": 0,
      "updated": 0,
      "hash_changes": 0
    },
    "aw": {
      "total": 22,
      "generated": 0,
      "skipped": 22,
      "errors": 0,
      "updated": 0,
      "hash_changes": 0
    },
    "af": {
      "total": 2,
      "generated": 0,
      "skipped": 2,
      "errors": 0,
      "updated": 0,
      "hash_changes": 0
    }
  },
  "generated_files": [
    {
      "voice_id": "a4b191b2-808f-4e6b-939e-9c3f73315b48",
      "speaker": "fx",
      "text": "Let's bet. If I'm right, you have to tell me one secret about yourself. I'll start: I'm awesome.",
      "file_name": "voice_ex/fx-685d29-Lets_bet._If_Im_right_you_h-1a9aecf2.mp3",
      "reason": "new",
      "hash_changed": false
    },
    {
      "voice_id": "3536b20c-bebc-4d25-85f0-85b486103e92",
      "speaker": "fx",
      "text": "Lumi, you called it 'Arcanus' earlier. What do you know about this thing?",
      "file_name": "voice_ex/fx-685d29-Lumi_you_called_it_Arcanus_-f9bf1461.mp3",
      "reason": "new",
      "hash_changed": false
    },
    {
      "voice_id": "91895c67-4e09-440c-9815-7a9a4c765d2d",
      "speaker": "lm",
      "text": "Arcanus was once a student here, meow. She helped Lucian summon Asmodeus!",
      "file_name": "voice_ex/lm-2e37f8-Arcanus_was_once_a_student_her-aa09141c.mp3",
      "reason": "new",
      "hash_changed": false
    },
    {
      "voice_id": "0d9b42aa-fa2a-4af7-86ea-a3b8c5a4ceec",
      "speaker": "fx",
      "text": "She helped summon Asmodeus, and you’re just telling me this now? No, hold on — what happened to her ...",
      "file_name": "voice_ex/fx-685d29-She_helped_summon_Asmodeus_an-35ac9287.mp3",
      "reason": "new",
      "hash_changed": false
    },
    {
      "voice_id": "0b7dd614-1c15-4b7e-8f8f-7acab2b04e71",
      "speaker": "lm",
      "text": "Nobody knows, meow!",
      "file_name": "voice_ex/lm-2e37f8-Nobody_knows_meow-f894134b.mp3",
      "reason": "new",
      "hash_changed": false
    },
    {
      "voice_id": "3de94c99-8431-4ce2-9e72-8d9f1aa3f319",
      "speaker": "fx",
      "text": "Whoa, guess someone’s not a fan of story time. Now I *really* want to know.",
      "file_name": "voice_ex/fx-685d29-Whoa_guess_someones_not_a_fa-b9dab2c6.mp3",
      "reason": "new",
      "hash_changed": false
    },
    {
      "voice_id": "ab1dc364-a824-46a9-86d4-4d3198f5b86c",
      "speaker": "fx",
      "text": "So how did Arcanus end up like this? What exactly was her relationship with Lucian?",
      "file_name": "voice_ex/fx-685d29-So_how_did_Arcanus_end_up_like-8cd1a5b6.mp3",
      "reason": "new",
      "hash_changed": false
    },
    {
      "voice_id": "d309c642-7511-40fc-8191-8d14f1a58855",
      "speaker": "lm",
      "text": "I don't know much, but they say she was beautiful, meow! She must have seduced Lucian with her beaut...",
      "file_name": "voice_ex/lm-2e37f8-I_dont_know_much_but_they_sa-e16b78af.mp3",
      "reason": "new",
      "hash_changed": false
    },
    {
      "voice_id": "95f6fa50-2f60-42a3-96b7-c813cb30f5ee",
      "speaker": "fx",
      "text": "Like an old tale. A dazzlingly beautiful woman, a man in love, and in the end... the beauty lost her...",
      "file_name": "voice_ex/fx-685d29-Like_an_old_tale._A_dazzlingly-831fb9e2.mp3",
      "reason": "new",
      "hash_changed": false
    },
    {
      "voice_id": "d52e237e-21c3-41fc-bbe6-fef16d593ad7",
      "speaker": "lm",
      "text": "She lost her beauty but not her power, meow! Stay alert, meow!",
      "file_name": "voice_ex/lm-2e37f8-She_lost_her_beauty_but_not_he-095d9d1e.mp3",
      "reason": "new",
      "hash_changed": false
    },
    {
      "voice_id": "da66bd41-7d36-4242-b3e1-c5b83b93a095",
      "speaker": "fx",
      "text": "That thing... whatever it is... It used Chloe's appearance to mess with me.",
      "file_name": "voice_ex/fx-685d29-That_thing..._whatever_it_is..-7f49f8c6.mp3",
      "reason": "new",
      "hash_changed": false
    },
    {
      "voice_id": "b4288d9e-9324-4636-a3de-377c2ebeefc9",
      "speaker": "fx",
      "text": "And what's with that giant mirror she's holding? Those light beams and shards are really getting on ...",
      "file_name": "voice_ex/fx-685d29-And_whats_with_that_giant_mir-fa37f61e.mp3",
      "reason": "new",
      "hash_changed": false
    },
    {
      "voice_id": "3235f118-31aa-4969-b09a-a394a247b1ae",
      "speaker": "lm",
      "text": "But breaking mirrors means seven years of bad luck, meow! That's a problem!",
      "file_name": "voice_ex/lm-2e37f8-But_breaking_mirrors_means_sev-943702fe.mp3",
      "reason": "new",
      "hash_changed": false
    },
    {
      "voice_id": "ba3f78a2-439e-4377-96c7-a85e8ad73245",
      "speaker": "fx",
      "text": "Misfortune? Pretty sure it’s got my name on it. Let’s see if that mirror breaks easier than my luck.",
      "file_name": "voice_ex/fx-685d29-Misfortune_Pretty_sure_its_g-10fafff2.mp3",
      "reason": "new",
      "hash_changed": false
    },
    {
      "voice_id": "d62f4c33-1b2d-4503-9c0a-fc02863d8dda",
      "speaker": "lm",
      "text": "Fenrix, last time you said the name Chloe! Who was she, meow?",
      "file_name": "voice_ex/lm-2e37f8-Fenrix_last_time_you_said_the-93f5a05f.mp3",
      "reason": "new",
      "hash_changed": false
    },
    {
      "voice_id": "99925852-8777-4e0b-a2b3-3269fe4ab234",
      "speaker": "fx",
      "text": "Chloe was my sister.",
      "file_name": "voice_ex/fx-685d29-Chloe_was_my_sister.-eeaf6af7.mp3",
      "reason": "new",
      "hash_changed": false
    },
    {
      "voice_id": "3cc625f5-79c3-4279-93c5-d71c46b5e87e",
      "speaker": "lm",
      "text": "Meow! Then where is she now—?",
      "file_name": "voice_ex/lm-2e37f8-Meow_Then_where_is_she_now-a8671350.mp3",
      "reason": "new",
      "hash_changed": false
    },
    {
      "voice_id": "688cf29b-e4ee-4893-9ea0-bc9d6b677382",
      "speaker": "fx",
      "text": "A demon imitated Chloe is something I cannot and will not forgive. Ever.",
      "file_name": "voice_ex/fx-685d29-A_demon_imitated_Chloe_is_some-1e47f5a6.mp3",
      "reason": "new",
      "hash_changed": false
    },
    {
      "voice_id": "ab5a03df-f7a5-431c-97f6-594f417f81ff",
      "speaker": "fx",
      "text": "Laugh while you can. Let’s see if you still can after I shatter that mirror.",
      "file_name": "voice_ex/fx-685d29-Laugh_while_you_can._Lets_see-34c9c1f7.mp3",
      "reason": "new",
      "hash_changed": false
    },
    {
      "voice_id": "2500eca8-5aae-44fc-98af-b92bfa92ae18",
      "speaker": "fx",
      "text": "But why is Arcanus faceless? What does it mean?",
      "file_name": "voice_ex/fx-685d29-But_why_is_Arcanus_faceless_W-a03e3c2a.mp3",
      "reason": "new",
      "hash_changed": false
    },
    {
      "voice_id": "9c4324f3-6a43-4d27-9940-7cb134fb94b3",
      "speaker": "lm",
      "text": "I don't know, meow! But those without faces... They're the ones who lost themselves!",
      "file_name": "voice_ex/lm-2e37f8-I_dont_know_meow_But_those_-9eb436a0.mp3",
      "reason": "new",
      "hash_changed": false
    },
    {
      "voice_id": "10d057a2-2505-4154-b8df-cdf262e97174",
      "speaker": "lm",
      "text": "No will, no voice, no past. Just a shell, moving as commanded, meow.",
      "file_name": "voice_ex/lm-2e37f8-No_will_no_voice_no_past._Ju-84652757.mp3",
      "reason": "new",
      "hash_changed": false
    },
    {
      "voice_id": "b74ac8df-85a4-4f2e-89b2-7487f6437148",
      "speaker": "fx",
      "text": "Just an empty husk, bound to orders, with no past or self... No one should end up like this.",
      "file_name": "voice_ex/fx-685d29-Just_an_empty_husk_bound_to_o-3fb88b22.mp3",
      "reason": "new",
      "hash_changed": false
    },
    {
      "voice_id": "f3dddda4-f514-4b4e-86e1-98231806625d",
      "speaker": "lm",
      "text": "Arcanus was the second most beautiful student at the academy, meow! The first was Ariella, of course...",
      "file_name": "voice_ex/lm-2e37f8-Arcanus_was_the_second_most_be-4c9f1808.mp3",
      "reason": "new",
      "hash_changed": false
    },
    {
      "voice_id": "1fad7e61-3055-48f8-91c5-2d66ae3cb2a4",
      "speaker": "fx",
      "text": "The void showing through her face is... striking. And all those hands on that neck? Great for multit...",
      "file_name": "voice_ex/fx-685d29-The_void_showing_through_her_f-01352b16.mp3",
      "reason": "new",
      "hash_changed": false
    },
    {
      "voice_id": "5d31e5ab-4a61-425b-a498-8ddbec7fae69",
      "speaker": "lm",
      "text": "Have you counted how many stars are in her face, meow? I counted up to 42, meow!",
      "file_name": "voice_ex/lm-2e37f8-Have_you_counted_how_many_star-52f0215b.mp3",
      "reason": "new",
      "hash_changed": false
    },
    {
      "voice_id": "5614fafb-3645-4277-ad28-b5ea22a79d05",
      "speaker": "fx",
      "text": "What? If I die this time, please make sure my tombstone reads 'Died in battle while Lumi was countin...",
      "file_name": "voice_ex/fx-685d29-What_If_I_die_this_time_plea-4d98041b.mp3",
      "reason": "new",
      "hash_changed": false
    }
  ],
  "errors": []
}