{
  "timestamp": "2025-03-13T12:29:06.249146",
  "config": {
    "model_name": "eleven_multilingual_v2",
    "csv_file": "newData/voiceSheet.csv",
    "output_dir": "game",
    "force_rehash": true,
    "force_voice_defs": false,
    "dry_run": false
  },
  "statistics": {
    "total_entries": 3369,
    "processed": 3369,
    "skipped": 3331,
    "generated": 38,
    "updated_filenames": 42,
    "hash_changes_detected": 2,
    "voice_def_changes": 0,
    "errors": 0
  },
  "character_stats": {
    "nm": {
      "total": 32,
      "generated": 0,
      "skipped": 32,
      "errors": 0,
      "updated": 0,
      "hash_changes": 0,
      "voice_def_changes": 0
    },
    "fx": {
      "total": 1663,
      "generated": 18,
      "skipped": 1645,
      "errors": 0,
      "updated": 22,
      "hash_changes": 1,
      "voice_def_changes": 0
    },
    "ns": {
      "total": 52,
      "generated": 0,
      "skipped": 52,
      "errors": 0,
      "updated": 0,
      "hash_changes": 0,
      "voice_def_changes": 0
    },
    "lm": {
      "total": 459,
      "generated": 0,
      "skipped": 459,
      "errors": 0,
      "updated": 0,
      "hash_changes": 0,
      "voice_def_changes": 0
    },
    "nu": {
      "total": 33,
      "generated": 0,
      "skipped": 33,
      "errors": 0,
      "updated": 0,
      "hash_changes": 0,
      "voice_def_changes": 0
    },
    "sh": {
      "total": 46,
      "generated": 0,
      "skipped": 46,
      "errors": 0,
      "updated": 0,
      "hash_changes": 0,
      "voice_def_changes": 0
    },
    "g1": {
      "total": 75,
      "generated": 2,
      "skipped": 73,
      "errors": 0,
      "updated": 2,
      "hash_changes": 0,
      "voice_def_changes": 0
    },
    "g2": {
      "total": 140,
      "generated": 0,
      "skipped": 140,
      "errors": 0,
      "updated": 0,
      "hash_changes": 0,
      "voice_def_changes": 0
    },
    "hn": {
      "total": 93,
      "generated": 0,
      "skipped": 93,
      "errors": 0,
      "updated": 0,
      "hash_changes": 0,
      "voice_def_changes": 0
    },
    "ar": {
      "total": 381,
      "generated": 12,
      "skipped": 369,
      "errors": 0,
      "updated": 13,
      "hash_changes": 0,
      "voice_def_changes": 0
    },
    "kl": {
      "total": 224,
      "generated": 3,
      "skipped": 221,
      "errors": 0,
      "updated": 3,
      "hash_changes": 0,
      "voice_def_changes": 0
    },
    "bd": {
      "total": 39,
      "generated": 0,
      "skipped": 39,
      "errors": 0,
      "updated": 0,
      "hash_changes": 0,
      "voice_def_changes": 0
    },
    "void": {
      "total": 5,
      "generated": 0,
      "skipped": 5,
      "errors": 0,
      "updated": 0,
      "hash_changes": 0,
      "voice_def_changes": 0
    },
    "ua": {
      "total": 22,
      "generated": 1,
      "skipped": 21,
      "errors": 0,
      "updated": 1,
      "hash_changes": 1,
      "voice_def_changes": 0
    },
    "bb": {
      "total": 25,
      "generated": 2,
      "skipped": 23,
      "errors": 0,
      "updated": 1,
      "hash_changes": 0,
      "voice_def_changes": 0
    },
    "bl": {
      "total": 26,
      "generated": 0,
      "skipped": 26,
      "errors": 0,
      "updated": 0,
      "hash_changes": 0,
      "voice_def_changes": 0
    },
    "ba": {
      "total": 9,
      "generated": 0,
      "skipped": 9,
      "errors": 0,
      "updated": 0,
      "hash_changes": 0,
      "voice_def_changes": 0
    },
    "bs": {
      "total": 6,
      "generated": 0,
      "skipped": 6,
      "errors": 0,
      "updated": 0,
      "hash_changes": 0,
      "voice_def_changes": 0
    },
    "bm": {
      "total": 15,
      "generated": 0,
      "skipped": 15,
      "errors": 0,
      "updated": 0,
      "hash_changes": 0,
      "voice_def_changes": 0
    },
    "aw": {
      "total": 22,
      "generated": 0,
      "skipped": 22,
      "errors": 0,
      "updated": 0,
      "hash_changes": 0,
      "voice_def_changes": 0
    },
    "af": {
      "total": 2,
      "generated": 0,
      "skipped": 2,
      "errors": 0,
      "updated": 0,
      "hash_changes": 0,
      "voice_def_changes": 0
    }
  },
  "generated_files": [
    {
      "voice_id": "58c11fb9-da38-4e34-a48a-68791243d818",
      "speaker": "fx",
      "text": "So I've gone from hunting needles in haystacks to being dropped in a needle factory. Perfect.",
      "file_name": "voice_ex/fx-685d29-So_Ive_gone_from_hunting_need-8034d8e9.mp3",
      "reason": "hash change",
      "hash_changed": true,
      "voice_def_changed": false
    },
    {
      "voice_id": "696ef7d3-3ecc-40ad-9468-6fa45d873b43",
      "speaker": "bb",
      "text": "A better question to ask would be, what wasn't I doing? A butler does much behind the scenes, you se...",
      "file_name": "voice_ex/bb-6b95f9-A_better_question_to_ask_would-03394a2e.mp3",
      "reason": "update",
      "hash_changed": false,
      "voice_def_changed": false
    },
    {
      "voice_id": "0f918da1-77b2-4642-a6eb-4370afe54f1f",
      "speaker": "ua",
      "text": "When? Where? Does it even matter?",
      "file_name": "voice_ex/ua-6f8fb5-When_Where_Does_it_even_matt-79027113.mp3",
      "reason": "hash change",
      "hash_changed": true,
      "voice_def_changed": false
    },
    {
      "voice_id": "5696a20e-507d-499d-be39-3a16fb412ab8",
      "speaker": "fx",
      "text": "Say, Keke... has Ariella been acting different lately? Maybe taking longer to get ready, or anything...",
      "file_name": "voice_ex/fx-685d29-Say_Keke..._has_Ariella_been_-e7b2a684.mp3",
      "reason": "new",
      "hash_changed": false,
      "voice_def_changed": false
    },
    {
      "voice_id": "91109a03-0daa-45bd-b609-f1cd0ad5a99d",
      "speaker": "g1",
      "text": "Oh! Miss Ella always takes a few extra minutes to prepare when guests arrive! It's basic courtesy, s...",
      "file_name": "voice_ex/g1-6b95f9-Oh_Miss_Ella_always_takes_a_f-1c90de17.mp3",
      "reason": "new",
      "hash_changed": false,
      "voice_def_changed": false
    },
    {
      "voice_id": "0183e398-1998-4632-bd8e-1ca57c495737",
      "speaker": "fx",
      "text": "Right, right. Of course she would.",
      "file_name": "voice_ex/fx-685d29-Right_right._Of_course_she_wo-b69d509f.mp3",
      "reason": "new",
      "hash_changed": false,
      "voice_def_changed": false
    },
    {
      "voice_id": "8cb9b8d5-7b28-47c5-8548-16967bffb849",
      "speaker": "fx",
      "text": "Speaking of which, this sanctuary layout is confusing. Which way to the battlefield again?",
      "file_name": "voice_ex/fx-685d29-Speaking_of_which_this_sanctu-eb2544bd.mp3",
      "reason": "new",
      "hash_changed": false,
      "voice_def_changed": false
    },
    {
      "voice_id": "a24cc88e-f9cf-4e5e-b473-725e90735868",
      "speaker": "g1",
      "text": "Just take the elevator right in front of you, Sir Fenrix!",
      "file_name": "voice_ex/g1-6b95f9-Just_take_the_elevator_right_i-19a6177a.mp3",
      "reason": "new",
      "hash_changed": false,
      "voice_def_changed": false
    },
    {
      "voice_id": "16445f7c-195a-4a56-a485-aec70e05f7a2",
      "speaker": "fx",
      "text": "Ah, right. Uh... thanks.",
      "file_name": "voice_ex/fx-685d29-Ah_right._Uh..._thanks.-ade16230.mp3",
      "reason": "new",
      "hash_changed": false,
      "voice_def_changed": false
    },
    {
      "voice_id": "6b28bee8-ea4d-4848-b68c-1ff3b966c92f",
      "speaker": "bb",
      "text": "Tch... Savor this meaningless victory. When he rises, nothing will remain.",
      "file_name": "voice_ex/bb-6b95f9-Tch..._Savor_this_meaningless_-cf1addb9.mp3",
      "reason": "new",
      "hash_changed": false,
      "voice_def_changed": false
    },
    {
      "voice_id": "e1788acd-a462-41bb-9c3c-fff200373b1c",
      "speaker": "ar",
      "text": "What? No. That’s ridiculous. She wouldn't—! She couldn't!",
      "file_name": "voice_ex/ar-627f16-What_No._Thats_ridiculous._S-e22ca083.mp3",
      "reason": "new",
      "hash_changed": false,
      "voice_def_changed": false
    },
    {
      "voice_id": "c169d9ab-1e28-4761-82f3-42a4ca4c456e",
      "speaker": "kl",
      "text": "This is bad. The Arbor sustains the entire Seal. If the Arbor burns, the Archdemon will be freed.",
      "file_name": "voice_ex/kl-6b95f9-This_is_bad._The_Arbor_sustain-f059125e.mp3",
      "reason": "new",
      "hash_changed": false,
      "voice_def_changed": false
    },
    {
      "voice_id": "cac8e5e3-a417-48b7-b310-7cbe819ba547",
      "speaker": "fx",
      "text": "Then we have no time to waste here. I'll go find that shadow right now.",
      "file_name": "voice_ex/fx-685d29-Then_we_have_no_time_to_waste_-92306b32.mp3",
      "reason": "new",
      "hash_changed": false,
      "voice_def_changed": false
    },
    {
      "voice_id": "3c76e4e6-3201-4c80-ad31-11e3f7ee6409",
      "speaker": "ar",
      "text": "But there's a problem! A huge problem! The Arbor... it's not acknowledging you!",
      "file_name": "voice_ex/ar-627f16-But_theres_a_problem_A_huge_-cf6fb7f4.mp3",
      "reason": "new",
      "hash_changed": false,
      "voice_def_changed": false
    },
    {
      "voice_id": "5ea91953-26ba-4e8b-b005-e196313f2401",
      "speaker": "fx",
      "text": "What... What's that supposed to mean?",
      "file_name": "voice_ex/fx-685d29-What..._Whats_that_supposed_t-7c9fd6c1.mp3",
      "reason": "new",
      "hash_changed": false,
      "voice_def_changed": false
    },
    {
      "voice_id": "d8774d5f-f4e4-45c6-adff-eb76ca09ad74",
      "speaker": "kl",
      "text": "This Seal is a prison of demons divided into several layers, Fenrix. The deeper we go, the stronger ...",
      "file_name": "voice_ex/kl-6b95f9-This_Seal_is_a_prison_of_demon-d7b0906c.mp3",
      "reason": "new",
      "hash_changed": false,
      "voice_def_changed": false
    },
    {
      "voice_id": "499f1459-b4fb-41f9-aac1-5ec7f16cb577",
      "speaker": "ar",
      "text": "To descend deeper, you have to prove your worth! You did— but the Arbor still refuses to acknowledge...",
      "file_name": "voice_ex/ar-627f16-To_descend_deeper_you_have_to-3b3c2cef.mp3",
      "reason": "new",
      "hash_changed": false,
      "voice_def_changed": false
    },
    {
      "voice_id": "d111b90d-9d56-4a21-989f-7923c2c0e93a",
      "speaker": "fx",
      "text": "Even after defeating Arcanus, huh? So that means... I still can't go down to the third layer.",
      "file_name": "voice_ex/fx-685d29-Even_after_defeating_Arcanus_-78e6941b.mp3",
      "reason": "new",
      "hash_changed": false,
      "voice_def_changed": false
    },
    {
      "voice_id": "8d6e91a8-0c60-4c7e-93b2-23e37713788e",
      "speaker": "kl",
      "text": "That's right. This has never happened before, Fenrix. Will you continue investigating? We'll look fo...",
      "file_name": "voice_ex/kl-6b95f9-Thats_right._This_has_never_h-342817d5.mp3",
      "reason": "new",
      "hash_changed": false,
      "voice_def_changed": false
    },
    {
      "voice_id": "715c82a3-54bc-479b-bceb-d66980f37fb8",
      "speaker": "ar",
      "text": "Fenrix, that woman who called herself my shadow... Did she really say she would burn the Arbor?",
      "file_name": "voice_ex/ar-627f16-Fenrix_that_woman_who_called_-35f75306.mp3",
      "reason": "new",
      "hash_changed": false,
      "voice_def_changed": false
    },
    {
      "voice_id": "fcefd0cc-8a58-4097-acf2-299172fcdd8a",
      "speaker": "fx",
      "text": "Yeah, among other crazy things she said, she was pretty clear about that. Burning the Arbor.",
      "file_name": "voice_ex/fx-685d29-Yeah_among_other_crazy_things-58fc3453.mp3",
      "reason": "new",
      "hash_changed": false,
      "voice_def_changed": false
    },
    {
      "voice_id": "be023122-3483-4319-beca-cb54489512f8",
      "speaker": "ar",
      "text": "Could she mean 'the Fire'?",
      "file_name": "voice_ex/ar-627f16-Could_she_mean_the_Fire-143da008.mp3",
      "reason": "new",
      "hash_changed": false,
      "voice_def_changed": false
    },
    {
      "voice_id": "456103fa-f73b-41f9-a5ba-8a5141a5bb21",
      "speaker": "ar",
      "text": "No, Fenrix, no. not just any fire. The \"Fire\".",
      "file_name": "voice_ex/ar-627f16-No_Fenrix_no._not_just_any_f-311d0a0d.mp3",
      "reason": "new",
      "hash_changed": false,
      "voice_def_changed": false
    },
    {
      "voice_id": "353f5327-b698-4814-acda-0accebfd6f3c",
      "speaker": "fx",
      "text": "Are you kidding me, Ariella? That 'Fire' whatever just signed me up for the Can't-Sleep-From-Sheer-C...",
      "file_name": "voice_ex/fx-685d29-Are_you_kidding_me_Ariella_T-226f66dc.mp3",
      "reason": "new",
      "hash_changed": false,
      "voice_def_changed": false
    },
    {
      "voice_id": "22ce9de6-6941-4fe5-8564-8e8815348d03",
      "speaker": "fx",
      "text": "And guess what? The members are giving me one hell of a welcome party!",
      "file_name": "voice_ex/fx-685d29-And_guess_what_The_members_ar-28fe442c.mp3",
      "reason": "new",
      "hash_changed": false,
      "voice_def_changed": false
    },
    {
      "voice_id": "7cb06ea7-6146-4532-afc8-54fec6313309",
      "speaker": "fx",
      "text": "Alright, last time, that... fire, whatever it was. What exactly is it? I need answers, Ariella.",
      "file_name": "voice_ex/fx-685d29-Alright_last_time_that..._fi-9b978f14.mp3",
      "reason": "new",
      "hash_changed": false,
      "voice_def_changed": false
    },
    {
      "voice_id": "d9462801-9cf1-463c-86f3-38d4108c2e40",
      "speaker": "ar",
      "text": "I told you to forget about it.",
      "file_name": "voice_ex/ar-627f16-I_told_you_to_forget_about_it.-ee2fd33e.mp3",
      "reason": "new",
      "hash_changed": false,
      "voice_def_changed": false
    },
    {
      "voice_id": "216b6f0c-4176-4abc-8319-9be56aec39d6",
      "speaker": "fx",
      "text": "The Shadow mentioned burning the Arbor, and you thought of fire. That means it’s connected—to her an...",
      "file_name": "voice_ex/fx-685d29-The_Shadow_mentioned_burning_t-91e9bcbc.mp3",
      "reason": "new",
      "hash_changed": false,
      "voice_def_changed": false
    },
    {
      "voice_id": "8f435904-bb92-475f-b7d9-ee356eeaf127",
      "speaker": "ar",
      "text": "Persistent, aren’t you? Fine. The fire means the 'First Fire.' Asmodeus' greatest weapon. I sealed i...",
      "file_name": "voice_ex/ar-627f16-Persistent_arent_you_Fine._-7570fbe6.mp3",
      "reason": "new",
      "hash_changed": false,
      "voice_def_changed": false
    },
    {
      "voice_id": "44c7c3d4-dec4-472a-9cdb-521ef042a151",
      "speaker": "ar",
      "text": "He used it to tempt and control humans. But few even know it exists, so it shouldn't matter.",
      "file_name": "voice_ex/ar-627f16-He_used_it_to_tempt_and_contro-87a06e7f.mp3",
      "reason": "new",
      "hash_changed": false,
      "voice_def_changed": false
    },
    {
      "voice_id": "c77c0b04-d976-4125-96f2-0b6210955bc2",
      "speaker": "fx",
      "text": "Hmm... but you know about it. And that Shadow— she looks enough like you to fool just about anyone.....",
      "file_name": "voice_ex/fx-685d29-Hmm..._but_you_know_about_it._-f4a88f96.mp3",
      "reason": "new",
      "hash_changed": false,
      "voice_def_changed": false
    },
    {
      "voice_id": "c9ff87a7-cb8f-457b-93e5-99d0cf16ca6f",
      "speaker": "fx",
      "text": "How long do you think it'll take to get the Arbor's approval? I need to plan ahead, you know, clear ...",
      "file_name": "voice_ex/fx-685d29-How_long_do_you_think_itll_ta-191cba13.mp3",
      "reason": "new",
      "hash_changed": false,
      "voice_def_changed": false
    },
    {
      "voice_id": "f201dcd0-c205-4b78-8e3a-90a24501e6ca",
      "speaker": "ar",
      "text": "Time flows differently within the Seal, Fenrix. What feels like days here might be moments outside, ...",
      "file_name": "voice_ex/ar-627f16-Time_flows_differently_within_-011ae27e.mp3",
      "reason": "new",
      "hash_changed": false,
      "voice_def_changed": false
    },
    {
      "voice_id": "a3b80306-391e-46a0-b88d-070d3c4bdd44",
      "speaker": "fx",
      "text": "Umm... and so?",
      "file_name": "voice_ex/fx-685d29-Umm..._and_so-def9e17b.mp3",
      "reason": "new",
      "hash_changed": false,
      "voice_def_changed": false
    },
    {
      "voice_id": "11c5f190-6752-477d-a28c-06040feecdf8",
      "speaker": "ar",
      "text": "The Arbor's time follows resonating patterns, not linear progression. It's about reaching harmony, n...",
      "file_name": "voice_ex/ar-627f16-The_Arbors_time_follows_reson-b97e5d7f.mp3",
      "reason": "new",
      "hash_changed": false,
      "voice_def_changed": false
    },
    {
      "voice_id": "c224db16-698f-4842-a932-988688338628",
      "speaker": "fx",
      "text": "Right. So you have absolutely no idea. Next time, just say \"I don't know\" and save us both some time...",
      "file_name": "voice_ex/fx-685d29-Right._So_you_have_absolutely_-1cff9a4b.mp3",
      "reason": "new",
      "hash_changed": false,
      "voice_def_changed": false
    },
    {
      "voice_id": "50e902e7-9715-4b73-bf16-46b3493aebe6",
      "speaker": "ar",
      "text": "Unbelievable. I just gave you a perfectly precise explanation of the asymmetrical temporal flow with...",
      "file_name": "voice_ex/ar-627f16-Unbelievable._I_just_gave_you_-dff49ebd.mp3",
      "reason": "new",
      "hash_changed": false,
      "voice_def_changed": false
    },
    {
      "voice_id": "97528ea4-67ba-40e7-9fd1-06142603159e",
      "speaker": "fx",
      "text": "Got it, Professor. So basically, 'keep investigating'? I'll never get magical dynamics, but that I c...",
      "file_name": "voice_ex/fx-685d29-Got_it_Professor._So_basicall-2327d32e.mp3",
      "reason": "new",
      "hash_changed": false,
      "voice_def_changed": false
    }
  ],
  "errors": []
}