{
  "timestamp": "2025-03-17T20:25:41.407323",
  "config": {
    "model_name": "eleven_multilingual_v2",
    "csv_file": "newData/voiceSheet.csv",
    "output_dir": "game",
    "force_rehash": true,
    "force_voice_defs": false,
    "dry_run": false
  },
  "statistics": {
    "total_entries": 3429,
    "processed": 3429,
    "skipped": 3179,
    "generated": 250,
    "updated_filenames": 1220,
    "hash_changes_detected": 29,
    "voice_def_changes": 0,
    "errors": 0
  },
  "character_stats": {
    "nm": {
      "total": 32,
      "generated": 6,
      "skipped": 26,
      "errors": 0,
      "updated": 6,
      "hash_changes": 5,
      "voice_def_changes": 0
    },
    "fx": {
      "total": 1686,
      "generated": 108,
      "skipped": 1578,
      "errors": 0,
      "updated": 414,
      "hash_changes": 16,
      "voice_def_changes": 0
    },
    "ns": {
      "total": 60,
      "generated": 20,
      "skipped": 40,
      "errors": 0,
      "updated": 20,
      "hash_changes": 0,
      "voice_def_changes": 0
    },
    "nu": {
      "total": 36,
      "generated": 8,
      "skipped": 28,
      "errors": 0,
      "updated": 9,
      "hash_changes": 2,
      "voice_def_changes": 0
    },
    "lm": {
      "total": 455,
      "generated": 49,
      "skipped": 406,
      "errors": 0,
      "updated": 431,
      "hash_changes": 2,
      "voice_def_changes": 0
    },
    "sh": {
      "total": 46,
      "generated": 0,
      "skipped": 46,
      "errors": 0,
      "updated": 46,
      "hash_changes": 0,
      "voice_def_changes": 0
    },
    "g1": {
      "total": 75,
      "generated": 0,
      "skipped": 75,
      "errors": 0,
      "updated": 54,
      "hash_changes": 0,
      "voice_def_changes": 0
    },
    "g2": {
      "total": 142,
      "generated": 2,
      "skipped": 140,
      "errors": 0,
      "updated": 14,
      "hash_changes": 0,
      "voice_def_changes": 0
    },
    "hn": {
      "total": 111,
      "generated": 18,
      "skipped": 93,
      "errors": 0,
      "updated": 53,
      "hash_changes": 0,
      "voice_def_changes": 0
    },
    "ar": {
      "total": 389,
      "generated": 31,
      "skipped": 358,
      "errors": 0,
      "updated": 100,
      "hash_changes": 2,
      "voice_def_changes": 0
    },
    "kl": {
      "total": 224,
      "generated": 2,
      "skipped": 222,
      "errors": 0,
      "updated": 62,
      "hash_changes": 0,
      "voice_def_changes": 0
    },
    "bd": {
      "total": 39,
      "generated": 0,
      "skipped": 39,
      "errors": 0,
      "updated": 1,
      "hash_changes": 0,
      "voice_def_changes": 0
    },
    "void": {
      "total": 5,
      "generated": 0,
      "skipped": 5,
      "errors": 0,
      "updated": 0,
      "hash_changes": 0,
      "voice_def_changes": 0
    },
    "ua": {
      "total": 24,
      "generated": 6,
      "skipped": 18,
      "errors": 0,
      "updated": 6,
      "hash_changes": 2,
      "voice_def_changes": 0
    },
    "bb": {
      "total": 25,
      "generated": 0,
      "skipped": 25,
      "errors": 0,
      "updated": 0,
      "hash_changes": 0,
      "voice_def_changes": 0
    },
    "bl": {
      "total": 26,
      "generated": 0,
      "skipped": 26,
      "errors": 0,
      "updated": 4,
      "hash_changes": 0,
      "voice_def_changes": 0
    },
    "ba": {
      "total": 9,
      "generated": 0,
      "skipped": 9,
      "errors": 0,
      "updated": 0,
      "hash_changes": 0,
      "voice_def_changes": 0
    },
    "bs": {
      "total": 6,
      "generated": 0,
      "skipped": 6,
      "errors": 0,
      "updated": 0,
      "hash_changes": 0,
      "voice_def_changes": 0
    },
    "bm": {
      "total": 15,
      "generated": 0,
      "skipped": 15,
      "errors": 0,
      "updated": 0,
      "hash_changes": 0,
      "voice_def_changes": 0
    },
    "aw": {
      "total": 22,
      "generated": 0,
      "skipped": 22,
      "errors": 0,
      "updated": 0,
      "hash_changes": 0,
      "voice_def_changes": 0
    },
    "af": {
      "total": 2,
      "generated": 0,
      "skipped": 2,
      "errors": 0,
      "updated": 0,
      "hash_changes": 0,
      "voice_def_changes": 0
    }
  },
  "generated_files": [
    {
      "voice_id": "9b2eff3a-c590-4f71-8979-b6970dcdb783",
      "speaker": "nm",
      "text": "Strength and discipline. Pick a blessing, kid. Show me you're more than just talk.",
      "file_name": "voice_ex/nm-6b95f9-Strength_and_discipline._Pick_-7bc137d2.mp3",
      "reason": "hash change",
      "hash_changed": true,
      "voice_def_changed": false
    },
    {
      "voice_id": "46619f04-6241-445d-9584-e952d0ae0abf",
      "speaker": "fx",
      "text": "Potential and charm - what more could you ask for? Focus and restraint are for people who can't thin...",
      "file_name": "voice_ex/fx-685d29-Potential_and_charm_-_what_mor-20e68105.mp3",
      "reason": "hash change",
      "hash_changed": true,
      "voice_def_changed": false
    },
    {
      "voice_id": "b9e0f0a3-dfd5-4e52-8813-05d7f9a87e98",
      "speaker": "nm",
      "text": "And overconfidence is for people who don't live long. Prove you can keep your head when it matters.",
      "file_name": "voice_ex/nm-6b95f9-And_overconfidence_is_for_peop-1c60295b.mp3",
      "reason": "hash change",
      "hash_changed": true,
      "voice_def_changed": false
    },
    {
      "voice_id": "4f7535ee-07d6-4291-87b5-d07b80b51ecb",
      "speaker": "fx",
      "text": "I've got my head on straight. Don't worry, I'll shows that I'm more than just charm.",
      "file_name": "voice_ex/fx-685d29-Ive_got_my_head_on_straight._-42e65c20.mp3",
      "reason": "hash change",
      "hash_changed": true,
      "voice_def_changed": false
    },
    {
      "voice_id": "c60264e7-ac10-4d34-9107-9073f38bc8fc",
      "speaker": "fx",
      "text": "He wants out? Sorry, forgot to bring my permission slip. But this is literally what I do best. Consi...",
      "file_name": "voice_ex/fx-685d29-He_wants_out_Sorry_forgot_to-7ba9349f.mp3",
      "reason": "new",
      "hash_changed": false,
      "voice_def_changed": false
    },
    {
      "voice_id": "d82f73a9-51ec-4639-80a3-b20b894c294b",
      "speaker": "nm",
      "text": "This is the fate of worlds you jest about, Fenrix. Will that attitude save humanity when darkness co...",
      "file_name": "voice_ex/nm-6b95f9-This_is_the_fate_of_worlds_you-e2bdb035.mp3",
      "reason": "new",
      "hash_changed": false,
      "voice_def_changed": false
    },
    {
      "voice_id": "8ff6cdf8-10d4-4cf2-95fd-a972de35b96a",
      "speaker": "fx",
      "text": "Believe me, I'm taking it seriously. Let's see what blessing fits the occasion.",
      "file_name": "voice_ex/fx-685d29-Believe_me_Im_taking_it_seri-ecd6531b.mp3",
      "reason": "hash change",
      "hash_changed": true,
      "voice_def_changed": false
    },
    {
      "voice_id": "5a190ad4-ccc2-461b-83d9-989008a7b917",
      "speaker": "nm",
      "text": "Good. My blessing won't make things easier— it'll make you stronger. Earn it.",
      "file_name": "voice_ex/nm-6b95f9-Good._My_blessing_wont_make_t-d8dce82e.mp3",
      "reason": "hash change",
      "hash_changed": true,
      "voice_def_changed": false
    },
    {
      "voice_id": "baa282da-2fe9-4486-aaa0-791474200d76",
      "speaker": "fx",
      "text": "Reckless? I prefer 'boldly strategic.' Plus, I'm pretty lucky too.",
      "file_name": "voice_ex/fx-685d29-Reckless_I_prefer_boldly_str-09a63972.mp3",
      "reason": "new",
      "hash_changed": false,
      "voice_def_changed": false
    },
    {
      "voice_id": "6fccf619-1076-4e36-a3b0-2f513dee2ffe",
      "speaker": "fx",
      "text": "Fine line, exciting line— it's all the same to me.",
      "file_name": "voice_ex/fx-685d29-Fine_line_exciting_line_its-eb6b528f.mp3",
      "reason": "hash change",
      "hash_changed": true,
      "voice_def_changed": false
    },
    {
      "voice_id": "ef0a7b08-356e-49a0-a05e-3e25a24635ee",
      "speaker": "fx",
      "text": "Nah, I'm still here, aren't I? Overconfidence is what keeps me alive.",
      "file_name": "voice_ex/fx-685d29-Nah_Im_still_here_arent_I-fdda414c.mp3",
      "reason": "hash change",
      "hash_changed": true,
      "voice_def_changed": false
    },
    {
      "voice_id": "43d29dfc-2595-4c3c-a195-564ae9b97438",
      "speaker": "nm",
      "text": "You've survived <i>despite</i> your arrogance. Don't expect this blessing to carry you.",
      "file_name": "voice_ex/nm-6b95f9-Youve_survived_idespitei-1273bfbf.mp3",
      "reason": "hash change",
      "hash_changed": true,
      "voice_def_changed": false
    },
    {
      "voice_id": "4761a717-fe31-428a-b57b-ee98e19f08d4",
      "speaker": "ns",
      "text": "Oh~ So you're the hunter Kaliel brought? Better than I expected! That mask is quite nice.",
      "file_name": "voice_ex/ns-4c5a2e-Oh_So_youre_the_hunter_Kalie-80f78fa4.mp3",
      "reason": "new",
      "hash_changed": false,
      "voice_def_changed": false
    },
    {
      "voice_id": "d8efd4b2-72ae-46f2-9eb4-3d373aabf5fc",
      "speaker": "fx",
      "text": "Well, I do clean up nice. But who are you? You don't look like a demon.",
      "file_name": "voice_ex/fx-685d29-Well_I_do_clean_up_nice._But_-818c7fdc.mp3",
      "reason": "new",
      "hash_changed": false,
      "voice_def_changed": false
    },
    {
      "voice_id": "c62e2438-974b-43be-9d9f-a1ab5c57c7d7",
      "speaker": "ns",
      "text": "A demon? Are you kidding me? Looking at this beauty and that's what you say?",
      "file_name": "voice_ex/ns-4c5a2e-A_demon_Are_you_kidding_me_L-de8c2202.mp3",
      "reason": "new",
      "hash_changed": false,
      "voice_def_changed": false
    },
    {
      "voice_id": "957e86b3-956f-4d24-ba69-1c4ea4efb803",
      "speaker": "ns",
      "text": "Listen up. I'm Seraphiel, Angel of Beauty and Love. You'll need our help in there, so remember it, d...",
      "file_name": "voice_ex/ns-4c5a2e-Listen_up._Im_Seraphiel_Ange-8404e1bd.mp3",
      "reason": "new",
      "hash_changed": false,
      "voice_def_changed": false
    },
    {
      "voice_id": "d1003124-0033-45f1-89e7-403266ac943b",
      "speaker": "fx",
      "text": "Wait, those are actual flames in your hands! More like Angel of Fire and Flame, no?",
      "file_name": "voice_ex/fx-685d29-Wait_those_are_actual_flames_-20a9c477.mp3",
      "reason": "new",
      "hash_changed": false,
      "voice_def_changed": false
    },
    {
      "voice_id": "55202f5c-c38d-446d-8b15-68d197feecf8",
      "speaker": "ns",
      "text": "Why so hung up on details? Both love and flames are hot and dangerous.",
      "file_name": "voice_ex/ns-4c5a2e-Why_so_hung_up_on_details_Bot-5d6c933c.mp3",
      "reason": "new",
      "hash_changed": false,
      "voice_def_changed": false
    },
    {
      "voice_id": "2de4f0e8-caf7-49e2-b0c3-9450b1b23f4a",
      "speaker": "fx",
      "text": "So, What’s the deal? Fireballs? Meteors? Or just, you know... moral support?",
      "file_name": "voice_ex/fx-685d29-So_Whats_the_deal_Fireballs-7e5ce626.mp3",
      "reason": "new",
      "hash_changed": false,
      "voice_def_changed": false
    },
    {
      "voice_id": "bb65c09c-3c4c-4014-b894-c4f54c08ebf4",
      "speaker": "ns",
      "text": "Please. Those are *so* basic. My flames are different— hotter than love’s fever, more beautiful than...",
      "file_name": "voice_ex/ns-4c5a2e-Please._Those_are_so_basic._-2d1760e7.mp3",
      "reason": "new",
      "hash_changed": false,
      "voice_def_changed": false
    },
    {
      "voice_id": "e5e37ce2-4387-4051-8ab6-68ed43fa7913",
      "speaker": "fx",
      "text": "Right, right. Love the heat, totally on board. But beautiful...? More than roses?",
      "file_name": "voice_ex/fx-685d29-Right_right._Love_the_heat_t-b6aed58a.mp3",
      "reason": "new",
      "hash_changed": false,
      "voice_def_changed": false
    },
    {
      "voice_id": "5c2d5f8a-c19d-4f50-a2ff-25401933b59c",
      "speaker": "ns",
      "text": "Ugh, do you not *get* it? The flames must be the perfect crimson — not orange, not violet.",
      "file_name": "voice_ex/ns-4c5a2e-Ugh_do_you_not_get_it_The_-f152c596.mp3",
      "reason": "new",
      "hash_changed": false,
      "voice_def_changed": false
    },
    {
      "voice_id": "0fe02029-964b-4cdd-9eeb-3e5ee2720486",
      "speaker": "ns",
      "text": "The shape must be elegant, the embers must scatter *gracefully!*",
      "file_name": "voice_ex/ns-4c5a2e-The_shape_must_be_elegant_the-358e2084.mp3",
      "reason": "new",
      "hash_changed": false,
      "voice_def_changed": false
    },
    {
      "voice_id": "6eff61ba-0ed8-4387-b031-49bc2d8cd640",
      "speaker": "fx",
      "text": "I see, I see. So if it’s the wrong color, do we just… apologize and start over?",
      "file_name": "voice_ex/fx-685d29-I_see_I_see._So_if_its_the_w-ea7bbb28.mp3",
      "reason": "new",
      "hash_changed": false,
      "voice_def_changed": false
    },
    {
      "voice_id": "f6b9067a-bf80-4c14-9f94-8112c5c5a3e2",
      "speaker": "ns",
      "text": "So you're Kaliel's last-minute pick to stop the Archdemon? Be honest, can you handle it? You do know...",
      "file_name": "voice_ex/ns-4c5a2e-So_youre_Kaliels_last-minute-bc0755f6.mp3",
      "reason": "new",
      "hash_changed": false,
      "voice_def_changed": false
    },
    {
      "voice_id": "0f07c3b8-8962-453b-b22e-1388cb4a6014",
      "speaker": "fx",
      "text": "Wow, subtlety is really not your thing, huh? But yeah, don’t worry. I’m fantastic at this.",
      "file_name": "voice_ex/fx-685d29-Wow_subtlety_is_really_not_yo-c1c3b351.mp3",
      "reason": "new",
      "hash_changed": false,
      "voice_def_changed": false
    },
    {
      "voice_id": "22a7ad96-7e11-4628-a002-94956e7265f8",
      "speaker": "ns",
      "text": "That better be true. This Archdemon mess is ruining Ariella’s face — a global tragedy.",
      "file_name": "voice_ex/ns-4c5a2e-That_better_be_true._This_Arch-53492284.mp3",
      "reason": "new",
      "hash_changed": false,
      "voice_def_changed": false
    },
    {
      "voice_id": "6a30ba06-5b38-4209-a536-34714dc00990",
      "speaker": "fx",
      "text": "Seriously?",
      "file_name": "voice_ex/fx-685d29-Seriously-0c568925.mp3",
      "reason": "new",
      "hash_changed": false,
      "voice_def_changed": false
    },
    {
      "voice_id": "abe4fa19-9069-4cc2-89ea-b7221e4507d4",
      "speaker": "ns",
      "text": "What? You don’t get it? Ariella’s beauty is a *miracle!* If she loses that glow… how am I supposed t...",
      "file_name": "voice_ex/ns-4c5a2e-What_You_dont_get_it_Ariell-d2700067.mp3",
      "reason": "new",
      "hash_changed": false,
      "voice_def_changed": false
    },
    {
      "voice_id": "2208f2bd-1baa-41df-a825-59cada954541",
      "speaker": "fx",
      "text": "Hey, I need to ask you something. Have you ever seen someone who looks like Ariella?",
      "file_name": "voice_ex/fx-685d29-Hey_I_need_to_ask_you_somethi-867a56a6.mp3",
      "reason": "new",
      "hash_changed": false,
      "voice_def_changed": false
    },
    {
      "voice_id": "e68a5ba7-35bf-44d0-bea9-0942c6cfe684",
      "speaker": "ns",
      "text": "Huh? A woman who looks like Ariella? Fenrix, do you realize what you're saying?",
      "file_name": "voice_ex/ns-4c5a2e-Huh_A_woman_who_looks_like_Ar-91e791fe.mp3",
      "reason": "new",
      "hash_changed": false,
      "voice_def_changed": false
    },
    {
      "voice_id": "393cbc43-1497-4e7a-bd59-bf81e64269c6",
      "speaker": "fx",
      "text": "Finally! Do you know something? What is it? Spill it!",
      "file_name": "voice_ex/fx-685d29-Finally_Do_you_know_something-1ec5283d.mp3",
      "reason": "new",
      "hash_changed": false,
      "voice_def_changed": false
    },
    {
      "voice_id": "1a3f27bc-9150-4445-a2c7-38e5fa17174b",
      "speaker": "ns",
      "text": "One Ariella is already a *miracle.* And now you're telling me there's *another*?",
      "file_name": "voice_ex/ns-4c5a2e-One_Ariella_is_already_a_mira-fdc69025.mp3",
      "reason": "new",
      "hash_changed": false,
      "voice_def_changed": false
    },
    {
      "voice_id": "fec13ec4-c924-494f-86cc-b7d6b713139f",
      "speaker": "ns",
      "text": "Where is she?! You *have* to bring her to me—*immediately!*",
      "file_name": "voice_ex/ns-4c5a2e-Where_is_she_You_have_to_b-795117f2.mp3",
      "reason": "new",
      "hash_changed": false,
      "voice_def_changed": false
    },
    {
      "voice_id": "88577649-967d-4f17-800e-fb160c5a74f4",
      "speaker": "fx",
      "text": "So that’s a no. Great. Just great.",
      "file_name": "voice_ex/fx-685d29-So_thats_a_no._Great._Just_gr-f97403ea.mp3",
      "reason": "new",
      "hash_changed": false,
      "voice_def_changed": false
    },
    {
      "voice_id": "abe65160-ee14-45f1-84bf-4591293b6ad6",
      "speaker": "ns",
      "text": "Ariella, She's just putting on a tough act. Deep down she's all soft, probably crying her eyes out w...",
      "file_name": "voice_ex/ns-4c5a2e-Ariella_Shes_just_putting_on-a55ae975.mp3",
      "reason": "new",
      "hash_changed": false,
      "voice_def_changed": false
    },
    {
      "voice_id": "9b10ffe4-ad71-40ac-8a37-fbb954c53f5b",
      "speaker": "fx",
      "text": "Soft? Are we talking about the same person here?",
      "file_name": "voice_ex/fx-685d29-Soft_Are_we_talking_about_the-26cac4ca.mp3",
      "reason": "hash change",
      "hash_changed": true,
      "voice_def_changed": false
    },
    {
      "voice_id": "f2f7aebd-3b76-4946-a092-7514b94a0f46",
      "speaker": "ns",
      "text": "500 years alone... with nobody... that would drive anyone mad. But, aren't we all just pretending to...",
      "file_name": "voice_ex/ns-4c5a2e-500_years_alone..._with_nobody-b33be30f.mp3",
      "reason": "new",
      "hash_changed": false,
      "voice_def_changed": false
    },
    {
      "voice_id": "5a330ec3-9d14-4ce6-b1bb-6c18bcd2c4fc",
      "speaker": "ns",
      "text": "Ah—! That got deep for a second. Anyway, give her a warm hug and...",
      "file_name": "voice_ex/ns-4c5a2e-Ah_That_got_deep_for_a_secon-b5ca60b6.mp3",
      "reason": "new",
      "hash_changed": false,
      "voice_def_changed": false
    },
    {
      "voice_id": "c2d53b1c-8e4e-4b08-b8aa-13983f454507",
      "speaker": "ns",
      "text": "Who knows, she might just melt?",
      "file_name": "voice_ex/ns-4c5a2e-Who_knows_she_might_just_melt-9ca86ef3.mp3",
      "reason": "new",
      "hash_changed": false,
      "voice_def_changed": false
    },
    {
      "voice_id": "b8dc7afb-61be-4daa-b963-12e2437d69c5",
      "speaker": "fx",
      "text": "Right, I'll just go and hug the Guardian. My funeral will be Tuesday, wear something nice.",
      "file_name": "voice_ex/fx-685d29-Right_Ill_just_go_and_hug_th-3a9c9435.mp3",
      "reason": "new",
      "hash_changed": false,
      "voice_def_changed": false
    },
    {
      "voice_id": "37ee9ddd-a7f8-45cd-aa2a-3fdc9f405f87",
      "speaker": "ns",
      "text": "So you met Baphomet?I'd love to give him a good roasting. Well-done, if you know what I mean!",
      "file_name": "voice_ex/ns-4c5a2e-So_you_met_BaphometId_love_t-348f4468.mp3",
      "reason": "new",
      "hash_changed": false,
      "voice_def_changed": false
    },
    {
      "voice_id": "00eb7c43-c265-4291-a3f0-4aff15f2678f",
      "speaker": "fx",
      "text": "Well-done...? I prefer my things a bit more rare. Whether it's my steak or my life.",
      "file_name": "voice_ex/fx-685d29-Well-done..._I_prefer_my_thin-fbf456cb.mp3",
      "reason": "new",
      "hash_changed": false,
      "voice_def_changed": false
    },
    {
      "voice_id": "20a92a1c-e17e-4914-b5be-f0f9402275e6",
      "speaker": "ns",
      "text": "Don't get hit in the face, got it? What else do you have going for you?",
      "file_name": "voice_ex/ns-4c5a2e-Dont_get_hit_in_the_face_got-30ef5ab2.mp3",
      "reason": "new",
      "hash_changed": false,
      "voice_def_changed": false
    },
    {
      "voice_id": "a40539ee-e934-463d-b3dc-75e303b6dc4c",
      "speaker": "fx",
      "text": "Alright, I'll cover my face next time I fight Baphomet.",
      "file_name": "voice_ex/fx-685d29-Alright_Ill_cover_my_face_ne-f9daa40d.mp3",
      "reason": "new",
      "hash_changed": false,
      "voice_def_changed": false
    },
    {
      "voice_id": "ecc56dd4-3767-463c-bfdd-b2019c8f1661",
      "speaker": "fx",
      "text": "Wait, how am I supposed to hold my weapons then? Bit of a dilemma.",
      "file_name": "voice_ex/fx-685d29-Wait_how_am_I_supposed_to_hol-e0160e8b.mp3",
      "reason": "new",
      "hash_changed": false,
      "voice_def_changed": false
    },
    {
      "voice_id": "5a74c973-3a26-4176-b54d-4871d3981355",
      "speaker": "ns",
      "text": "Good choice, pretty boy. See you around, handsome!",
      "file_name": "voice_ex/ns-4c5a2e-Good_choice_pretty_boy._See_y-4b5843cc.mp3",
      "reason": "new",
      "hash_changed": false,
      "voice_def_changed": false
    },
    {
      "voice_id": "3bfd2cba-2ba5-421b-a7a2-40f15707b353",
      "speaker": "fx",
      "text": "Oh, wait. Got so caught up in her pace that I forgot to ask where we are. Nice job, Fenrix.",
      "file_name": "voice_ex/fx-685d29-Oh_wait._Got_so_caught_up_in_-24898ef0.mp3",
      "reason": "new",
      "hash_changed": false,
      "voice_def_changed": false
    },
    {
      "voice_id": "aec8d339-8a86-4e6e-9f51-162c64db558d",
      "speaker": "nu",
      "text": "Name's Uriel, Angel of Hammer and Might! Heard you've been causing some sparks of your own.",
      "file_name": "voice_ex/nu-6b95f9-Names_Uriel_Angel_of_Hammer_-ec153f5f.mp3",
      "reason": "hash change",
      "hash_changed": true,
      "voice_def_changed": false
    },
    {
      "voice_id": "2ae4676f-960c-4d89-be80-a2b18805a459",
      "speaker": "nu",
      "text": "Pick a blessing, kid, and let's crank it up. We're not here to tiptoe around.",
      "file_name": "voice_ex/nu-6b95f9-Pick_a_blessing_kid_and_let-c120cd97.mp3",
      "reason": "hash change",
      "hash_changed": true,
      "voice_def_changed": false
    },
    {
      "voice_id": "2d8536aa-1059-42f6-bcde-cef941e806e5",
      "speaker": "fx",
      "text": "Yeah, something about stopping the Archdemon from escaping. You know, just another day at the office...",
      "file_name": "voice_ex/fx-685d29-Yeah_something_about_stopping-efc17d0b.mp3",
      "reason": "hash change",
      "hash_changed": true,
      "voice_def_changed": false
    },
    {
      "voice_id": "a9b5c432-90ac-44d0-9d84-0dfa10d32ee7",
      "speaker": "nu",
      "text": "So, you've met our Valiant Guardian of the Seal, right?",
      "file_name": "voice_ex/nu-6b95f9-So_youve_met_our_Valiant_Gua-299579c4.mp3",
      "reason": "new",
      "hash_changed": false,
      "voice_def_changed": false
    },
    {
      "voice_id": "77058dff-0305-4883-8ff1-57518b0dc7e4",
      "speaker": "nu",
      "text": "Noble soul, but her taste in music? It's like a dirge in the Halls of Silence!",
      "file_name": "voice_ex/nu-6b95f9-Noble_soul_but_her_taste_in_m-5fdf45d2.mp3",
      "reason": "new",
      "hash_changed": false,
      "voice_def_changed": false
    },
    {
      "voice_id": "42515b3f-0d1a-47d7-bf68-a0d5e3377b09",
      "speaker": "nu",
      "text": "But you, young warrior? You've got the fire of a true bard!",
      "file_name": "voice_ex/nu-6b95f9-But_you_young_warrior_Youve-f1cd45fb.mp3",
      "reason": "new",
      "hash_changed": false,
      "voice_def_changed": false
    },
    {
      "voice_id": "255f0f9f-265a-4858-ac70-754b7d3b2cd7",
      "speaker": "nu",
      "text": "That's it! Why don't ye take up the mantle of Guardian? You'd be a hero of the Seal!",
      "file_name": "voice_ex/nu-6b95f9-Thats_it_Why_dont_ye_take_u-e0b1e37f.mp3",
      "reason": "new",
      "hash_changed": false,
      "voice_def_changed": false
    },
    {
      "voice_id": "bb16a571-80a0-48f8-97b0-23dbac6f0290",
      "speaker": "fx",
      "text": "His hammer’s got some weight, sure, but nothing too serious. Just a bit of a nuisance.",
      "file_name": "voice_ex/fx-685d29-His_hammers_got_some_weight_-d8d3608a.mp3",
      "reason": "new",
      "hash_changed": false,
      "voice_def_changed": false
    },
    {
      "voice_id": "b7e13233-80a6-4bff-b7d9-c368b3944398",
      "speaker": "nu",
      "text": "Baphomet is just *a bit* of a nuisance? Man, that's like calling me a 'casual lute enthusiast'!",
      "file_name": "voice_ex/nu-6b95f9-Baphomet_is_just_a_bit_of_a_-9591b073.mp3",
      "reason": "new",
      "hash_changed": false,
      "voice_def_changed": false
    },
    {
      "voice_id": "db7392b3-0e97-4411-af0d-6e130fa0e346",
      "speaker": "nu",
      "text": "And that, my friend, is a *very* wrong judgment! Listen up, kid — I am a ROCK GOD!",
      "file_name": "voice_ex/nu-6b95f9-And_that_my_friend_is_a_ver-b5342f66.mp3",
      "reason": "new",
      "hash_changed": false,
      "voice_def_changed": false
    },
    {
      "voice_id": "e2c96df9-4062-4db2-b149-3ba29c56beff",
      "speaker": "fx",
      "text": "Uh… How did we get here again?",
      "file_name": "voice_ex/fx-685d29-Uh_How_did_we_get_here_again-566ee70b.mp3",
      "reason": "new",
      "hash_changed": false,
      "voice_def_changed": false
    },
    {
      "voice_id": "17651ee8-697e-4d22-8aa5-b8a501903a44",
      "speaker": "lm",
      "text": "Selaphiel! You remember I'm not a cat!",
      "file_name": "voice_ex/lm-2e37f8-Selaphiel_You_remember_Im_no-0dfafefc.mp3",
      "reason": "new",
      "hash_changed": false,
      "voice_def_changed": false
    },
    {
      "voice_id": "85db4714-edbb-47b2-a998-93eba9d32878",
      "speaker": "lm",
      "text": "Don't tell him embarrassing stories!",
      "file_name": "voice_ex/lm-2e37f8-Dont_tell_him_embarrassing_st-74f0919e.mp3",
      "reason": "new",
      "hash_changed": false,
      "voice_def_changed": false
    },
    {
      "voice_id": "89df1bd3-74e1-4f6e-9672-33f27c396263",
      "speaker": "lm",
      "text": "Don't you dare!",
      "file_name": "voice_ex/lm-2e37f8-Dont_you_dare-b1429dc8.mp3",
      "reason": "new",
      "hash_changed": false,
      "voice_def_changed": false
    },
    {
      "voice_id": "93aaf57b-2ffa-4e00-9c28-68e2c66acbe4",
      "speaker": "fx",
      "text": "Wait, look at those black traces. They're just like what that mysterious woman left behind.",
      "file_name": "voice_ex/fx-685d29-Wait_look_at_those_black_trac-5ab930f0.mp3",
      "reason": "new",
      "hash_changed": false,
      "voice_def_changed": false
    },
    {
      "voice_id": "2f6f8ece-bc68-4ede-9bfb-6e2ecc356de0",
      "speaker": "fx",
      "text": "Maybe helping these little trees will lgeead me to some answers. Let's do this.",
      "file_name": "voice_ex/fx-685d29-Maybe_helping_these_little_tre-71a28bcf.mp3",
      "reason": "new",
      "hash_changed": false,
      "voice_def_changed": false
    },
    {
      "voice_id": "8f912c62-10c1-4e87-9870-46b857e50adc",
      "speaker": "lm",
      "text": "That's how you clear a path, meow!",
      "file_name": "voice_ex/lm-2e37f8-Thats_how_you_clear_a_path_m-47cb6b3a.mp3",
      "reason": "hash change",
      "hash_changed": true,
      "voice_def_changed": false
    },
    {
      "voice_id": "b9409939-dd0a-4814-9645-87c4a4195e1b",
      "speaker": "fx",
      "text": "Alright, let's go find that uninvited guest one more time.",
      "file_name": "voice_ex/fx-685d29-Alright_lets_go_find_that_un-bb9ef328.mp3",
      "reason": "new",
      "hash_changed": false,
      "voice_def_changed": false
    },
    {
      "voice_id": "f592b54b-8583-455b-b9d0-794b5ad2112d",
      "speaker": "hn",
      "text": "Becoming a master of reviving you was never my life's ambition, you know.",
      "file_name": "voice_ex/hn-6b95f9-Becoming_a_master_of_reviving_-f137ace3.mp3",
      "reason": "new",
      "hash_changed": false,
      "voice_def_changed": false
    },
    {
      "voice_id": "e51d6f73-cddc-46e7-93ea-0316b7c1a10f",
      "speaker": "fx",
      "text": "Yeah? Well, being a full-time dead guy wasn’t mine either. Let’s call it even.",
      "file_name": "voice_ex/fx-685d29-Yeah_Well_being_a_full-time_-4151c89b.mp3",
      "reason": "new",
      "hash_changed": false,
      "voice_def_changed": false
    },
    {
      "voice_id": "98ade5f1-9d52-4db8-8545-631c12eb1584",
      "speaker": "fx",
      "text": "So the archdemon's not exactly in solitary confinement, huh? Brought a whole entourage with him.",
      "file_name": "voice_ex/fx-685d29-So_the_archdemons_not_exactly-103c8210.mp3",
      "reason": "new",
      "hash_changed": false,
      "voice_def_changed": false
    },
    {
      "voice_id": "4fbe4351-443e-4403-8e0a-a54d1bf5b1b0",
      "speaker": "fx",
      "text": "They look just like the dark traces that woman left. Might be worth checking out.",
      "file_name": "voice_ex/fx-685d29-They_look_just_like_the_dark_t-dff81f31.mp3",
      "reason": "new",
      "hash_changed": false,
      "voice_def_changed": false
    },
    {
      "voice_id": "3d1aa4bf-f783-4247-9d8d-7c488e98373b",
      "speaker": "fx",
      "text": "Hm, this one's not looking too healthy, either.",
      "file_name": "voice_ex/fx-685d29-Hm_this_ones_not_looking_too-e2bbaac2.mp3",
      "reason": "hash change",
      "hash_changed": true,
      "voice_def_changed": false
    },
    {
      "voice_id": "ec41a258-7a92-4b34-9078-42f4f990e62d",
      "speaker": "fx",
      "text": "Hm, this one's not looking too healthy, either.",
      "file_name": "voice_ex/fx-685d29-Hm_this_ones_not_looking_too-e2bbaac2.mp3",
      "reason": "hash change",
      "hash_changed": true,
      "voice_def_changed": false
    },
    {
      "voice_id": "efc5db64-6a93-428f-a305-262bc4c2300b",
      "speaker": "fx",
      "text": "Mouth-shoulder, tentacle arm... And here I thought I'd seen it all.",
      "file_name": "voice_ex/fx-685d29-Mouth-shoulder_tentacle_arm..-2f9d13cb.mp3",
      "reason": "new",
      "hash_changed": false,
      "voice_def_changed": false
    },
    {
      "voice_id": "df1fcc8f-0920-4277-ab2d-5caec86ccada",
      "speaker": "fx",
      "text": "Not even a scratch. That was disappointing. I was promised apocalyptic danger.",
      "file_name": "voice_ex/fx-685d29-Not_even_a_scratch._That_was_d-296bdbeb.mp3",
      "reason": "new",
      "hash_changed": false,
      "voice_def_changed": false
    },
    {
      "voice_id": "7f33ff1a-e334-4f7a-a3b8-fedcdecf3773",
      "speaker": "fx",
      "text": "Yeah, I meant to cut it that close. Makes for a better story. This is actually harder to do than jus...",
      "file_name": "voice_ex/fx-685d29-Yeah_I_meant_to_cut_it_that_c-e73ab5c6.mp3",
      "reason": "new",
      "hash_changed": false,
      "voice_def_changed": false
    },
    {
      "voice_id": "4ef0ef15-71ca-4577-9a64-7b57dd9757b5",
      "speaker": "fx",
      "text": "So the esteemed Guardian thinks I'm seeing things. Off to a perfect start.",
      "file_name": "voice_ex/fx-685d29-So_the_esteemed_Guardian_think-10b3773c.mp3",
      "reason": "new",
      "hash_changed": false,
      "voice_def_changed": false
    },
    {
      "voice_id": "dfd0da1d-ba79-4598-ad80-a886aeb024a2",
      "speaker": "lm",
      "text": "Meow?",
      "file_name": "voice_ex/lm-2e37f8-Meow-f048ba9d.mp3",
      "reason": "hash change",
      "hash_changed": true,
      "voice_def_changed": false
    },
    {
      "voice_id": "c761a0fb-354c-4ffa-86d1-83d911efe4b0",
      "speaker": "fx",
      "text": "Ah, I'm just letting them think they're winning. I find it builds suspense. Good storytelling, you k...",
      "file_name": "voice_ex/fx-685d29-Ah_Im_just_letting_them_thin-82e2cef4.mp3",
      "reason": "new",
      "hash_changed": false,
      "voice_def_changed": false
    },
    {
      "voice_id": "ac87d981-08ff-4448-bb25-e90afbae2ea8",
      "speaker": "fx",
      "text": "Skill isn't seen, it's felt. Too bad you're too busy with your duties to notice.",
      "file_name": "voice_ex/fx-685d29-Skill_isnt_seen_its_felt._T-71151459.mp3",
      "reason": "new",
      "hash_changed": false,
      "voice_def_changed": false
    },
    {
      "voice_id": "ff7f56c3-e295-41e8-b98e-981e2f86fbad",
      "speaker": "fx",
      "text": "I usually charge extra after the fifth death. You're getting premium service at this point.",
      "file_name": "voice_ex/fx-685d29-I_usually_charge_extra_after_t-9d69c61c.mp3",
      "reason": "new",
      "hash_changed": false,
      "voice_def_changed": false
    },
    {
      "voice_id": "106cd079-f72c-44fc-beea-78d1f23e14ec",
      "speaker": "fx",
      "text": "Aw, miss me already? Touched.",
      "file_name": "voice_ex/fx-685d29-Aw_miss_me_already_Touched.-1596a328.mp3",
      "reason": "new",
      "hash_changed": false,
      "voice_def_changed": false
    },
    {
      "voice_id": "47304835-f607-4a5d-b28f-c717ef9f4fa0",
      "speaker": "ar",
      "text": "I see you're still investigating your made-up guest. How convenient that only you can see them.",
      "file_name": "voice_ex/ar-627f16-I_see_youre_still_investigati-cd23b140.mp3",
      "reason": "new",
      "hash_changed": false,
      "voice_def_changed": false
    },
    {
      "voice_id": "c3d48c02-1f55-4d95-9a2d-b0914f0897a0",
      "speaker": "fx",
      "text": "Oh, I'm not hurt at all! Just a little frostbitten.",
      "file_name": "voice_ex/fx-685d29-Oh_Im_not_hurt_at_all_Just_-2b71c657.mp3",
      "reason": "new",
      "hash_changed": false,
      "voice_def_changed": false
    },
    {
      "voice_id": "6c232c59-40f0-4bf3-a1b6-69fc8423d60c",
      "speaker": "kl",
      "text": "The Arbor's Reach in the meadow - they're extensions of the Arbor. So it would be nice if...",
      "file_name": "voice_ex/kl-6b95f9-The_Arbors_Reach_in_the_meado-f79d55bf.mp3",
      "reason": "new",
      "hash_changed": false,
      "voice_def_changed": false
    },
    {
      "voice_id": "5571f680-c359-42a5-90d1-fdc14214f7f1",
      "speaker": "fx",
      "text": "Forest conservation wasn't in the contract. But fine, I'll help out.",
      "file_name": "voice_ex/fx-685d29-Forest_conservation_wasnt_in_-c59cac10.mp3",
      "reason": "new",
      "hash_changed": false,
      "voice_def_changed": false
    },
    {
      "voice_id": "5bf618ed-d33b-4eaf-ace2-5aa21833ac3f",
      "speaker": "kl",
      "text": "How are you getting along with Haniel? She cares about you, you know.",
      "file_name": "voice_ex/kl-6b95f9-How_are_you_getting_along_with-d912ac1a.mp3",
      "reason": "new",
      "hash_changed": false,
      "voice_def_changed": false
    },
    {
      "voice_id": "c426fe3b-289b-4f63-b904-e4f7459b96d7",
      "speaker": "fx",
      "text": "Just kidding, damn.",
      "file_name": "voice_ex/fx-685d29-Just_kidding_damn.-cc4bd14d.mp3",
      "reason": "new",
      "hash_changed": false,
      "voice_def_changed": false
    },
    {
      "voice_id": "7bcb6cab-3063-4dda-9eb3-fc910c5b525d",
      "speaker": "ar",
      "text": "I know you're busy playing hide-and-seek with your invisible guest, but I suggest you return those, ...",
      "file_name": "voice_ex/ar-627f16-I_know_youre_busy_playing_hid-ea174a2e.mp3",
      "reason": "new",
      "hash_changed": false,
      "voice_def_changed": false
    },
    {
      "voice_id": "cee8817e-110f-407c-95fe-c7b323267a59",
      "speaker": "fx",
      "text": "Look, I saw her with my own two eyes. ...Return what, exactly?",
      "file_name": "voice_ex/fx-685d29-Look_I_saw_her_with_my_own_tw-0be1f599.mp3",
      "reason": "new",
      "hash_changed": false,
      "voice_def_changed": false
    },
    {
      "voice_id": "eebce2ac-467b-428e-a14e-469761630e73",
      "speaker": "ar",
      "text": "Those glowing crystals you found... they're called Ethereal Ambers. They contain traces of the Arbor...",
      "file_name": "voice_ex/ar-627f16-Those_glowing_crystals_you_fou-7cd6894d.mp3",
      "reason": "hash change",
      "hash_changed": true,
      "voice_def_changed": false
    },
    {
      "voice_id": "69ab3ed0-71b1-48e6-bc13-77f40637a56a",
      "speaker": "fx",
      "text": "Let me guess - the monsters are trying to steal them from the tree?",
      "file_name": "voice_ex/fx-685d29-Let_me_guess_-_the_monsters_ar-808a8ca4.mp3",
      "reason": "hash change",
      "hash_changed": true,
      "voice_def_changed": false
    },
    {
      "voice_id": "e77a507d-da19-4a7c-843a-4dd945394809",
      "speaker": "ar",
      "text": "Yes. Return them to the Arbor, and its power will strengthen you. Though I doubt you have wise spend...",
      "file_name": "voice_ex/ar-627f16-Yes._Return_them_to_the_Arbor-dd60625a.mp3",
      "reason": "hash change",
      "hash_changed": true,
      "voice_def_changed": false
    },
    {
      "voice_id": "cc2c98b8-e204-4c03-8de0-4fbab502fc91",
      "speaker": "fx",
      "text": "Hey, I'm the wisest demon hunter you'll ever meet. Just ask all the demons I've - oh wait, they're d...",
      "file_name": "voice_ex/fx-685d29-Hey_Im_the_wisest_demon_hunt-cc84aef2.mp3",
      "reason": "hash change",
      "hash_changed": true,
      "voice_def_changed": false
    },
    {
      "voice_id": "75206436-5147-44dc-bd7d-9f3ca3851769",
      "speaker": "fx",
      "text": "Okay, you could've said you're not interested. Well, I'm better at fixing problems than making small...",
      "file_name": "voice_ex/fx-685d29-Okay_you_couldve_said_youre-a983b98c.mp3",
      "reason": "new",
      "hash_changed": false,
      "voice_def_changed": false
    },
    {
      "voice_id": "07b0acc7-1e30-45e0-b0d1-78d531570eaf",
      "speaker": "fx",
      "text": "Got off on the wrong foot, didn't I? Just you wait, I'll turn that frown of yours upside-down.",
      "file_name": "voice_ex/fx-685d29-Got_off_on_the_wrong_foot_did-d6227714.mp3",
      "reason": "new",
      "hash_changed": false,
      "voice_def_changed": false
    },
    {
      "voice_id": "8060a940-f020-4767-b060-3f051db86371",
      "speaker": "fx",
      "text": "Not that there's... anything wrong with your frown.",
      "file_name": "voice_ex/fx-685d29-Not_that_theres..._anything_w-4b01dbc8.mp3",
      "reason": "hash change",
      "hash_changed": true,
      "voice_def_changed": false
    },
    {
      "voice_id": "0bd6cdc6-cf52-4252-b494-713db3160b49",
      "speaker": "fx",
      "text": "Those creatures are no joke, and you've held this place down alone. Kaliel spoke highly of your powe...",
      "file_name": "voice_ex/fx-685d29-Those_creatures_are_no_joke_a-95627699.mp3",
      "reason": "hash change",
      "hash_changed": true,
      "voice_def_changed": false
    },
    {
      "voice_id": "87393cf9-694b-4788-81f5-742f91d6580a",
      "speaker": "ar",
      "text": "Save the compliments, Fenrix. They don't make reality any better, only prettier. Back to work.",
      "file_name": "voice_ex/ar-627f16-Save_the_compliments_Fenrix._-185385a7.mp3",
      "reason": "new",
      "hash_changed": false,
      "voice_def_changed": false
    },
    {
      "voice_id": "512d70d8-4f7e-4651-aec8-7f838bb38b74",
      "speaker": "fx",
      "text": "I think pretty is still worth it in an ugly world, but. Fair enough.",
      "file_name": "voice_ex/fx-685d29-I_think_pretty_is_still_worth_-c247f2e1.mp3",
      "reason": "new",
      "hash_changed": false,
      "voice_def_changed": false
    },
    {
      "voice_id": "b796bb94-7c92-42a2-a24c-50db16a5fe25",
      "speaker": "fx",
      "text": "Um, well, no need to be so formal. You can relax.\"",
      "file_name": "voice_ex/fx-685d29-Um_well_no_need_to_be_so_for-50962c36.mp3",
      "reason": "hash change",
      "hash_changed": true,
      "voice_def_changed": false
    },
    {
      "voice_id": "bc9ff42f-97ea-4456-85cf-00b5d64da2f3",
      "speaker": "g2",
      "text": "The Arbor is sick! Very sick! I tried making medicine but it didn't work!",
      "file_name": "voice_ex/g2-6b95f9-The_Arbor_is_sick_Very_sick_-8ad3d1d0.mp3",
      "reason": "new",
      "hash_changed": false,
      "voice_def_changed": false
    },
    {
      "voice_id": "378e3902-e80c-4f0f-bac3-038655bf139e",
      "speaker": "fx",
      "text": "That's... actually really thoughtful of you. But maybe we need a different kind of medicine.",
      "file_name": "voice_ex/fx-685d29-Thats..._actually_really_thou-9eb064d5.mp3",
      "reason": "new",
      "hash_changed": false,
      "voice_def_changed": false
    },
    {
      "voice_id": "fd5d37cf-a8b7-4abb-8b41-e4ec5ad42561",
      "speaker": "g2",
      "text": "I heard Baphomet used to make very good tea! Very good tea!",
      "file_name": "voice_ex/g2-6b95f9-I_heard_Baphomet_used_to_make_-6fd6de46.mp3",
      "reason": "new",
      "hash_changed": false,
      "voice_def_changed": false
    },
    {
      "voice_id": "241d77af-0e18-4ea8-930b-54c0abddc058",
      "speaker": "fx",
      "text": "Really? I should've asked for tea before he started swinging that hammer.",
      "file_name": "voice_ex/fx-685d29-Really_I_shouldve_asked_for_-7ae03d01.mp3",
      "reason": "new",
      "hash_changed": false,
      "voice_def_changed": false
    },
    {
      "voice_id": "14fc0422-d8f5-464f-9c5f-5493318722cd",
      "speaker": "fx",
      "text": "Better not forget to bring cookies next time too.",
      "file_name": "voice_ex/fx-685d29-Better_not_forget_to_bring_coo-fb3c5bac.mp3",
      "reason": "new",
      "hash_changed": false,
      "voice_def_changed": false
    },
    {
      "voice_id": "a7c8ad6e-e271-4512-82f6-ea17ea9b0e35",
      "speaker": "fx",
      "text": "Yeah, yeah, Kaliel. Stop the archdemon's jailbreak first, I know. Not like I have revenge scheduled ...",
      "file_name": "voice_ex/fx-685d29-Yeah_yeah_Kaliel._Stop_the_a-d61c1cdf.mp3",
      "reason": "new",
      "hash_changed": false,
      "voice_def_changed": false
    },
    {
      "voice_id": "27342955-9d1d-4d32-976c-9ed3da9afdf2",
      "speaker": "fx",
      "text": "You’re comparing me to a 500-year veteran? Great motivation technique. Thanks.",
      "file_name": "voice_ex/fx-685d29-Youre_comparing_me_to_a_500-y-a5e66178.mp3",
      "reason": "new",
      "hash_changed": false,
      "voice_def_changed": false
    },
    {
      "voice_id": "bd841557-3938-4c12-b507-17cddd64a90c",
      "speaker": "lm",
      "text": "That's Grimseer! A servant of Baphomet gone rogue!",
      "file_name": "voice_ex/lm-2e37f8-Thats_Grimseer_A_servant_of_-d8e3f836.mp3",
      "reason": "new",
      "hash_changed": false,
      "voice_def_changed": false
    },
    {
      "voice_id": "4f7f8841-d618-4b2a-b277-81dfc1e32a3f",
      "speaker": "lm",
      "text": "He wanted to rule the plains and lost his mind!",
      "file_name": "voice_ex/lm-2e37f8-He_wanted_to_rule_the_plains_a-0d21ced9.mp3",
      "reason": "new",
      "hash_changed": false,
      "voice_def_changed": false
    },
    {
      "voice_id": "fe818e8c-7c4e-4f12-8245-c8fdd2bb9d78",
      "speaker": "lm",
      "text": "That's Thornwalker! He's really dangerous!",
      "file_name": "voice_ex/lm-2e37f8-Thats_Thornwalker_Hes_reall-a89522f8.mp3",
      "reason": "new",
      "hash_changed": false,
      "voice_def_changed": false
    },
    {
      "voice_id": "398dc591-21d2-4f98-a1b4-daa9b812f05f",
      "speaker": "lm",
      "text": "Blood Priest! Baphomet's high priest!",
      "file_name": "voice_ex/lm-2e37f8-Blood_Priest_Baphomets_high_-46211ff5.mp3",
      "reason": "new",
      "hash_changed": false,
      "voice_def_changed": false
    },
    {
      "voice_id": "4470d9e1-29dc-430d-ac99-738c3cf5cf0d",
      "speaker": "lm",
      "text": "He's losing his mind more and more!",
      "file_name": "voice_ex/lm-2e37f8-Hes_losing_his_mind_more_and_-8d89859e.mp3",
      "reason": "new",
      "hash_changed": false,
      "voice_def_changed": false
    },
    {
      "voice_id": "d91dbd50-078d-402b-9390-48923e6fe512",
      "speaker": "lm",
      "text": "It's him! Be careful!",
      "file_name": "voice_ex/lm-2e37f8-Its_him_Be_careful-6c6e9ce3.mp3",
      "reason": "new",
      "hash_changed": false,
      "voice_def_changed": false
    },
    {
      "voice_id": "6a897d00-4deb-4574-b1d5-269a6af40d6c",
      "speaker": "lm",
      "text": "He's still dangerous!",
      "file_name": "voice_ex/lm-2e37f8-Hes_still_dangerous-7b6f6775.mp3",
      "reason": "new",
      "hash_changed": false,
      "voice_def_changed": false
    },
    {
      "voice_id": "7689e2e4-33eb-464a-835b-bc04606f7e40",
      "speaker": "lm",
      "text": "This time, let's finish him for good!",
      "file_name": "voice_ex/lm-2e37f8-This_time_lets_finish_him_fo-a52fa5fb.mp3",
      "reason": "new",
      "hash_changed": false,
      "voice_def_changed": false
    },
    {
      "voice_id": "9b580893-d59f-4410-abe7-ac15ea77bae7",
      "speaker": "lm",
      "text": "He's completely lost now!",
      "file_name": "voice_ex/lm-2e37f8-Hes_completely_lost_now-d3f9869b.mp3",
      "reason": "new",
      "hash_changed": false,
      "voice_def_changed": false
    },
    {
      "voice_id": "73a78a50-7d8b-480f-a589-7081325e85de",
      "speaker": "lm",
      "text": "He's blinded by his ambition!",
      "file_name": "voice_ex/lm-2e37f8-Hes_blinded_by_his_ambition-635f12e7.mp3",
      "reason": "new",
      "hash_changed": false,
      "voice_def_changed": false
    },
    {
      "voice_id": "cc545225-2b4d-4373-ad17-6ff38139b942",
      "speaker": "lm",
      "text": "This place feels wrong because of him!",
      "file_name": "voice_ex/lm-2e37f8-This_place_feels_wrong_because-9207dc20.mp3",
      "reason": "new",
      "hash_changed": false,
      "voice_def_changed": false
    },
    {
      "voice_id": "4164c0e2-d7f9-46fe-90e0-183843934fbf",
      "speaker": "lm",
      "text": "He always does this! Be ready!",
      "file_name": "voice_ex/lm-2e37f8-He_always_does_this_Be_ready-5e517a3e.mp3",
      "reason": "new",
      "hash_changed": false,
      "voice_def_changed": false
    },
    {
      "voice_id": "ea1587b7-bc45-4c7c-afc0-82d44ac6e943",
      "speaker": "lm",
      "text": "Thornwalker's coming!",
      "file_name": "voice_ex/lm-2e37f8-Thornwalkers_coming-00735555.mp3",
      "reason": "new",
      "hash_changed": false,
      "voice_def_changed": false
    },
    {
      "voice_id": "353a5ce2-a6da-4770-bab9-4be8a769f0d2",
      "speaker": "lm",
      "text": "Careful! It's him!",
      "file_name": "voice_ex/lm-2e37f8-Careful_Its_him-fc1f3496.mp3",
      "reason": "new",
      "hash_changed": false,
      "voice_def_changed": false
    },
    {
      "voice_id": "98d6f659-99ca-47c0-87a0-8bd4aeb5bdf5",
      "speaker": "lm",
      "text": "Thornwalker's here!",
      "file_name": "voice_ex/lm-2e37f8-Thornwalkers_here-cc7f1faa.mp3",
      "reason": "new",
      "hash_changed": false,
      "voice_def_changed": false
    },
    {
      "voice_id": "748c1f20-939f-4daa-bf7d-4cfbff69a692",
      "speaker": "lm",
      "text": "Watch out for Thornwalker!",
      "file_name": "voice_ex/lm-2e37f8-Watch_out_for_Thornwalker-7bcd7946.mp3",
      "reason": "new",
      "hash_changed": false,
      "voice_def_changed": false
    },
    {
      "voice_id": "d4e08412-fcfd-493b-8218-3f217a8e5b66",
      "speaker": "lm",
      "text": "Don't underestimate him!",
      "file_name": "voice_ex/lm-2e37f8-Dont_underestimate_him-53d367c0.mp3",
      "reason": "new",
      "hash_changed": false,
      "voice_def_changed": false
    },
    {
      "voice_id": "f1665016-5416-4c62-bd19-112b729603a5",
      "speaker": "lm",
      "text": "He's getting more dangerous!",
      "file_name": "voice_ex/lm-2e37f8-Hes_getting_more_dangerous-21e23ba5.mp3",
      "reason": "new",
      "hash_changed": false,
      "voice_def_changed": false
    },
    {
      "voice_id": "69c465b6-26f9-49d8-8a47-c60ca142de55",
      "speaker": "lm",
      "text": "Blood Priest is here!",
      "file_name": "voice_ex/lm-2e37f8-Blood_Priest_is_here-51b153ee.mp3",
      "reason": "new",
      "hash_changed": false,
      "voice_def_changed": false
    },
    {
      "voice_id": "62a5ae7c-08dd-4ee2-9735-455fbbf48d44",
      "speaker": "lm",
      "text": "Watch out! He's dangerous!",
      "file_name": "voice_ex/lm-2e37f8-Watch_out_Hes_dangerous-779a70ea.mp3",
      "reason": "new",
      "hash_changed": false,
      "voice_def_changed": false
    },
    {
      "voice_id": "4bf6a0ec-7b9b-40a0-a8d1-ce8e6deac428",
      "speaker": "lm",
      "text": "He's praying again!",
      "file_name": "voice_ex/lm-2e37f8-Hes_praying_again-6faff4ca.mp3",
      "reason": "new",
      "hash_changed": false,
      "voice_def_changed": false
    },
    {
      "voice_id": "ccb660ae-731c-40f0-bed0-3543035d5b93",
      "speaker": "lm",
      "text": "Don't get near him!",
      "file_name": "voice_ex/lm-2e37f8-Dont_get_near_him-d66aafeb.mp3",
      "reason": "new",
      "hash_changed": false,
      "voice_def_changed": false
    },
    {
      "voice_id": "3e14ca17-f1ba-4024-a01c-154975432e23",
      "speaker": "lm",
      "text": "He's more dangerous than before!",
      "file_name": "voice_ex/lm-2e37f8-Hes_more_dangerous_than_befor-df543433.mp3",
      "reason": "new",
      "hash_changed": false,
      "voice_def_changed": false
    },
    {
      "voice_id": "7d91f03f-cd1d-4ab4-adac-f8cd110e08d3",
      "speaker": "lm",
      "text": "Blood Priest appears!",
      "file_name": "voice_ex/lm-2e37f8-Blood_Priest_appears-4a8a9667.mp3",
      "reason": "new",
      "hash_changed": false,
      "voice_def_changed": false
    },
    {
      "voice_id": "1d668bc4-0712-4070-a9bd-7819bd58ffae",
      "speaker": "lm",
      "text": "Stay sharp!",
      "file_name": "voice_ex/lm-2e37f8-Stay_sharp-a93c7210.mp3",
      "reason": "new",
      "hash_changed": false,
      "voice_def_changed": false
    },
    {
      "voice_id": "b9ad40ea-b52c-4013-bc74-ddb6dd4dbcc3",
      "speaker": "lm",
      "text": "Be careful, Fenrix!",
      "file_name": "voice_ex/lm-2e37f8-Be_careful_Fenrix-82caa3bd.mp3",
      "reason": "new",
      "hash_changed": false,
      "voice_def_changed": false
    },
    {
      "voice_id": "830d578e-99a2-430f-80a3-98bac5fd81ef",
      "speaker": "lm",
      "text": "You can handle it!",
      "file_name": "voice_ex/lm-2e37f8-You_can_handle_it-44a41fd5.mp3",
      "reason": "new",
      "hash_changed": false,
      "voice_def_changed": false
    },
    {
      "voice_id": "eb4deb35-da6d-4c9d-80dc-4208eccaf1db",
      "speaker": "lm",
      "text": "Don't underestimate it!",
      "file_name": "voice_ex/lm-2e37f8-Dont_underestimate_it-e21f4cfc.mp3",
      "reason": "new",
      "hash_changed": false,
      "voice_def_changed": false
    },
    {
      "voice_id": "3db5ad85-8597-41d1-84e7-fdbc1e4e3f80",
      "speaker": "lm",
      "text": "Stay alert, Fenrix!",
      "file_name": "voice_ex/lm-2e37f8-Stay_alert_Fenrix-9a8f8a62.mp3",
      "reason": "new",
      "hash_changed": false,
      "voice_def_changed": false
    },
    {
      "voice_id": "f95ba74b-3efc-4fd1-a656-bfdbfb911387",
      "speaker": "lm",
      "text": "Watch its movements!",
      "file_name": "voice_ex/lm-2e37f8-Watch_its_movements-b1fee593.mp3",
      "reason": "new",
      "hash_changed": false,
      "voice_def_changed": false
    },
    {
      "voice_id": "d92b9f58-14f5-458f-bf63-379b4d3b2d42",
      "speaker": "lm",
      "text": "Neither are we!",
      "file_name": "voice_ex/lm-2e37f8-Neither_are_we-2ad6b005.mp3",
      "reason": "new",
      "hash_changed": false,
      "voice_def_changed": false
    },
    {
      "voice_id": "5f2959b0-b5f9-4eba-bbeb-a79bea3744d3",
      "speaker": "lm",
      "text": "Give it your all!",
      "file_name": "voice_ex/lm-2e37f8-Give_it_your_all-d295d6e5.mp3",
      "reason": "new",
      "hash_changed": false,
      "voice_def_changed": false
    },
    {
      "voice_id": "27b2fd30-a7d4-4c55-adb0-6eb2a7c1d4bf",
      "speaker": "lm",
      "text": "Great job, Fenrix! You did it!",
      "file_name": "voice_ex/lm-2e37f8-Great_job_Fenrix_You_did_it-1c484f0c.mp3",
      "reason": "new",
      "hash_changed": false,
      "voice_def_changed": false
    },
    {
      "voice_id": "c58897a9-d6c3-4a1e-a894-f246c1aaeee0",
      "speaker": "lm",
      "text": "Not bad for a rookie!",
      "file_name": "voice_ex/lm-2e37f8-Not_bad_for_a_rookie-011461a7.mp3",
      "reason": "new",
      "hash_changed": false,
      "voice_def_changed": false
    },
    {
      "voice_id": "b26255d9-9922-4aad-b0cb-d144a321f029",
      "speaker": "lm",
      "text": "Don't get cocky!",
      "file_name": "voice_ex/lm-2e37f8-Dont_get_cocky-92be2f46.mp3",
      "reason": "new",
      "hash_changed": false,
      "voice_def_changed": false
    },
    {
      "voice_id": "79156ced-c645-4a4d-a2df-49a84b46de9e",
      "speaker": "lm",
      "text": "Let's keep moving!",
      "file_name": "voice_ex/lm-2e37f8-Lets_keep_moving-2e3bb0ab.mp3",
      "reason": "new",
      "hash_changed": false,
      "voice_def_changed": false
    },
    {
      "voice_id": "816fb58f-622e-4013-8ba4-98a5f3233cc4",
      "speaker": "lm",
      "text": "Stay focused, Fenrix!",
      "file_name": "voice_ex/lm-2e37f8-Stay_focused_Fenrix-46729806.mp3",
      "reason": "new",
      "hash_changed": false,
      "voice_def_changed": false
    },
    {
      "voice_id": "e9a62157-b634-404b-b5a7-39b20aeb2acd",
      "speaker": "lm",
      "text": "Great teamwork!",
      "file_name": "voice_ex/lm-2e37f8-Great_teamwork-13e5f410.mp3",
      "reason": "new",
      "hash_changed": false,
      "voice_def_changed": false
    },
    {
      "voice_id": "65ded050-3553-486f-8306-e2e61403eef9",
      "speaker": "lm",
      "text": "But we made it!",
      "file_name": "voice_ex/lm-2e37f8-But_we_made_it-090f885c.mp3",
      "reason": "new",
      "hash_changed": false,
      "voice_def_changed": false
    },
    {
      "voice_id": "58db84fa-0688-43ab-b1cf-e21cd86c53b6",
      "speaker": "lm",
      "text": "You're amazing, Fenrix!",
      "file_name": "voice_ex/lm-2e37f8-Youre_amazing_Fenrix-519de52a.mp3",
      "reason": "new",
      "hash_changed": false,
      "voice_def_changed": false
    },
    {
      "voice_id": "48e75fbe-ccc6-4d75-b7c3-b96fd720c0bb",
      "speaker": "lm",
      "text": "Don't underestimate them!",
      "file_name": "voice_ex/lm-2e37f8-Dont_underestimate_them-a2116fc9.mp3",
      "reason": "new",
      "hash_changed": false,
      "voice_def_changed": false
    },
    {
      "voice_id": "83ce51d1-3536-4afe-9ece-3261825b0d25",
      "speaker": "lm",
      "text": "On to the next one!",
      "file_name": "voice_ex/lm-2e37f8-On_to_the_next_one-50ff25bb.mp3",
      "reason": "new",
      "hash_changed": false,
      "voice_def_changed": false
    },
    {
      "voice_id": "7c32f37e-3f60-4863-ab19-2be248016aec",
      "speaker": "ar",
      "text": "So you've met Baphomet. Welcome to a day in the life at the Sanctuary.",
      "file_name": "voice_ex/ar-627f16-So_youve_met_Baphomet._Welcom-ea5616da.mp3",
      "reason": "new",
      "hash_changed": false,
      "voice_def_changed": false
    },
    {
      "voice_id": "dbe9a972-ee6a-4517-9689-a96b1ab554b4",
      "speaker": "ar",
      "text": "You look like you're dying to ask about something Baphomet said.",
      "file_name": "voice_ex/ar-627f16-You_look_like_youre_dying_to_-0ee3ff5c.mp3",
      "reason": "new",
      "hash_changed": false,
      "voice_def_changed": false
    },
    {
      "voice_id": "b20aab57-546f-4dfa-a308-92a85db7c628",
      "speaker": "fx",
      "text": "Oof, and here I thought I had a good poker face.",
      "file_name": "voice_ex/fx-685d29-Oof_and_here_I_thought_I_had_-2b4f78b9.mp3",
      "reason": "new",
      "hash_changed": false,
      "voice_def_changed": false
    },
    {
      "voice_id": "a97e1088-b2c1-401d-aca0-d05253de66b5",
      "speaker": "ar",
      "text": "Baphomet's words are nothing but a traitor's ramblings, but his hammer never lies.",
      "file_name": "voice_ex/ar-627f16-Baphomets_words_are_nothing_b-7af152cb.mp3",
      "reason": "new",
      "hash_changed": false,
      "voice_def_changed": false
    },
    {
      "voice_id": "8bfe8715-7ac5-4747-ac2e-fc7f3f04c0b6",
      "speaker": "fx",
      "text": "His service was a bit heavy-handed for my taste. Literally.",
      "file_name": "voice_ex/fx-685d29-His_service_was_a_bit_heavy-ha-2281923a.mp3",
      "reason": "new",
      "hash_changed": false,
      "voice_def_changed": false
    },
    {
      "voice_id": "07097343-0068-4bd7-a7f0-e1d7a74e5bb8",
      "speaker": "ar",
      "text": "Still in one piece, I see. Years of corruption haven't improved his aim.",
      "file_name": "voice_ex/ar-627f16-Still_in_one_piece_I_see._Yea-31ee6a6d.mp3",
      "reason": "new",
      "hash_changed": false,
      "voice_def_changed": false
    },
    {
      "voice_id": "85e66b80-e87d-444b-babc-8bc4e8b4b29e",
      "speaker": "ar",
      "text": "If you're struggling this much with Baphomet, you stand no chance against Asmodeus.",
      "file_name": "voice_ex/ar-627f16-If_youre_struggling_this_much-268e4456.mp3",
      "reason": "new",
      "hash_changed": false,
      "voice_def_changed": false
    },
    {
      "voice_id": "dbd1ded6-ac49-4728-9725-e23c63eb2361",
      "speaker": "fx",
      "text": "Don't worry, I have what they call a growth mindset.",
      "file_name": "voice_ex/fx-685d29-Dont_worry_I_have_what_they_-1b1b97b7.mp3",
      "reason": "new",
      "hash_changed": false,
      "voice_def_changed": false
    },
    {
      "voice_id": "f830b6f4-ed29-45a1-a454-96a66427fd70",
      "speaker": "ar",
      "text": "Even before his current form, I sometimes thought of him as... monstrous. Not that it matters now.",
      "file_name": "voice_ex/ar-627f16-Even_before_his_current_form_-32d3c58e.mp3",
      "reason": "new",
      "hash_changed": false,
      "voice_def_changed": false
    },
    {
      "voice_id": "ac620925-3fa0-4f3c-b6fa-da959cb0e937",
      "speaker": "fx",
      "text": "So the horns and hooves simply match what was already inside? Well, they say fashion is a form of ex...",
      "file_name": "voice_ex/fx-685d29-So_the_horns_and_hooves_simply-e4c148eb.mp3",
      "reason": "new",
      "hash_changed": false,
      "voice_def_changed": false
    },
    {
      "voice_id": "7d003d62-56d1-4e5a-906d-d7a35b9483f6",
      "speaker": "fx",
      "text": "Most of it? So some parts are true? Hmm.",
      "file_name": "voice_ex/fx-685d29-Most_of_it_So_some_parts_are_-e1ddded7.mp3",
      "reason": "new",
      "hash_changed": false,
      "voice_def_changed": false
    },
    {
      "voice_id": "6ed81e0c-d2b7-46a3-9e40-103ed558b404",
      "speaker": "fx",
      "text": "You call that slow? Gotta say, I'm seeing you in a whole new light.",
      "file_name": "voice_ex/fx-685d29-You_call_that_slow_Gotta_say-6c9b31ef.mp3",
      "reason": "new",
      "hash_changed": false,
      "voice_def_changed": false
    },
    {
      "voice_id": "b8ae0557-0bda-4cce-a786-b07080cba3ad",
      "speaker": "ar",
      "text": "So you went chasing shadows, only to come up against a real body. How was your fight with Baphomet?",
      "file_name": "voice_ex/ar-627f16-So_you_went_chasing_shadows_o-3a8e51b1.mp3",
      "reason": "new",
      "hash_changed": false,
      "voice_def_changed": false
    },
    {
      "voice_id": "f875d98a-de2b-41d1-b977-6ee6f38b043a",
      "speaker": "ar",
      "text": "A demon, still obsessing over status... I can't understand it. Simply foolish.",
      "file_name": "voice_ex/ar-627f16-A_demon_still_obsessing_over_-fa59717d.mp3",
      "reason": "new",
      "hash_changed": false,
      "voice_def_changed": false
    },
    {
      "voice_id": "5bed02ba-1362-4311-8cf3-d2b1e44b66b0",
      "speaker": "fx",
      "text": "What's nobility good for when you've got antlers and chains? Think I'll stick with commoner, thanks.",
      "file_name": "voice_ex/fx-685d29-Whats_nobility_good_for_when_-3db0855c.mp3",
      "reason": "new",
      "hash_changed": false,
      "voice_def_changed": false
    },
    {
      "voice_id": "184aa1a6-b2c7-4b6f-86ba-2408acea7f99",
      "speaker": "fx",
      "text": "So Baphomet was a butler, huh? Didn't see that coming. His attitude isn't exactly... submissive.",
      "file_name": "voice_ex/fx-685d29-So_Baphomet_was_a_butler_huh-8f355e50.mp3",
      "reason": "new",
      "hash_changed": false,
      "voice_def_changed": false
    },
    {
      "voice_id": "9a95d32b-cf26-45b5-81ca-c48cb2e44a03",
      "speaker": "ar",
      "text": "The greatest monsters often hide behind the most civilized facades. His mannerisms are merely an ech...",
      "file_name": "voice_ex/ar-627f16-The_greatest_monsters_often_hi-d498c3aa.mp3",
      "reason": "new",
      "hash_changed": false,
      "voice_def_changed": false
    },
    {
      "voice_id": "a8cf78c5-8c00-4531-83de-9bccf8679801",
      "speaker": "fx",
      "text": "Well, he mentioned working for your family. Was he always this insufferable, even as a human?",
      "file_name": "voice_ex/fx-685d29-Well_he_mentioned_working_for-ccb2c330.mp3",
      "reason": "new",
      "hash_changed": false,
      "voice_def_changed": false
    },
    {
      "voice_id": "97c5efb6-f3ea-40ff-a10e-2fd9fcc06c49",
      "speaker": "ar",
      "text": "You need to defeat him as he is now, not what he once was. Wouldn't that help you find your invisibl...",
      "file_name": "voice_ex/ar-627f16-You_need_to_defeat_him_as_he_i-f5b693d9.mp3",
      "reason": "new",
      "hash_changed": false,
      "voice_def_changed": false
    },
    {
      "voice_id": "9a8ff651-8fdf-463a-be77-54e94af20262",
      "speaker": "fx",
      "text": "Right. For what it's worth, I don't think \"obsessed with duty\" is an insult. Duty holds us together.",
      "file_name": "voice_ex/fx-685d29-Right._For_what_its_worth_I_-4878ce5a.mp3",
      "reason": "new",
      "hash_changed": false,
      "voice_def_changed": false
    },
    {
      "voice_id": "b3286f01-35ef-4e8a-b42f-c61553aa29f9",
      "speaker": "fx",
      "text": "Was it just me, or did she seem a little... I don't know. Moved?",
      "file_name": "voice_ex/fx-685d29-Was_it_just_me_or_did_she_see-ac6d1360.mp3",
      "reason": "new",
      "hash_changed": false,
      "voice_def_changed": false
    },
    {
      "voice_id": "a46a9f54-e535-43b0-ab14-3a7d32b87052",
      "speaker": "hn",
      "text": "Surprisingly, there's a gap after Baphomet slams that hammer down. Ever thought about attacking then...",
      "file_name": "voice_ex/hn-6b95f9-Surprisingly_theres_a_gap_af-21b65f70.mp3",
      "reason": "new",
      "hash_changed": false,
      "voice_def_changed": false
    },
    {
      "voice_id": "cdea7b22-622a-418d-9372-eda5c306a5fa",
      "speaker": "fx",
      "text": "Combat advice on top of resurrections? Hey, has anyone seen Haniel? I think someone swapped her out.",
      "file_name": "voice_ex/fx-685d29-Combat_advice_on_top_of_resurr-89eec12d.mp3",
      "reason": "new",
      "hash_changed": false,
      "voice_def_changed": false
    },
    {
      "voice_id": "1282b8e4-054a-461b-8528-59f9b49b43b1",
      "speaker": "hn",
      "text": "I have to fill out three forms each time you die. My hand is starting to cramp. Got it?",
      "file_name": "voice_ex/hn-6b95f9-I_have_to_fill_out_three_forms-0da33780.mp3",
      "reason": "new",
      "hash_changed": false,
      "voice_def_changed": false
    },
    {
      "voice_id": "4157db6b-b100-4e52-8e00-088b963c0f00",
      "speaker": "hn",
      "text": "Fun fact: Baphomet's triple hammer swing? If you stay extremely close to him, he'll miss completely.",
      "file_name": "voice_ex/hn-6b95f9-Fun_fact_Baphomets_triple_ha-b317b114.mp3",
      "reason": "new",
      "hash_changed": false,
      "voice_def_changed": false
    },
    {
      "voice_id": "dc221c04-02e3-4c9c-a396-6d8f198b5651",
      "speaker": "fx",
      "text": "So literally face my fears head-on? Sounds like life advice. Should I start calling you Coach Haniel...",
      "file_name": "voice_ex/fx-685d29-So_literally_face_my_fears_hea-80230ae3.mp3",
      "reason": "new",
      "hash_changed": false,
      "voice_def_changed": false
    },
    {
      "voice_id": "a3605de1-9aab-4b1f-a068-36dca3d20566",
      "speaker": "hn",
      "text": "Oh, Haniel. What have you just said? You think he'll actually understand? Just more work for you.",
      "file_name": "voice_ex/hn-6b95f9-Oh_Haniel._What_have_you_just-3635ecd6.mp3",
      "reason": "new",
      "hash_changed": false,
      "voice_def_changed": false
    },
    {
      "voice_id": "92071196-f643-4fa1-9701-9ce9ca279b4c",
      "speaker": "hn",
      "text": "How about keeping some distance when Baphomet raises his hammer in the air? Just saying since you se...",
      "file_name": "voice_ex/hn-6b95f9-How_about_keeping_some_distanc-f2aaa5d0.mp3",
      "reason": "new",
      "hash_changed": false,
      "voice_def_changed": false
    },
    {
      "voice_id": "28b6e1b2-415c-4da0-92f8-ae1195c03462",
      "speaker": "fx",
      "text": "You of all people wanting me to stay alive brings tears to my eyes. Oh, did you know? The president ...",
      "file_name": "voice_ex/fx-685d29-You_of_all_people_wanting_me_t-a7f8e68f.mp3",
      "reason": "new",
      "hash_changed": false,
      "voice_def_changed": false
    },
    {
      "voice_id": "2961ab02-5779-4939-8a96-56f40190542a",
      "speaker": "hn",
      "text": "I literally can't with you right now.",
      "file_name": "voice_ex/hn-6b95f9-I_literally_cant_with_you_rig-f3dc7764.mp3",
      "reason": "new",
      "hash_changed": false,
      "voice_def_changed": false
    },
    {
      "voice_id": "75fe47f7-6b23-4e37-95f3-77fbd0b681df",
      "speaker": "hn",
      "text": "Maintain a distance that's neither too close nor too far. The horned ex-butler's quick charge is dif...",
      "file_name": "voice_ex/hn-6b95f9-Maintain_a_distance_thats_nei-4248cf2b.mp3",
      "reason": "new",
      "hash_changed": false,
      "voice_def_changed": false
    },
    {
      "voice_id": "e3b710f6-4b29-48ee-a5e1-7692eec2e0ac",
      "speaker": "fx",
      "text": "Proper distance, huh... Former noble butlers are such a pain. Too close, and they shoo you away. Too...",
      "file_name": "voice_ex/fx-685d29-Proper_distance_huh..._Former-b00e09da.mp3",
      "reason": "new",
      "hash_changed": false,
      "voice_def_changed": false
    },
    {
      "voice_id": "e40b9270-f20e-4295-a134-d54e6d0f495e",
      "speaker": "hn",
      "text": "Whatever. Go die however you want. I'll just be bothered again.",
      "file_name": "voice_ex/hn-6b95f9-Whatever._Go_die_however_you_w-5a3148ed.mp3",
      "reason": "new",
      "hash_changed": false,
      "voice_def_changed": false
    },
    {
      "voice_id": "e4f8edb2-144f-44b4-8c8c-b7d704e57c44",
      "speaker": "hn",
      "text": "When Baphomet swings his hammer and your life flashes before your eyes - that's your Split Second wi...",
      "file_name": "voice_ex/hn-6b95f9-When_Baphomet_swings_his_hamme-cfe3e04e.mp3",
      "reason": "new",
      "hash_changed": false,
      "voice_def_changed": false
    },
    {
      "voice_id": "3d7059f6-642b-457b-b80f-fe2872963f77",
      "speaker": "fx",
      "text": "Ah, that moment. Too distracted by memories of that small girl with the icy glare behind Kaliel duri...",
      "file_name": "voice_ex/fx-685d29-Ah_that_moment._Too_distracte-9c6d467e.mp3",
      "reason": "new",
      "hash_changed": false,
      "voice_def_changed": false
    },
    {
      "voice_id": "63640348-ed20-4b1e-b56f-add16190d872",
      "speaker": "hn",
      "text": "Just so you know, that 'small girl' is considering quitting because she's sick of cleaning up after ...",
      "file_name": "voice_ex/hn-6b95f9-Just_so_you_know_that_small_-12fa47ea.mp3",
      "reason": "new",
      "hash_changed": false,
      "voice_def_changed": false
    },
    {
      "voice_id": "e32bbfe4-dade-493a-b9a5-6597bacc549a",
      "speaker": "ua",
      "text": "At the angel's beck and call, I see, like a dog on a leash. Or a leash on a dog!",
      "file_name": "voice_ex/ua-6f8fb5-At_the_angels_beck_and_call_-1f8e7a3c.mp3",
      "reason": "hash change",
      "hash_changed": true,
      "voice_def_changed": false
    },
    {
      "voice_id": "763dfbac-5547-4784-b4a8-a5427ee2cfe4",
      "speaker": "ua",
      "text": "Tearing into the deer's neck, its heart, its guts.",
      "file_name": "voice_ex/ua-6f8fb5-Tearing_into_the_deers_neck_-63fb781e.mp3",
      "reason": "new",
      "hash_changed": false,
      "voice_def_changed": false
    },
    {
      "voice_id": "7c96f9ae-fb09-41e5-9349-0f21294cf057",
      "speaker": "fx",
      "text": "See, I was right! I've been looking everywhere for... You. Still can't get over how much you look li...",
      "file_name": "voice_ex/fx-685d29-See_I_was_right_Ive_been_lo-dd727e34.mp3",
      "reason": "new",
      "hash_changed": false,
      "voice_def_changed": false
    },
    {
      "voice_id": "1ae07b40-3867-499a-847f-1e2e099fd08e",
      "speaker": "ua",
      "text": "We share a sacred geometry, an inevitable symmetry. Yes... I'm something like her shadow.",
      "file_name": "voice_ex/ua-6f8fb5-We_share_a_sacred_geometry_an-b25cf1a1.mp3",
      "reason": "hash change",
      "hash_changed": true,
      "voice_def_changed": false
    },
    {
      "voice_id": "2f912c14-70fe-43d6-b53a-9b160cc00f02",
      "speaker": "ua",
      "text": "No need to rush. You'll run into me eventually. As long as you keep descending, deeper, deeper, deep...",
      "file_name": "voice_ex/ua-6f8fb5-No_need_to_rush._Youll_run_in-a69f6494.mp3",
      "reason": "new",
      "hash_changed": false,
      "voice_def_changed": false
    },
    {
      "voice_id": "21198417-784b-4ab9-a70d-124a0b464671",
      "speaker": "ua",
      "text": "When? Where?",
      "file_name": "voice_ex/ua-6f8fb5-When_Where-30559547.mp3",
      "reason": "new",
      "hash_changed": false,
      "voice_def_changed": false
    },
    {
      "voice_id": "d518efec-8a57-438e-8302-163b8953e6f8",
      "speaker": "ua",
      "text": "Does it even matter?",
      "file_name": "voice_ex/ua-6f8fb5-Does_it_even_matter-10a6f11f.mp3",
      "reason": "new",
      "hash_changed": false,
      "voice_def_changed": false
    },
    {
      "voice_id": "604816ea-e700-4429-9f1f-1beae6f57537",
      "speaker": "hn",
      "text": "So the shadow was real after all. Can't believe you were actually right for once.",
      "file_name": "voice_ex/hn-6b95f9-So_the_shadow_was_real_after_a-903623b5.mp3",
      "reason": "new",
      "hash_changed": false,
      "voice_def_changed": false
    },
    {
      "voice_id": "f3991f64-dfc3-4fd7-8f7c-e9a2edb1e343",
      "speaker": "fx",
      "text": "Mark this day in your calendar. 'The day Fenrix was right and Haniel had to admit it.'",
      "file_name": "voice_ex/fx-685d29-Mark_this_day_in_your_calendar-878fb25d.mp3",
      "reason": "new",
      "hash_changed": false,
      "voice_def_changed": false
    },
    {
      "voice_id": "83b299c1-ae92-4c72-980e-04d60b844b64",
      "speaker": "hn",
      "text": "Libraries are for silence, but your screams were too loud.",
      "file_name": "voice_ex/hn-6b95f9-Libraries_are_for_silence_but-b1ba65b5.mp3",
      "reason": "new",
      "hash_changed": false,
      "voice_def_changed": false
    },
    {
      "voice_id": "995ef371-cd1e-4aea-b6b6-8d312711bc9e",
      "speaker": "fx",
      "text": "Next time, I’ll die in a whisper. Gotta respect library etiquette.",
      "file_name": "voice_ex/fx-685d29-Next_time_Ill_die_in_a_whisp-10420331.mp3",
      "reason": "new",
      "hash_changed": false,
      "voice_def_changed": false
    },
    {
      "voice_id": "dca69e90-a042-47e7-98d9-3469ab70bdf7",
      "speaker": "hn",
      "text": "Planning to die this often? This is only the second level. You know the Seal has five levels, right?",
      "file_name": "voice_ex/hn-6b95f9-Planning_to_die_this_often_Th-4cf08154.mp3",
      "reason": "new",
      "hash_changed": false,
      "voice_def_changed": false
    },
    {
      "voice_id": "e6707555-61c5-4348-a4af-8340e531bea9",
      "speaker": "fx",
      "text": "At this rate, by level five your comments will escalate from sarcasm to actual curses.",
      "file_name": "voice_ex/fx-685d29-At_this_rate_by_level_five_yo-f9d00f90.mp3",
      "reason": "new",
      "hash_changed": false,
      "voice_def_changed": false
    },
    {
      "voice_id": "2b67823e-fc71-4ef7-bf15-0bc1cafbe5c3",
      "speaker": "hn",
      "text": "Aren't these just scrawny, bookish ghosts? Then why do you keep dying to them?",
      "file_name": "voice_ex/hn-6b95f9-Arent_these_just_scrawny_boo-928e87a5.mp3",
      "reason": "new",
      "hash_changed": false,
      "voice_def_changed": false
    },
    {
      "voice_id": "f118edad-c1e5-45c2-b49b-495b0063cea4",
      "speaker": "fx",
      "text": "Wrong name. With those buffed-up monsters, this place is more of a gym than a library.",
      "file_name": "voice_ex/fx-685d29-Wrong_name._With_those_buffed--b516992a.mp3",
      "reason": "new",
      "hash_changed": false,
      "voice_def_changed": false
    },
    {
      "voice_id": "28368883-8fd1-4033-bbbd-d7e56e00467d",
      "speaker": "hn",
      "text": "Every time you die, my vacation gets postponed. So hurry up and find that shadow already.",
      "file_name": "voice_ex/hn-6b95f9-Every_time_you_die_my_vacatio-ae4cfe16.mp3",
      "reason": "new",
      "hash_changed": false,
      "voice_def_changed": false
    },
    {
      "voice_id": "f9a026d3-14c5-48ec-a4b9-5a22b1b84c3a",
      "speaker": "fx",
      "text": "'Wanted: One lost shadow. Urgent. A certain angel's paid leave is on the line.'",
      "file_name": "voice_ex/fx-685d29-Wanted_One_lost_shadow._Urge-6b3adfc2.mp3",
      "reason": "new",
      "hash_changed": false,
      "voice_def_changed": false
    },
    {
      "voice_id": "7b272496-09b3-428f-b5dd-1c9e1c75ab6a",
      "speaker": "hn",
      "text": "Just so you know, asking ‘Haniel, is that really Asmodeus?’ is banned today. Reason? I can’t be both...",
      "file_name": "voice_ex/hn-6b95f9-Just_so_you_know_asking_Hani-e2cfdd84.mp3",
      "reason": "new",
      "hash_changed": false,
      "voice_def_changed": false
    },
    {
      "voice_id": "544d3514-f549-428d-8c74-1c405dd540f2",
      "speaker": "fx",
      "text": "Wasn’t planning to ask anyway. Reason? ‘A complete waste of time.’",
      "file_name": "voice_ex/fx-685d29-Wasnt_planning_to_ask_anyway.-04a7d3c5.mp3",
      "reason": "new",
      "hash_changed": false,
      "voice_def_changed": false
    },
    {
      "voice_id": "9ff5e88e-916c-402d-a328-10a7c6cbe463",
      "speaker": "ar",
      "text": "I can tell from your footsteps. You ran into something, didn't you? I'd say don't ask... but you won...",
      "file_name": "voice_ex/ar-627f16-I_can_tell_from_your_footsteps-df6100cd.mp3",
      "reason": "new",
      "hash_changed": false,
      "voice_def_changed": false
    },
    {
      "voice_id": "54e041c5-12b4-4f17-bf84-9ddf440ba412",
      "speaker": "fx",
      "text": "Alright, then. How about we talk about the weather? No, that’s a bit difficult. I guess the mood’s o...",
      "file_name": "voice_ex/fx-685d29-Alright_then._How_about_we_ta-20686877.mp3",
      "reason": "new",
      "hash_changed": false,
      "voice_def_changed": false
    },
    {
      "voice_id": "232cdd3d-1c4f-4a2b-bc57-beed4373333a",
      "speaker": "fx",
      "text": "You know I’m going to ask again, right? You might as well start thinking of an answer.",
      "file_name": "voice_ex/fx-685d29-You_know_Im_going_to_ask_agai-1504ea54.mp3",
      "reason": "new",
      "hash_changed": false,
      "voice_def_changed": false
    },
    {
      "voice_id": "3aaf7927-90c4-4bab-ac20-3eefa0423d75",
      "speaker": "ar",
      "text": "Persistent, aren’t you?",
      "file_name": "voice_ex/ar-627f16-Persistent_arent_you-828151e7.mp3",
      "reason": "new",
      "hash_changed": false,
      "voice_def_changed": false
    },
    {
      "voice_id": "d881d13a-209b-4129-b048-26377b07d763",
      "speaker": "ar",
      "text": "Back again. With questions, I presume.",
      "file_name": "voice_ex/ar-627f16-Back_again._With_questions_I_-9867dfca.mp3",
      "reason": "new",
      "hash_changed": false,
      "voice_def_changed": false
    },
    {
      "voice_id": "7dce1b23-3925-4bde-bb02-9fbb82e96f75",
      "speaker": "fx",
      "text": "You're starting to get me. Should I be flattered?",
      "file_name": "voice_ex/fx-685d29-Youre_starting_to_get_me._Sho-89c95f1a.mp3",
      "reason": "new",
      "hash_changed": false,
      "voice_def_changed": false
    },
    {
      "voice_id": "286eb2e7-60e9-43ac-b3ba-3494c2688406",
      "speaker": "ar",
      "text": "You seem... different today.",
      "file_name": "voice_ex/ar-627f16-You_seem..._different_today.-3722b4bb.mp3",
      "reason": "new",
      "hash_changed": false,
      "voice_def_changed": false
    },
    {
      "voice_id": "333fa4e2-4418-44b3-9253-49e25facdb5a",
      "speaker": "fx",
      "text": "Thanks for noticing. Been thinking a lot.",
      "file_name": "voice_ex/fx-685d29-Thanks_for_noticing._Been_thin-be4cc72a.mp3",
      "reason": "new",
      "hash_changed": false,
      "voice_def_changed": false
    },
    {
      "voice_id": "94e7a2b4-1931-44ac-9d8e-697269295b8c",
      "speaker": "ar",
      "text": "Strange feeling. Talking about her like this... I've never told anyone before.",
      "file_name": "voice_ex/ar-627f16-Strange_feeling._Talking_about-ba5e65fb.mp3",
      "reason": "new",
      "hash_changed": false,
      "voice_def_changed": false
    },
    {
      "voice_id": "2ff6271c-fc54-4a27-a2d2-b433b16c1662",
      "speaker": "fx",
      "text": "I get it. I feel the same way.",
      "file_name": "voice_ex/fx-685d29-I_get_it._I_feel_the_same_way.-e4fe3c7d.mp3",
      "reason": "new",
      "hash_changed": false,
      "voice_def_changed": false
    },
    {
      "voice_id": "25cf9e21-fbab-4a12-8c85-2142a943dbd1",
      "speaker": "fx",
      "text": "Arcanus, was it? That faceless demon... what exactly is it? Why does it try to- Never mind.",
      "file_name": "voice_ex/fx-685d29-Arcanus_was_it_That_faceless-512f7023.mp3",
      "reason": "new",
      "hash_changed": false,
      "voice_def_changed": false
    },
    {
      "voice_id": "1f2d2852-5d21-4bde-b57a-fa9879079a42",
      "speaker": "ar",
      "text": "A soul that lost everything and became an empty husk. Though I dare say she deserves it.",
      "file_name": "voice_ex/ar-627f16-A_soul_that_lost_everything_an-53dc5c7f.mp3",
      "reason": "new",
      "hash_changed": false,
      "voice_def_changed": false
    },
    {
      "voice_id": "ab4b3b62-8092-4ec3-b352-c7fef02cf2ca",
      "speaker": "fx",
      "text": "She? So there is a story between you two. Why? What happened to her? And why did she...",
      "file_name": "voice_ex/fx-685d29-She_So_there_is_a_story_betwe-73dc9ecd.mp3",
      "reason": "new",
      "hash_changed": false,
      "voice_def_changed": false
    },
    {
      "voice_id": "d4115380-b387-4609-b0f7-9d149d770c34",
      "speaker": "fx",
      "text": "Oh, come on. Can’t you at least pretend to answer?",
      "file_name": "voice_ex/fx-685d29-Oh_come_on._Cant_you_at_leas-f706475a.mp3",
      "reason": "new",
      "hash_changed": false,
      "voice_def_changed": false
    },
    {
      "voice_id": "caafbbea-9f48-44bb-ac39-a8e111efcddd",
      "speaker": "fx",
      "text": "So, must be your favorite time of the day—dodging my questions. Let’s get this over with. Arcanus. W...",
      "file_name": "voice_ex/fx-685d29-So_must_be_your_favorite_time-c8e341df.mp3",
      "reason": "new",
      "hash_changed": false,
      "voice_def_changed": false
    },
    {
      "voice_id": "f42db967-3516-407b-baea-b37dae9f64a9",
      "speaker": "ar",
      "text": "Has Kiki been helping you maintain your weapons? Ah, and Pea—he’s quite useful too.",
      "file_name": "voice_ex/ar-627f16-Has_Kiki_been_helping_you_main-1cb30388.mp3",
      "reason": "new",
      "hash_changed": false,
      "voice_def_changed": false
    },
    {
      "voice_id": "35541c29-de07-46b0-a0c8-7ed392ebf097",
      "speaker": "fx",
      "text": "Nice try. But you know you can’t keep running forever.",
      "file_name": "voice_ex/fx-685d29-Nice_try._But_you_know_you_can-6cc025ce.mp3",
      "reason": "new",
      "hash_changed": false,
      "voice_def_changed": false
    },
    {
      "voice_id": "66c573d7-e182-4b2a-aa42-0545ef46f1a0",
      "speaker": "ar",
      "text": "That much is true. And you’re clearly not letting this go. Fine. She was a prodigy at a magic academ...",
      "file_name": "voice_ex/ar-627f16-That_much_is_true._And_youre_-f95e720e.mp3",
      "reason": "new",
      "hash_changed": false,
      "voice_def_changed": false
    },
    {
      "voice_id": "f39ba6e2-2d2a-4d39-a3df-5aa98000d9b7",
      "speaker": "fx",
      "text": "Great. So she went to school. Mind-blowing stuff. This isn’t over, not by a long shot.",
      "file_name": "voice_ex/fx-685d29-Great._So_she_went_to_school._-e400e04c.mp3",
      "reason": "new",
      "hash_changed": false,
      "voice_def_changed": false
    },
    {
      "voice_id": "5b758473-1f3b-4a26-b5f2-e58e530a9e3b",
      "speaker": "fx",
      "text": "Alright, alright. I won’t push— but if she was a prodigy, someone must have known her. Someone like…...",
      "file_name": "voice_ex/fx-685d29-Alright_alright._I_wont_push-7f40f357.mp3",
      "reason": "new",
      "hash_changed": false,
      "voice_def_changed": false
    },
    {
      "voice_id": "ffd663a6-3693-47c5-8d35-0cbf5439f5cb",
      "speaker": "ar",
      "text": "Of course, we attended the same magic academy, after all. She wasn’t just a prodigy… she was almost ...",
      "file_name": "voice_ex/ar-627f16-Of_course_we_attended_the_sam-a98d6159.mp3",
      "reason": "new",
      "hash_changed": false,
      "voice_def_changed": false
    },
    {
      "voice_id": "3e6db97d-6e17-4e7b-b3de-becdf1f3e698",
      "speaker": "fx",
      "text": "Oh, now you mention it? Took you long enough. So, you two must have gotten along great.",
      "file_name": "voice_ex/fx-685d29-Oh_now_you_mention_it_Took_y-50a3dc13.mp3",
      "reason": "new",
      "hash_changed": false,
      "voice_def_changed": false
    },
    {
      "voice_id": "89f64e31-1d73-487b-a6b4-b85170ee93e5",
      "speaker": "ar",
      "text": "Hardly. She and Lucian were always together. I had… other priorities.",
      "file_name": "voice_ex/ar-627f16-Hardly._She_and_Lucian_were_al-7532f2ab.mp3",
      "reason": "new",
      "hash_changed": false,
      "voice_def_changed": false
    },
    {
      "voice_id": "855aaf60-fa7a-4583-b46b-577e012bd8e2",
      "speaker": "fx",
      "text": "Like being top of the class?",
      "file_name": "voice_ex/fx-685d29-Like_being_top_of_the_class-96f72412.mp3",
      "reason": "new",
      "hash_changed": false,
      "voice_def_changed": false
    },
    {
      "voice_id": "900428d4-4b67-477f-8a11-75debfd3b6b0",
      "speaker": "ar",
      "text": "Something like that. If you're done, I have more pressing matters to attend to.",
      "file_name": "voice_ex/ar-627f16-Something_like_that._If_youre-32ee131b.mp3",
      "reason": "new",
      "hash_changed": false,
      "voice_def_changed": false
    },
    {
      "voice_id": "deb3496f-b15e-41e1-bfcb-dad61b11c9c1",
      "speaker": "fx",
      "text": "Fine. I'll be honest about why I'm so curious about Arcanus. When she first appeared... she took the...",
      "file_name": "voice_ex/fx-685d29-Fine._Ill_be_honest_about_why-8c7f1e72.mp3",
      "reason": "new",
      "hash_changed": false,
      "voice_def_changed": false
    },
    {
      "voice_id": "069fc86e-5cf9-49a4-a390-c1299305e4f1",
      "speaker": "ar",
      "text": "! I had no idea. She always... knew how to cause the most pain.",
      "file_name": "voice_ex/ar-627f16-_I_had_no_idea._She_always...-7db19688.mp3",
      "reason": "new",
      "hash_changed": false,
      "voice_def_changed": false
    },
    {
      "voice_id": "e060b1ae-462f-4c48-be56-34512853f5ae",
      "speaker": "fx",
      "text": "Not your fault. Still, that's why I need to know. What she is, why she'd appear as Chloe.",
      "file_name": "voice_ex/fx-685d29-Not_your_fault._Still_thats_-cfef95a0.mp3",
      "reason": "new",
      "hash_changed": false,
      "voice_def_changed": false
    },
    {
      "voice_id": "d044da07-4ad3-43cc-b181-880112ae1137",
      "speaker": "ar",
      "text": "She was... a foreign student at our magic academy. The one who seduced Lucian into summoning Asmodeu...",
      "file_name": "voice_ex/ar-627f16-She_was..._a_foreign_student_a-e1fc9f09.mp3",
      "reason": "new",
      "hash_changed": false,
      "voice_def_changed": false
    },
    {
      "voice_id": "2a617565-554e-4c53-b342-8b199ad5e821",
      "speaker": "fx",
      "text": "What? ...Damn it. I'm sorry. I'm really hopeless, aren't I?",
      "file_name": "voice_ex/fx-685d29-What_...Damn_it._Im_sorry._I-2b20250e.mp3",
      "reason": "new",
      "hash_changed": false,
      "voice_def_changed": false
    },
    {
      "voice_id": "7b637e49-e9a5-4909-b666-2f561f706103",
      "speaker": "ar",
      "text": "It's not your fault. Now you understand why I think she deserved... what happened to her.",
      "file_name": "voice_ex/ar-627f16-Its_not_your_fault._Now_you_u-9f645f77.mp3",
      "reason": "new",
      "hash_changed": false,
      "voice_def_changed": false
    },
    {
      "voice_id": "37a97a00-5f0c-4362-96d6-78327d5911c0",
      "speaker": "fx",
      "text": "I had no idea Arcanus was such a... No wonder you can't forgive her.",
      "file_name": "voice_ex/fx-685d29-I_had_no_idea_Arcanus_was_such-b8577b5e.mp3",
      "reason": "new",
      "hash_changed": false,
      "voice_def_changed": false
    },
    {
      "voice_id": "9f280b24-88ce-4f0d-9a92-9cd5731da566",
      "speaker": "ar",
      "text": "Thank you. For saying that. Sometimes I wonder if I'm overreacting.",
      "file_name": "voice_ex/ar-627f16-Thank_you._For_saying_that._So-b9fb0f6b.mp3",
      "reason": "new",
      "hash_changed": false,
      "voice_def_changed": false
    },
    {
      "voice_id": "a063026a-a5af-41a8-96a7-14417e4bc922",
      "speaker": "fx",
      "text": "What on earth happened to her? How did a perfect prodigy, by your own admission, turn into such a pe...",
      "file_name": "voice_ex/fx-685d29-What_on_earth_happened_to_her-7982818b.mp3",
      "reason": "new",
      "hash_changed": false,
      "voice_def_changed": false
    },
    {
      "voice_id": "887f9345-bd39-443e-b016-549fb321f0dd",
      "speaker": "ar",
      "text": "I don’t know. The last time I saw her, she was human. When I met her again… she was already like tha...",
      "file_name": "voice_ex/ar-627f16-I_dont_know._The_last_time_I_-8c6ad414.mp3",
      "reason": "new",
      "hash_changed": false,
      "voice_def_changed": false
    },
    {
      "voice_id": "ae9a8358-afca-4398-a43b-43706f0fce12",
      "speaker": "fx",
      "text": "A deal with demons gets you power or talent, right? But a lifetime library clerk gig? Geniuses.",
      "file_name": "voice_ex/fx-685d29-A_deal_with_demons_gets_you_po-55c33b2b.mp3",
      "reason": "new",
      "hash_changed": false,
      "voice_def_changed": false
    },
    {
      "voice_id": "d130985c-9fb9-41a5-9bfe-5be9e37b7868",
      "speaker": "fx",
      "text": "No. That's impossible.",
      "file_name": "voice_ex/fx-685d29-No._Thats_impossible.-4e2a623a.mp3",
      "reason": "new",
      "hash_changed": false,
      "voice_def_changed": false
    },
    {
      "voice_id": "1a99bcfb-f42f-41f2-abaf-027923887377",
      "speaker": "fx",
      "text": "Congratulations, demon. You just crossed the one line no one should ever cross. I'm going to make yo...",
      "file_name": "voice_ex/fx-685d29-Congratulations_demon._You_ju-57027363.mp3",
      "reason": "new",
      "hash_changed": false,
      "voice_def_changed": false
    },
    {
      "voice_id": "934e7f58-e00f-4a10-af91-6006d7c9bbad",
      "speaker": "lm",
      "text": "Arcanus was once a student at the magic academy, meow! I heard she was close to Lucian, meow!",
      "file_name": "voice_ex/lm-2e37f8-Arcanus_was_once_a_student_at_-2053eb9f.mp3",
      "reason": "new",
      "hash_changed": false,
      "voice_def_changed": false
    },
    {
      "voice_id": "aeceb2c2-efb6-4fd9-82c5-602551d4cd68",
      "speaker": "fx",
      "text": "Close to Lucian? I'm betting she didn't have that... face situation going on back then. What happene...",
      "file_name": "voice_ex/fx-685d29-Close_to_Lucian_Im_betting_s-ae5ed365.mp3",
      "reason": "new",
      "hash_changed": false,
      "voice_def_changed": false
    },
    {
      "voice_id": "1f652d79-b113-469c-b8ea-6600adfcf6a4",
      "speaker": "fx",
      "text": "What? ...If I die this time, please make sure my tombstone reads 'Died in battle while Lumi was coun...",
      "file_name": "voice_ex/fx-685d29-What_...If_I_die_this_time_p-ec6994d2.mp3",
      "reason": "hash change",
      "hash_changed": true,
      "voice_def_changed": false
    },
    {
      "voice_id": "2c792f65-c46c-4e7b-9bd2-631518a3b6ec",
      "speaker": "hn",
      "text": "You know what I'm about to say, right? Questions are banned.",
      "file_name": "voice_ex/hn-6b95f9-You_know_what_Im_about_to_say-06237648.mp3",
      "reason": "new",
      "hash_changed": false,
      "voice_def_changed": false
    },
    {
      "voice_id": "f486d04a-6397-4ea1-9908-e9114f4055f6",
      "speaker": "fx",
      "text": "Same here. And so is getting on my nerves.",
      "file_name": "voice_ex/fx-685d29-Same_here._And_so_is_getting_o-295997a5.mp3",
      "reason": "new",
      "hash_changed": false,
      "voice_def_changed": false
    },
    {
      "voice_id": "d58ecb58-f3cc-4c4e-81a8-bc0a0a7c0612",
      "speaker": "nm",
      "text": "You've defeated Arcanus, yet you remain here. The Seal's obstinance is... troubling.",
      "file_name": "voice_ex/nm-6b95f9-Youve_defeated_Arcanus_yet_y-8e75fb9f.mp3",
      "reason": "hash change",
      "hash_changed": true,
      "voice_def_changed": false
    },
    {
      "voice_id": "22ce9de6-6941-4fe5-8564-8e8815348d03",
      "speaker": "fx",
      "text": "And guess what? The members are giving it one hell of a welcome party!",
      "file_name": "voice_ex/fx-685d29-And_guess_what_The_members_ar-615828bc.mp3",
      "reason": "hash change",
      "hash_changed": true,
      "voice_def_changed": false
    },
    {
      "voice_id": "ef3e94e2-0644-4d15-a7cc-dff2e4fd6634",
      "speaker": "lm",
      "text": "You! I don't like you!",
      "file_name": "voice_ex/lm-2e37f8-You_I_dont_like_you-1ddd9094.mp3",
      "reason": "new",
      "hash_changed": false,
      "voice_def_changed": false
    }
  ],
  "errors": []
}