{
  "timestamp": "2025-03-17T20:43:33.165190",
  "config": {
    "model_name": "eleven_multilingual_v2",
    "csv_file": "newData/voiceSheet.csv",
    "output_dir": "game",
    "force_rehash": true,
    "force_voice_defs": true,
    "dry_run": false
  },
  "statistics": {
    "total_entries": 3429,
    "processed": 3429,
    "skipped": 3362,
    "generated": 67,
    "updated_filenames": 67,
    "hash_changes_detected": 9,
    "voice_def_changes": 64,
    "errors": 0
  },
  "character_stats": {
    "nm": {
      "total": 32,
      "generated": 0,
      "skipped": 32,
      "errors": 0,
      "updated": 0,
      "hash_changes": 0,
      "voice_def_changes": 0
    },
    "fx": {
      "total": 1686,
      "generated": 3,
      "skipped": 1683,
      "errors": 0,
      "updated": 3,
      "hash_changes": 1,
      "voice_def_changes": 2
    },
    "ns": {
      "total": 60,
      "generated": 60,
      "skipped": 0,
      "errors": 0,
      "updated": 60,
      "hash_changes": 6,
      "voice_def_changes": 60
    },
    "nu": {
      "total": 36,
      "generated": 2,
      "skipped": 34,
      "errors": 0,
      "updated": 2,
      "hash_changes": 2,
      "voice_def_changes": 0
    },
    "lm": {
      "total": 455,
      "generated": 1,
      "skipped": 454,
      "errors": 0,
      "updated": 1,
      "hash_changes": 0,
      "voice_def_changes": 1
    },
    "sh": {
      "total": 46,
      "generated": 0,
      "skipped": 46,
      "errors": 0,
      "updated": 0,
      "hash_changes": 0,
      "voice_def_changes": 0
    },
    "g1": {
      "total": 75,
      "generated": 0,
      "skipped": 75,
      "errors": 0,
      "updated": 0,
      "hash_changes": 0,
      "voice_def_changes": 0
    },
    "g2": {
      "total": 142,
      "generated": 0,
      "skipped": 142,
      "errors": 0,
      "updated": 0,
      "hash_changes": 0,
      "voice_def_changes": 0
    },
    "hn": {
      "total": 111,
      "generated": 0,
      "skipped": 111,
      "errors": 0,
      "updated": 0,
      "hash_changes": 0,
      "voice_def_changes": 0
    },
    "ar": {
      "total": 389,
      "generated": 0,
      "skipped": 389,
      "errors": 0,
      "updated": 0,
      "hash_changes": 0,
      "voice_def_changes": 0
    },
    "kl": {
      "total": 224,
      "generated": 1,
      "skipped": 223,
      "errors": 0,
      "updated": 1,
      "hash_changes": 0,
      "voice_def_changes": 1
    },
    "bd": {
      "total": 39,
      "generated": 0,
      "skipped": 39,
      "errors": 0,
      "updated": 0,
      "hash_changes": 0,
      "voice_def_changes": 0
    },
    "void": {
      "total": 5,
      "generated": 0,
      "skipped": 5,
      "errors": 0,
      "updated": 0,
      "hash_changes": 0,
      "voice_def_changes": 0
    },
    "ua": {
      "total": 24,
      "generated": 0,
      "skipped": 24,
      "errors": 0,
      "updated": 0,
      "hash_changes": 0,
      "voice_def_changes": 0
    },
    "bb": {
      "total": 25,
      "generated": 0,
      "skipped": 25,
      "errors": 0,
      "updated": 0,
      "hash_changes": 0,
      "voice_def_changes": 0
    },
    "bl": {
      "total": 26,
      "generated": 0,
      "skipped": 26,
      "errors": 0,
      "updated": 0,
      "hash_changes": 0,
      "voice_def_changes": 0
    },
    "ba": {
      "total": 9,
      "generated": 0,
      "skipped": 9,
      "errors": 0,
      "updated": 0,
      "hash_changes": 0,
      "voice_def_changes": 0
    },
    "bs": {
      "total": 6,
      "generated": 0,
      "skipped": 6,
      "errors": 0,
      "updated": 0,
      "hash_changes": 0,
      "voice_def_changes": 0
    },
    "bm": {
      "total": 15,
      "generated": 0,
      "skipped": 15,
      "errors": 0,
      "updated": 0,
      "hash_changes": 0,
      "voice_def_changes": 0
    },
    "aw": {
      "total": 22,
      "generated": 0,
      "skipped": 22,
      "errors": 0,
      "updated": 0,
      "hash_changes": 0,
      "voice_def_changes": 0
    },
    "af": {
      "total": 2,
      "generated": 0,
      "skipped": 2,
      "errors": 0,
      "updated": 0,
      "hash_changes": 0,
      "voice_def_changes": 0
    }
  },
  "generated_files": [
    {
      "voice_id": "4761a717-fe31-428a-b57b-ee98e19f08d4",
      "speaker": "ns",
      "text": "Oh~ So you're the hunter Kaliel brought? Better than I expected! That mask is quite nice.",
      "file_name": "voice_ex/ns-d5d186-Oh_So_youre_the_hunter_Kalie-80f78fa4.mp3",
      "reason": "voice def change",
      "hash_changed": false,
      "voice_def_changed": true
    },
    {
      "voice_id": "c62e2438-974b-43be-9d9f-a1ab5c57c7d7",
      "speaker": "ns",
      "text": "A demon? Are you kidding me? Looking at this beauty and that's what you say?",
      "file_name": "voice_ex/ns-d5d186-A_demon_Are_you_kidding_me_L-de8c2202.mp3",
      "reason": "voice def change",
      "hash_changed": false,
      "voice_def_changed": true
    },
    {
      "voice_id": "957e86b3-956f-4d24-ba69-1c4ea4efb803",
      "speaker": "ns",
      "text": "Listen up. I'm Seraphiel, Angel of Beauty and Love. You'll need our help in there, so remember it, d...",
      "file_name": "voice_ex/ns-d5d186-Listen_up._Im_Seraphiel_Ange-8404e1bd.mp3",
      "reason": "voice def change",
      "hash_changed": false,
      "voice_def_changed": true
    },
    {
      "voice_id": "55202f5c-c38d-446d-8b15-68d197feecf8",
      "speaker": "ns",
      "text": "Why so hung up on details? Both love and flames are hot and dangerous.",
      "file_name": "voice_ex/ns-d5d186-Why_so_hung_up_on_details_Bot-5d6c933c.mp3",
      "reason": "voice def change",
      "hash_changed": false,
      "voice_def_changed": true
    },
    {
      "voice_id": "bb65c09c-3c4c-4014-b894-c4f54c08ebf4",
      "speaker": "ns",
      "text": "Please. Those are so basic. My flames are different— hotter than love’s fever, more beautiful than M...",
      "file_name": "voice_ex/ns-d5d186-Please._Those_are_so_basic._My-61b2ef8d.mp3",
      "reason": "hash change",
      "hash_changed": true,
      "voice_def_changed": true
    },
    {
      "voice_id": "5c2d5f8a-c19d-4f50-a2ff-25401933b59c",
      "speaker": "ns",
      "text": "Ugh, do you not get it? The flames must be the perfect crimson — not orange, not violet.",
      "file_name": "voice_ex/ns-d5d186-Ugh_do_you_not_get_it_The_fl-9fa470d7.mp3",
      "reason": "hash change",
      "hash_changed": true,
      "voice_def_changed": true
    },
    {
      "voice_id": "0fe02029-964b-4cdd-9eeb-3e5ee2720486",
      "speaker": "ns",
      "text": "The shape must be elegant, the embers must scatter gracefully!",
      "file_name": "voice_ex/ns-d5d186-The_shape_must_be_elegant_the-0620cf63.mp3",
      "reason": "hash change",
      "hash_changed": true,
      "voice_def_changed": true
    },
    {
      "voice_id": "f6b9067a-bf80-4c14-9f94-8112c5c5a3e2",
      "speaker": "ns",
      "text": "So you're Kaliel's last-minute pick to stop the Archdemon? Be honest, can you handle it? You do know...",
      "file_name": "voice_ex/ns-d5d186-So_youre_Kaliels_last-minute-bc0755f6.mp3",
      "reason": "voice def change",
      "hash_changed": false,
      "voice_def_changed": true
    },
    {
      "voice_id": "22a7ad96-7e11-4628-a002-94956e7265f8",
      "speaker": "ns",
      "text": "That better be true. This Archdemon mess is ruining Ariella’s face — a global tragedy.",
      "file_name": "voice_ex/ns-d5d186-That_better_be_true._This_Arch-53492284.mp3",
      "reason": "voice def change",
      "hash_changed": false,
      "voice_def_changed": true
    },
    {
      "voice_id": "abe4fa19-9069-4cc2-89ea-b7221e4507d4",
      "speaker": "ns",
      "text": "What? You don’t get it? Ariella’s beauty is a miracle! If she loses that glow… how am I supposed to ...",
      "file_name": "voice_ex/ns-d5d186-What_You_dont_get_it_Ariell-8106b206.mp3",
      "reason": "hash change",
      "hash_changed": true,
      "voice_def_changed": true
    },
    {
      "voice_id": "e68a5ba7-35bf-44d0-bea9-0942c6cfe684",
      "speaker": "ns",
      "text": "Huh? A woman who looks like Ariella? Fenrix, do you realize what you're saying?",
      "file_name": "voice_ex/ns-d5d186-Huh_A_woman_who_looks_like_Ar-91e791fe.mp3",
      "reason": "voice def change",
      "hash_changed": false,
      "voice_def_changed": true
    },
    {
      "voice_id": "1a3f27bc-9150-4445-a2c7-38e5fa17174b",
      "speaker": "ns",
      "text": "One Ariella is already a miracle. And now you're telling me there's another?",
      "file_name": "voice_ex/ns-d5d186-One_Ariella_is_already_a_mirac-77013299.mp3",
      "reason": "hash change",
      "hash_changed": true,
      "voice_def_changed": true
    },
    {
      "voice_id": "fec13ec4-c924-494f-86cc-b7d6b713139f",
      "speaker": "ns",
      "text": "Where is she?! You have to bring her to me—immediately!",
      "file_name": "voice_ex/ns-d5d186-Where_is_she_You_have_to_bri-2460d665.mp3",
      "reason": "hash change",
      "hash_changed": true,
      "voice_def_changed": true
    },
    {
      "voice_id": "abe65160-ee14-45f1-84bf-4591293b6ad6",
      "speaker": "ns",
      "text": "Ariella, She's just putting on a tough act. Deep down she's all soft, probably crying her eyes out w...",
      "file_name": "voice_ex/ns-d5d186-Ariella_Shes_just_putting_on-a55ae975.mp3",
      "reason": "voice def change",
      "hash_changed": false,
      "voice_def_changed": true
    },
    {
      "voice_id": "f2f7aebd-3b76-4946-a092-7514b94a0f46",
      "speaker": "ns",
      "text": "500 years alone... with nobody... that would drive anyone mad. But, aren't we all just pretending to...",
      "file_name": "voice_ex/ns-d5d186-500_years_alone..._with_nobody-b33be30f.mp3",
      "reason": "voice def change",
      "hash_changed": false,
      "voice_def_changed": true
    },
    {
      "voice_id": "5a330ec3-9d14-4ce6-b1bb-6c18bcd2c4fc",
      "speaker": "ns",
      "text": "Ah—! That got deep for a second. Anyway, give her a warm hug and...",
      "file_name": "voice_ex/ns-d5d186-Ah_That_got_deep_for_a_secon-b5ca60b6.mp3",
      "reason": "voice def change",
      "hash_changed": false,
      "voice_def_changed": true
    },
    {
      "voice_id": "c2d53b1c-8e4e-4b08-b8aa-13983f454507",
      "speaker": "ns",
      "text": "Who knows, she might just melt?",
      "file_name": "voice_ex/ns-d5d186-Who_knows_she_might_just_melt-9ca86ef3.mp3",
      "reason": "voice def change",
      "hash_changed": false,
      "voice_def_changed": true
    },
    {
      "voice_id": "37ee9ddd-a7f8-45cd-aa2a-3fdc9f405f87",
      "speaker": "ns",
      "text": "So you met Baphomet?I'd love to give him a good roasting. Well-done, if you know what I mean!",
      "file_name": "voice_ex/ns-d5d186-So_you_met_BaphometId_love_t-348f4468.mp3",
      "reason": "voice def change",
      "hash_changed": false,
      "voice_def_changed": true
    },
    {
      "voice_id": "20a92a1c-e17e-4914-b5be-f0f9402275e6",
      "speaker": "ns",
      "text": "Don't get hit in the face, got it? What else do you have going for you?",
      "file_name": "voice_ex/ns-d5d186-Dont_get_hit_in_the_face_got-30ef5ab2.mp3",
      "reason": "voice def change",
      "hash_changed": false,
      "voice_def_changed": true
    },
    {
      "voice_id": "5a74c973-3a26-4176-b54d-4871d3981355",
      "speaker": "ns",
      "text": "Good choice, pretty boy. See you around, handsome!",
      "file_name": "voice_ex/ns-d5d186-Good_choice_pretty_boy._See_y-4b5843cc.mp3",
      "reason": "voice def change",
      "hash_changed": false,
      "voice_def_changed": true
    },
    {
      "voice_id": "b7e13233-80a6-4bff-b7d9-c368b3944398",
      "speaker": "nu",
      "text": "Baphomet is just a bit of a nuisance? Man, that's like calling me a 'casual lute enthusiast'!",
      "file_name": "voice_ex/nu-6b95f9-Baphomet_is_just_a_bit_of_a_nu-b67b7d7f.mp3",
      "reason": "hash change",
      "hash_changed": true,
      "voice_def_changed": false
    },
    {
      "voice_id": "db7392b3-0e97-4411-af0d-6e130fa0e346",
      "speaker": "nu",
      "text": "And that, my friend, is a very wrong judgment! Listen up, kid — I am a ROCK GOD!",
      "file_name": "voice_ex/nu-6b95f9-And_that_my_friend_is_a_very-c5130f98.mp3",
      "reason": "hash change",
      "hash_changed": true,
      "voice_def_changed": false
    },
    {
      "voice_id": "5ca92cfc-af6e-466a-bbe7-a5b9a4b48cd9",
      "speaker": "ns",
      "text": "So, spill the tea! How''d you end up with Mr. Serious?",
      "file_name": "voice_ex/ns-d5d186-So_spill_the_tea_Howd_you_-d3f6c765.mp3",
      "reason": "voice def change",
      "hash_changed": false,
      "voice_def_changed": true
    },
    {
      "voice_id": "c9b75c41-98ed-4e06-b7ad-5b19f2af7ce4",
      "speaker": "ns",
      "text": "Honey, if he''s collecting cuties like you, I might need to reassess ol'' Kaliel!",
      "file_name": "voice_ex/ns-d5d186-Honey_if_hes_collecting_cut-d179ff21.mp3",
      "reason": "voice def change",
      "hash_changed": false,
      "voice_def_changed": true
    },
    {
      "voice_id": "1b3a5669-a7f2-4b70-9e9b-ee25917cd4bc",
      "speaker": "ns",
      "text": "OMG! Is that my favorite little non-cat? Lumi, darling, it''s been ages!",
      "file_name": "voice_ex/ns-d5d186-OMG_Is_that_my_favorite_littl-166d1d39.mp3",
      "reason": "voice def change",
      "hash_changed": false,
      "voice_def_changed": true
    },
    {
      "voice_id": "ff15ed60-6927-4aa1-b4f5-bc8f91297a14",
      "speaker": "ns",
      "text": "Of course! Honey, she''s like, the OG of this sanctuary.",
      "file_name": "voice_ex/ns-d5d186-Of_course_Honey_shes_like-2b63d3a1.mp3",
      "reason": "voice def change",
      "hash_changed": false,
      "voice_def_changed": true
    },
    {
      "voice_id": "dfc0f3db-7814-466c-9626-be9daaeca5ff",
      "speaker": "ns",
      "text": "Oh honey, you have no idea. This little cutie once...",
      "file_name": "voice_ex/ns-d5d186-Oh_honey_you_have_no_idea._Th-e1b3d764.mp3",
      "reason": "voice def change",
      "hash_changed": false,
      "voice_def_changed": true
    },
    {
      "voice_id": "a1f997bc-215e-4697-941f-390621a8e49e",
      "speaker": "ns",
      "text": "Honey, those scars... They''re totally ruining your aesthetic!",
      "file_name": "voice_ex/ns-d5d186-Honey_those_scars..._Theyre-ee8a3ca2.mp3",
      "reason": "voice def change",
      "hash_changed": false,
      "voice_def_changed": true
    },
    {
      "voice_id": "70a0a781-667a-4e91-bcd2-026e09f76164",
      "speaker": "ns",
      "text": "Sweetie, no! We can''t have you running around looking like a patchwork quilt.",
      "file_name": "voice_ex/ns-d5d186-Sweetie_no_We_cant_have_yo-02bd7125.mp3",
      "reason": "voice def change",
      "hash_changed": false,
      "voice_def_changed": true
    },
    {
      "voice_id": "f84132ff-8cf1-47a9-8ba6-1b22cc1722a3",
      "speaker": "ns",
      "text": "OMG, are you asking about little ol'' me? I bring the heat and the sass to this divine party! 🔥✨",
      "file_name": "voice_ex/ns-d5d186-OMG_are_you_asking_about_litt-e390381e.mp3",
      "reason": "voice def change",
      "hash_changed": false,
      "voice_def_changed": true
    },
    {
      "voice_id": "3b6655c2-fdde-4f97-8668-0fdba23fb0a9",
      "speaker": "ns",
      "text": "Maybe we can chat over some celestial cocktails later? I make a mean Flaming Halo! 🍹😘",
      "file_name": "voice_ex/ns-d5d186-Maybe_we_can_chat_over_some_ce-f0515113.mp3",
      "reason": "voice def change",
      "hash_changed": false,
      "voice_def_changed": true
    },
    {
      "voice_id": "dbb1bac3-c56a-4cd4-ae82-4e4584af365f",
      "speaker": "ns",
      "text": "OMG, I heard you met Michael! Isn''t she just the fiercest grandma you''ve ever seen?",
      "file_name": "voice_ex/ns-d5d186-OMG_I_heard_you_met_Michael_-afb3841a.mp3",
      "reason": "voice def change",
      "hash_changed": false,
      "voice_def_changed": true
    },
    {
      "voice_id": "f7d31df2-919d-4f1f-85b1-61b1a8a0c807",
      "speaker": "ns",
      "text": "Right?! She hands you a sword and it''s like she's daring you to say no! But honey, you know there''...",
      "file_name": "voice_ex/ns-d5d186-Right_She_hands_you_a_sword_-4e7f4c68.mp3",
      "reason": "voice def change",
      "hash_changed": false,
      "voice_def_changed": true
    },
    {
      "voice_id": "8b9908e7-6019-40cb-987d-ec6bb2200e9c",
      "speaker": "ns",
      "text": "Isn''t Uriel just the most? Who knew a balding grandpa with a lute could headbang like that!",
      "file_name": "voice_ex/ns-d5d186-Isnt_Uriel_just_the_most_Wh-fbc3acec.mp3",
      "reason": "voice def change",
      "hash_changed": false,
      "voice_def_changed": true
    },
    {
      "voice_id": "e65bade2-e3b2-4f05-91b2-f32d3bb49ec7",
      "speaker": "ns",
      "text": "Oh sweetie, nothing about Uriel is normal! Did he do his signature move? The one where he slides on ...",
      "file_name": "voice_ex/ns-d5d186-Oh_sweetie_nothing_about_Urie-8b355ece.mp3",
      "reason": "voice def change",
      "hash_changed": false,
      "voice_def_changed": true
    },
    {
      "voice_id": "0b7229fd-9e12-42e9-b2e8-3fb627410426",
      "speaker": "ns",
      "text": "Sweetie, with flames like mine, you'll be the hottest thing out there!",
      "file_name": "voice_ex/ns-d5d186-Sweetie_with_flames_like_mine-1b682e69.mp3",
      "reason": "voice def change",
      "hash_changed": false,
      "voice_def_changed": true
    },
    {
      "voice_id": "cd0e86cb-0c3e-47da-83b6-657580726cdc",
      "speaker": "ns",
      "text": "Oh, who cares about them? It's all about the flair! Here, take this and heat things up!",
      "file_name": "voice_ex/ns-d5d186-Oh_who_cares_about_them_Its-aca3073a.mp3",
      "reason": "voice def change",
      "hash_changed": false,
      "voice_def_changed": true
    },
    {
      "voice_id": "b488fc36-07ed-4619-85c4-1eaecc85fca5",
      "speaker": "ns",
      "text": "Looking a little tired, darling. Need a boost?",
      "file_name": "voice_ex/ns-d5d186-Looking_a_little_tired_darlin-a0018fd3.mp3",
      "reason": "voice def change",
      "hash_changed": false,
      "voice_def_changed": true
    },
    {
      "voice_id": "d9d70c6b-45d8-41e2-bd1d-a522d761608b",
      "speaker": "ns",
      "text": "Then this blessing is exactly what you need. Stay gorgeous and powerful, hun!",
      "file_name": "voice_ex/ns-d5d186-Then_this_blessing_is_exactly_-c8afe1b5.mp3",
      "reason": "voice def change",
      "hash_changed": false,
      "voice_def_changed": true
    },
    {
      "voice_id": "acc4b028-a7a2-4be0-94e8-0b43066f5403",
      "speaker": "ns",
      "text": "Hun, confidence is everything! You''ve got it, but this blessing will give you even more.",
      "file_name": "voice_ex/ns-d5d186-Hun_confidence_is_everything-770640b0.mp3",
      "reason": "voice def change",
      "hash_changed": false,
      "voice_def_changed": true
    },
    {
      "voice_id": "5001422f-2f43-482b-9cd1-f9eff16312c4",
      "speaker": "ns",
      "text": "Exactly! Own the battlefield, darling. You''re a star in the making!",
      "file_name": "voice_ex/ns-d5d186-Exactly_Own_the_battlefield_-a0f30dfc.mp3",
      "reason": "voice def change",
      "hash_changed": false,
      "voice_def_changed": true
    },
    {
      "voice_id": "828abaa7-f895-44a2-9ed6-147e034aa6f7",
      "speaker": "ns",
      "text": "Hun, you''re always looking good, but I''d love it if you paid a little more attention to your looks...",
      "file_name": "voice_ex/ns-d5d186-Hun_youre_always_looking_go-4d804c1c.mp3",
      "reason": "voice def change",
      "hash_changed": false,
      "voice_def_changed": true
    },
    {
      "voice_id": "c1ff3fae-2c9d-405c-8f18-2e91c87b3711",
      "speaker": "ns",
      "text": "Of course! Let me give you a blessing to keep you sharp <i>and</i> stylish!",
      "file_name": "voice_ex/ns-d5d186-Of_course_Let_me_give_you_a_b-686e5fff.mp3",
      "reason": "voice def change",
      "hash_changed": false,
      "voice_def_changed": true
    },
    {
      "voice_id": "8e3bbee2-1990-445e-a5a6-8340b6b4fd56",
      "speaker": "ns",
      "text": "Darling, if you''re going to keep fighting like that, at least do it with some style!",
      "file_name": "voice_ex/ns-d5d186-Darling_if_youre_going_to_k-24d7af00.mp3",
      "reason": "voice def change",
      "hash_changed": false,
      "voice_def_changed": true
    },
    {
      "voice_id": "1ae53e5d-e8cc-46f0-a7a7-a60771da607c",
      "speaker": "ns",
      "text": "Oh, you're definitely stylish, but trust me, following my advice can only make you better!",
      "file_name": "voice_ex/ns-d5d186-Oh_youre_definitely_stylish-8f90ae79.mp3",
      "reason": "voice def change",
      "hash_changed": false,
      "voice_def_changed": true
    },
    {
      "voice_id": "a1dc110e-d273-40a0-a3e2-883b8374f8c1",
      "speaker": "ns",
      "text": "OMG, hun! Heard you beat Baphomet, but the Seal''s still being stubborn?",
      "file_name": "voice_ex/ns-d5d186-OMG_hun_Heard_you_beat_Bapho-850cf6c2.mp3",
      "reason": "voice def change",
      "hash_changed": false,
      "voice_def_changed": true
    },
    {
      "voice_id": "dd402e17-1345-4b50-b95b-188287855fde",
      "speaker": "ns",
      "text": "Bummer! But hey, more time for me to admire that jawline!",
      "file_name": "voice_ex/ns-d5d186-Bummer_But_hey_more_time_for-dfc44c52.mp3",
      "reason": "voice def change",
      "hash_changed": false,
      "voice_def_changed": true
    },
    {
      "voice_id": "956a28ad-251f-48a8-84c1-b96869bc585d",
      "speaker": "lm",
      "text": "Let's go!",
      "file_name": "voice_ex/lm-2e37f8-Lets_go-634efc07.mp3",
      "reason": "voice def change",
      "hash_changed": false,
      "voice_def_changed": true
    },
    {
      "voice_id": "94492c4d-1f37-49b2-8608-1931f6e79a0d",
      "speaker": "fx",
      "text": "Let's go!",
      "file_name": "voice_ex/fx-685d29-Lets_go-634efc07.mp3",
      "reason": "voice def change",
      "hash_changed": false,
      "voice_def_changed": true
    },
    {
      "voice_id": "8cba7055-6288-411e-93e5-2e2635814b8e",
      "speaker": "ns",
      "text": "Darling, who got your pretty face all scratched up? Come on, show them!",
      "file_name": "voice_ex/ns-d5d186-Darling_who_got_your_pretty_f-24cd0977.mp3",
      "reason": "voice def change",
      "hash_changed": false,
      "voice_def_changed": true
    },
    {
      "voice_id": "fa5d423c-5189-4c22-b69b-a76e7ba9e795",
      "speaker": "fx",
      "text": "Whoa, guess someone’s not a fan of story time. Now I really want to know.",
      "file_name": "voice_ex/fx-685d29-Whoa_guess_someones_not_a_fa-e1c6def1.mp3",
      "reason": "hash change",
      "hash_changed": true,
      "voice_def_changed": false
    },
    {
      "voice_id": "4f0d9581-cd68-4d92-b303-1cb00512cbc8",
      "speaker": "fx",
      "text": "Really?",
      "file_name": "voice_ex/fx-685d29-Really-e02f73c2.mp3",
      "reason": "voice def change",
      "hash_changed": false,
      "voice_def_changed": true
    },
    {
      "voice_id": "3fd6861d-b232-482c-8187-3e5ec0d2f7f8",
      "speaker": "ns",
      "text": "I didn''t expect this outcome. Truly, I didn''t.",
      "file_name": "voice_ex/ns-d5d186-I_didnt_expect_this_outcome.-ef29c019.mp3",
      "reason": "voice def change",
      "hash_changed": false,
      "voice_def_changed": true
    },
    {
      "voice_id": "0178ef36-67de-406a-b831-5994036d2a26",
      "speaker": "ns",
      "text": "But... given how things have turned out, I must ask.",
      "file_name": "voice_ex/ns-d5d186-But..._given_how_things_have_t-605cd0a4.mp3",
      "reason": "voice def change",
      "hash_changed": false,
      "voice_def_changed": true
    },
    {
      "voice_id": "08957734-6d1d-4b14-a6bc-ff6c119c713f",
      "speaker": "ns",
      "text": "Are you happy with the conclusion of these events?",
      "file_name": "voice_ex/ns-d5d186-Are_you_happy_with_the_conclus-7efc66bc.mp3",
      "reason": "voice def change",
      "hash_changed": false,
      "voice_def_changed": true
    },
    {
      "voice_id": "61e71799-22bc-4d80-b498-114348be5674",
      "speaker": "ns",
      "text": "Is that so...? I'm a bit surprised.",
      "file_name": "voice_ex/ns-d5d186-Is_that_so..._Im_a_bit_surpr-a145251e.mp3",
      "reason": "voice def change",
      "hash_changed": false,
      "voice_def_changed": true
    },
    {
      "voice_id": "f1202945-b2b1-46c9-b1ff-39f1568ba24f",
      "speaker": "ns",
      "text": "But that's fine. Let me know if you change your mind.",
      "file_name": "voice_ex/ns-d5d186-But_thats_fine._Let_me_know_i-46f19bcf.mp3",
      "reason": "voice def change",
      "hash_changed": false,
      "voice_def_changed": true
    },
    {
      "voice_id": "037d040d-7569-46a6-8d5d-893c2e202aba",
      "speaker": "ns",
      "text": "All right.",
      "file_name": "voice_ex/ns-d5d186-All_right.-222f227e.mp3",
      "reason": "voice def change",
      "hash_changed": false,
      "voice_def_changed": true
    },
    {
      "voice_id": "18c1179a-4581-4e87-9942-2671634be3e9",
      "speaker": "ns",
      "text": "Then fate shall grant the hero one more chance to get things right.",
      "file_name": "voice_ex/ns-d5d186-Then_fate_shall_grant_the_hero-5085e254.mp3",
      "reason": "voice def change",
      "hash_changed": false,
      "voice_def_changed": true
    },
    {
      "voice_id": "d09322a2-8765-46e4-a01b-3f36d942dd16",
      "speaker": "ns",
      "text": "Ready?",
      "file_name": "voice_ex/ns-d5d186-Ready-9f0de627.mp3",
      "reason": "voice def change",
      "hash_changed": false,
      "voice_def_changed": true
    },
    {
      "voice_id": "51e6b7dd-d4f5-4bb5-af66-42f2c9acaa88",
      "speaker": "kl",
      "text": "Ready?",
      "file_name": "voice_ex/kl-6b95f9-Ready-9f0de627.mp3",
      "reason": "voice def change",
      "hash_changed": false,
      "voice_def_changed": true
    },
    {
      "voice_id": "e276bbb0-4c79-4d9c-88d9-238ff328a01f",
      "speaker": "ns",
      "text": "Hey, handsome!",
      "file_name": "voice_ex/ns-d5d186-Hey_handsome-a814d066.mp3",
      "reason": "voice def change",
      "hash_changed": false,
      "voice_def_changed": true
    },
    {
      "voice_id": "c60a2418-6bea-492a-9637-27fa05ed0e6a",
      "speaker": "ns",
      "text": "Kaliel, you should have told me he was cute. I would've come to greet him at the entrance.",
      "file_name": "voice_ex/ns-d5d186-Kaliel_you_should_have_told_m-90ad123b.mp3",
      "reason": "voice def change",
      "hash_changed": false,
      "voice_def_changed": true
    },
    {
      "voice_id": "344b7337-6b9e-45a5-ae99-f08434f97125",
      "speaker": "ns",
      "text": "Our blessings will help you defeat the Seal's demons. Here, take your pick.",
      "file_name": "voice_ex/ns-d5d186-Our_blessings_will_help_you_de-411247a7.mp3",
      "reason": "voice def change",
      "hash_changed": false,
      "voice_def_changed": true
    },
    {
      "voice_id": "e1165744-8cae-436f-a2bd-d055a945d4a9",
      "speaker": "ns",
      "text": "Good choice, handsome.",
      "file_name": "voice_ex/ns-d5d186-Good_choice_handsome.-d0b64375.mp3",
      "reason": "voice def change",
      "hash_changed": false,
      "voice_def_changed": true
    },
    {
      "voice_id": "c05945e2-f3a4-4ea8-bd0d-c0c3541d460a",
      "speaker": "ns",
      "text": "You'll be meeting many more angels in here,",
      "file_name": "voice_ex/ns-d5d186-Youll_be_meeting_many_more_an-d83531bc.mp3",
      "reason": "voice def change",
      "hash_changed": false,
      "voice_def_changed": true
    },
    {
      "voice_id": "e1f71d60-0a2a-4e6e-9051-b71135c9bc20",
      "speaker": "ns",
      "text": "but don't forget I was your first time!",
      "file_name": "voice_ex/ns-d5d186-but_dont_forget_I_was_your_fi-c613a2a9.mp3",
      "reason": "voice def change",
      "hash_changed": false,
      "voice_def_changed": true
    }
  ],
  "errors": []
}