{
  "bk_dying-fx-d45d5c10": {
    "text": "Oof...",
    "file_name": "bark/bk_dying-fx-d45d5c10-685d29.mp3"
  },
  "bk_dying-fx-1d956e14": {
    "text": "Oof!",
    "file_name": "bark/bk_dying-fx-1d956e14-685d29.mp3"
  },
  "bk_dying-fx-d18e3c24": {
    "text": "Damn it...",
    "file_name": "bark/bk_dying-fx-d18e3c24-685d29.mp3"
  },
  "bk_dying-fx-ec042f0a": {
    "text": "Damn it!",
    "file_name": "bark/bk_dying-fx-ec042f0a-685d29.mp3"
  },
  "bk_dying-fx-5bebf30b": {
    "text": "Ugh...",
    "file_name": "bark/bk_dying-fx-5bebf30b-685d29.mp3"
  },
  "bk_dying-fx-05e40c01": {
    "text": "Ugh!",
    "file_name": "bark/bk_dying-fx-05e40c01-685d29.mp3"
  },
  "bk_dying-fx-31e3dac8": {
    "text": "Agh...",
    "file_name": "bark/bk_dying-fx-31e3dac8-685d29.mp3"
  },
  "bk_dying-fx-81c20a33": {
    "text": "Agh!",
    "file_name": "bark/bk_dying-fx-81c20a33-685d29.mp3"
  },
  "bk_dying-fx-3c5f5cd8": {
    "text": "No...",
    "file_name": "bark/bk_dying-fx-3c5f5cd8-685d29.mp3"
  },
  "bk_dying-fx-2b49fa83": {
    "text": "No!",
    "file_name": "bark/bk_dying-fx-2b49fa83-685d29.mp3"
  },
  "bk_dying-lm-e14d4e71": {
    "text": "Meow, meow!",
    "file_name": "bark/bk_dying-lm-e14d4e71-6b95f9.mp3"
  },
  "bk_dying-lm-c8045d92": {
    "text": "Meow!",
    "file_name": "bark/bk_dying-lm-c8045d92-6b95f9.mp3"
  },
  "bk_enter_battle-fx-ce2c22bc": {
    "text": "So these are the ashen fields.",
    "file_name": "bark/bk_enter_battle-fx-ce2c22bc-685d29.mp3"
  },
  "bk_enter_battle-fx-67c66c98": {
    "text": "What is this place?",
    "file_name": "bark/bk_enter_battle-fx-67c66c98-685d29.mp3"
  },
  "bk_enter_battle-lm-97d9be85": {
    "text": "Meow, meow?",
    "file_name": "bark/bk_enter_battle-lm-97d9be85-6b95f9.mp3"
  },
  "bk_enter_battle-fx-b0e9e721": {
    "text": "Ah. Well, I never had much of a relationship with books.",
    "file_name": "bark/bk_enter_battle-fx-b0e9e721-685d29.mp3"
  },
  "bk_enter_battle-fx-8f50870e": {
    "text": "No more students to be seen here.",
    "file_name": "bark/bk_enter_battle-fx-8f50870e-685d29.mp3"
  },
  "bk_enter_battle-fx-66e19bfa": {
    "text": "This is creepy.",
    "file_name": "bark/bk_enter_battle-fx-66e19bfa-685d29.mp3"
  },
  "bk_enter_battle-fx-f734bf1d": {
    "text": "Looks like a marsh of some sorts.",
    "file_name": "bark/bk_enter_battle-fx-f734bf1d-685d29.mp3"
  },
  "bk_enter_battle-fx-1a6af03e": {
    "text": "Feels like someone might have died here.",
    "file_name": "bark/bk_enter_battle-fx-1a6af03e-685d29.mp3"
  },
  "bk_enter_battle-lm-9e7ded56": {
    "text": "Meow?!",
    "file_name": "bark/bk_enter_battle-lm-9e7ded56-6b95f9.mp3"
  },
  "bk_enter_battle-fx-2ec48edc": {
    "text": "Just got cold out here.",
    "file_name": "bark/bk_enter_battle-fx-2ec48edc-685d29.mp3"
  },
  "bk_enter_battle-fx-8e7278e1": {
    "text": "Should have brought a coat.",
    "file_name": "bark/bk_enter_battle-fx-8e7278e1-685d29.mp3"
  },
  "bk_enter_battle-fx-b7270609": {
    "text": "Even the air tastes like hatred here.",
    "file_name": "bark/bk_enter_battle-fx-b7270609-685d29.mp3"
  },
  "bk_enter_battle-fx-17f8548b": {
    "text": "Like a battlefield from hell.",
    "file_name": "bark/bk_enter_battle-fx-17f8548b-685d29.mp3"
  },
  "bk_enter_battle-lm-84fbd430": {
    "text": "Meow! Meooow!",
    "file_name": "bark/bk_enter_battle-lm-84fbd430-6b95f9.mp3"
  },
  "bk_enter_battle-fx-094686b3": {
    "text": "You're right, Lumi. Let's get going.",
    "file_name": "bark/bk_enter_battle-fx-094686b3-685d29.mp3"
  },
  "bk_enter_battle-fx-0257fb70": {
    "text": "Fitting home for an archdemon.",
    "file_name": "bark/bk_enter_battle-fx-0257fb70-685d29.mp3"
  },
  "bk_enter_battle-fx-355e3bd6": {
    "text": "This is where everything ends.",
    "file_name": "bark/bk_enter_battle-fx-355e3bd6-685d29.mp3"
  },
  "bk_enter_battle-fx-533c743d": {
    "text": "Ready, Lumi?",
    "file_name": "bark/bk_enter_battle-fx-533c743d-685d29.mp3"
  },
  "bk_enter_battle-lm-c8045d92": {
    "text": "Meow!",
    "file_name": "bark/bk_enter_battle-lm-c8045d92-6b95f9.mp3"
  },
  "bk_enter_battle-fx-4bc31b40": {
    "text": "Come at me.",
    "file_name": "bark/bk_enter_battle-fx-4bc31b40-685d29.mp3"
  },
  "bk_enter_battle-fx-f4ffdb58": {
    "text": "Come at me, demons.",
    "file_name": "bark/bk_enter_battle-fx-f4ffdb58-685d29.mp3"
  },
  "bk_enter_battle-fx-e9b13977": {
    "text": "Come at me, monsters.",
    "file_name": "bark/bk_enter_battle-fx-e9b13977-685d29.mp3"
  },
  "bk_enter_battle-fx-4177cd3b": {
    "text": "I'm back.",
    "file_name": "bark/bk_enter_battle-fx-4177cd3b-685d29.mp3"
  },
  "bk_enter_battle-fx-9c178da7": {
    "text": "Back again.",
    "file_name": "bark/bk_enter_battle-fx-9c178da7-685d29.mp3"
  },
  "bk_enter_battle-fx-8de265ce": {
    "text": "Back to square one.",
    "file_name": "bark/bk_enter_battle-fx-8de265ce-685d29.mp3"
  },
  "bk_enter_battle-fx-f57dc3cc": {
    "text": "Take it easy now.",
    "file_name": "bark/bk_enter_battle-fx-f57dc3cc-685d29.mp3"
  },
  "bk_enter_battle-fx-e339d8c6": {
    "text": "Deep breaths.",
    "file_name": "bark/bk_enter_battle-fx-e339d8c6-685d29.mp3"
  },
  "bk_enter_battle-fx-94cd6cf6": {
    "text": "Gonna give it my all.",
    "file_name": "bark/bk_enter_battle-fx-94cd6cf6-685d29.mp3"
  },
  "bk_enter_battle-fx-19b0943d": {
    "text": "Watch your back, Asmodeus.",
    "file_name": "bark/bk_enter_battle-fx-19b0943d-685d29.mp3"
  },
  "bk_enter_battle-fx-3b686bf1": {
    "text": "The monsters regenerated.",
    "file_name": "bark/bk_enter_battle-fx-3b686bf1-685d29.mp3"
  },
  "bk_enter_battle-fx-bd91ef69": {
    "text": "Back at it again.",
    "file_name": "bark/bk_enter_battle-fx-bd91ef69-685d29.mp3"
  },
  "bk_enter_battle-fx-bb7f4a08": {
    "text": "Time to clean this place out.",
    "file_name": "bark/bk_enter_battle-fx-bb7f4a08-685d29.mp3"
  },
  "bk_enter_battle-lm-4f9c96e4": {
    "text": "Meow.",
    "file_name": "bark/bk_enter_battle-lm-4f9c96e4-6b95f9.mp3"
  },
  "bk_enter_battle-lm-dbee08f9": {
    "text": "Meow meow.",
    "file_name": "bark/bk_enter_battle-lm-dbee08f9-6b95f9.mp3"
  },
  "bk_enter_battle-lm-e28aaa48": {
    "text": "Meoow meoow.",
    "file_name": "bark/bk_enter_battle-lm-e28aaa48-6b95f9.mp3"
  },
  "bk_forge_init-fx-97f77f06": {
    "text": "Let's get started.",
    "file_name": "bark/bk_forge_init-fx-97f77f06-685d29.mp3"
  },
  "bk_forge_init-fx-bafc281b": {
    "text": "Alright, let's see.",
    "file_name": "bark/bk_forge_init-fx-bafc281b-685d29.mp3"
  },
  "bk_forge_init-fx-9e8f6386": {
    "text": "Let's see here.",
    "file_name": "bark/bk_forge_init-fx-9e8f6386-685d29.mp3"
  },
  "bk_forge_init-fx-8eb50f89": {
    "text": "Let's have a look...",
    "file_name": "bark/bk_forge_init-fx-8eb50f89-685d29.mp3"
  },
  "bk_forge_init-fx-9c32fbf5": {
    "text": "Hm...",
    "file_name": "bark/bk_forge_init-fx-9c32fbf5-685d29.mp3"
  },
  "bk_forge_init-fx-34d1f1dd": {
    "text": "It's hot in here.",
    "file_name": "bark/bk_forge_init-fx-34d1f1dd-685d29.mp3"
  },
  "bk_forge_init-fx-63d2202b": {
    "text": "I'm starting to enjoy the heat.",
    "file_name": "bark/bk_forge_init-fx-63d2202b-685d29.mp3"
  },
  "bk_forge_init-fx-3b4a0118": {
    "text": "Alright, focus.",
    "file_name": "bark/bk_forge_init-fx-3b4a0118-685d29.mp3"
  },
  "bk_forge_init-fx-7097fc20": {
    "text": "Can't fight demons bare-handed..",
    "file_name": "bark/bk_forge_init-fx-7097fc20-685d29.mp3"
  },
  "bk_forge_init-fx-0363dcdf": {
    "text": "Time to put my forging skills to use.",
    "file_name": "bark/bk_forge_init-fx-0363dcdf-685d29.mp3"
  },
  "bk_forge_craft-fx-986de946": {
    "text": "What can I make...",
    "file_name": "bark/bk_forge_craft-fx-986de946-685d29.mp3"
  },
  "bk_forge_craft-fx-de6d5e44": {
    "text": "This is what I can make for now.",
    "file_name": "bark/bk_forge_craft-fx-de6d5e44-685d29.mp3"
  },
  "bk_forge_craft-fx-53df5aed": {
    "text": "What should I make?",
    "file_name": "bark/bk_forge_craft-fx-53df5aed-685d29.mp3"
  },
  "bk_forge_craft-fx-c2efdcb2": {
    "text": "Time for a new weapon.",
    "file_name": "bark/bk_forge_craft-fx-c2efdcb2-685d29.mp3"
  },
  "bk_forge_craft-fx-ee05008e": {
    "text": "The more weapons, the better.",
    "file_name": "bark/bk_forge_craft-fx-ee05008e-685d29.mp3"
  },
  "bk_forge_craft-fx-d2772e68": {
    "text": "I wanna make something epic.",
    "file_name": "bark/bk_forge_craft-fx-d2772e68-685d29.mp3"
  },
  "bk_forge_craft-fx-2ba630c8": {
    "text": "I need a weapon that matches my skill.",
    "file_name": "bark/bk_forge_craft-fx-2ba630c8-685d29.mp3"
  },
  "bk_forge_craft-fx-6d5e1a29": {
    "text": "What to make this time...",
    "file_name": "bark/bk_forge_craft-fx-6d5e1a29-685d29.mp3"
  },
  "bk_forge_craft-fx-1388c965": {
    "text": "What should I make this time?",
    "file_name": "bark/bk_forge_craft-fx-1388c965-685d29.mp3"
  },
  "bk_forge_craft-fx-414c90d7": {
    "text": "Time for a fresh creation.",
    "file_name": "bark/bk_forge_craft-fx-414c90d7-685d29.mp3"
  },
  "bk_forge_craft-fx-885191b8": {
    "text": "Let's craft a nice surprise for those demons.",
    "file_name": "bark/bk_forge_craft-fx-885191b8-685d29.mp3"
  },
  "bk_forge_craft-fx-45029880": {
    "text": "I have a good feeling about this one.",
    "file_name": "bark/bk_forge_craft-fx-45029880-685d29.mp3"
  },
  "bk_forge_craft-fx-830487fe": {
    "text": "Forging is an art, too. Let's see now.",
    "file_name": "bark/bk_forge_craft-fx-830487fe-685d29.mp3"
  },
  "bk_forge_craft_succeeded-fx-84efe6a6": {
    "text": "A masterpiece.",
    "file_name": "bark/bk_forge_craft_succeeded-fx-84efe6a6-685d29.mp3"
  },
  "bk_forge_craft_succeeded-fx-9a895ab7": {
    "text": "Looks good.",
    "file_name": "bark/bk_forge_craft_succeeded-fx-9a895ab7-685d29.mp3"
  },
  "bk_forge_craft_succeeded-fx-16ea6e95": {
    "text": "Hey, this is nice.",
    "file_name": "bark/bk_forge_craft_succeeded-fx-16ea6e95-685d29.mp3"
  },
  "bk_forge_craft_succeeded-fx-bae0c3cc": {
    "text": "I like this.",
    "file_name": "bark/bk_forge_craft_succeeded-fx-bae0c3cc-685d29.mp3"
  },
  "bk_forge_craft_succeeded-fx-20d549c5": {
    "text": "I like the look of this one.",
    "file_name": "bark/bk_forge_craft_succeeded-fx-20d549c5-685d29.mp3"
  },
  "bk_forge_craft_succeeded-fx-32a02ba1": {
    "text": "Success! I like it.",
    "file_name": "bark/bk_forge_craft_succeeded-fx-32a02ba1-685d29.mp3"
  },
  "bk_forge_craft_succeeded-fx-4ae4061d": {
    "text": "And... success!",
    "file_name": "bark/bk_forge_craft_succeeded-fx-4ae4061d-685d29.mp3"
  },
  "bk_forge_craft_succeeded-fx-54bd8c9f": {
    "text": "Got a nice grip to it.",
    "file_name": "bark/bk_forge_craft_succeeded-fx-54bd8c9f-685d29.mp3"
  },
  "bk_forge_craft_succeeded-fx-1efeb719": {
    "text": "I might have a talent for this.",
    "file_name": "bark/bk_forge_craft_succeeded-fx-1efeb719-685d29.mp3"
  },
  "bk_forge_craft_succeeded-fx-4068e205": {
    "text": "Hm... I like it.",
    "file_name": "bark/bk_forge_craft_succeeded-fx-4068e205-685d29.mp3"
  },
  "bk_forge_craft_succeeded-fx-62e9b871": {
    "text": "Looks cool. Looks violent.",
    "file_name": "bark/bk_forge_craft_succeeded-fx-62e9b871-685d29.mp3"
  },
  "bk_forge_craft_succeeded-fx-b8705bdd": {
    "text": "Can't wait to test this one out.",
    "file_name": "bark/bk_forge_craft_succeeded-fx-b8705bdd-685d29.mp3"
  },
  "bk_forge_craft_succeeded-fx-865e7849": {
    "text": "Nice! Maybe I should consider a career change.",
    "file_name": "bark/bk_forge_craft_succeeded-fx-865e7849-685d29.mp3"
  },
  "bk_forge_craft_failed-fx-684ce903": {
    "text": "Need more stuff.",
    "file_name": "bark/bk_forge_craft_failed-fx-684ce903-685d29.mp3"
  },
  "bk_forge_craft_failed-fx-54bcf1a0": {
    "text": "Don't have enough materials.",
    "file_name": "bark/bk_forge_craft_failed-fx-54bcf1a0-685d29.mp3"
  },
  "bk_forge_craft_failed-fx-c7e002e0": {
    "text": "Need more materials.",
    "file_name": "bark/bk_forge_craft_failed-fx-c7e002e0-685d29.mp3"
  },
  "bk_forge_craft_failed-fx-3c6b23da": {
    "text": "Missing some materials.",
    "file_name": "bark/bk_forge_craft_failed-fx-3c6b23da-685d29.mp3"
  },
  "bk_forge_craft_failed-fx-42c95942": {
    "text": "Gotta gather some more stuff first.",
    "file_name": "bark/bk_forge_craft_failed-fx-42c95942-685d29.mp3"
  },
  "bk_forge_craft_failed-fx-f84e52a5": {
    "text": "Hm, don't quite have enough for that.",
    "file_name": "bark/bk_forge_craft_failed-fx-f84e52a5-685d29.mp3"
  },
  "bk_forge_craft_failed-fx-3457b97a": {
    "text": "Can't make that yet.",
    "file_name": "bark/bk_forge_craft_failed-fx-3457b97a-685d29.mp3"
  },
  "bk_forge_craft_failed-fx-21f5f396": {
    "text": "Let's see what I'm missing...",
    "file_name": "bark/bk_forge_craft_failed-fx-21f5f396-685d29.mp3"
  },
  "bk_forge_craft_failed-fx-f7cd1152": {
    "text": "Okay, what am I missing?",
    "file_name": "bark/bk_forge_craft_failed-fx-f7cd1152-685d29.mp3"
  },
  "bk_forge_upgrade-fx-7ff9f6c9": {
    "text": "Time to make these better.",
    "file_name": "bark/bk_forge_upgrade-fx-7ff9f6c9-685d29.mp3"
  },
  "bk_forge_upgrade-fx-78602529": {
    "text": "Think I can make these better.",
    "file_name": "bark/bk_forge_upgrade-fx-78602529-685d29.mp3"
  },
  "bk_forge_upgrade-fx-654c88f2": {
    "text": "Time for an upgrade.",
    "file_name": "bark/bk_forge_upgrade-fx-654c88f2-685d29.mp3"
  },
  "bk_forge_upgrade-fx-bb2590ff": {
    "text": "Maybe I can improve these.",
    "file_name": "bark/bk_forge_upgrade-fx-bb2590ff-685d29.mp3"
  },
  "bk_forge_upgrade-fx-1060812a": {
    "text": "I should take another look at my weapons.",
    "file_name": "bark/bk_forge_upgrade-fx-1060812a-685d29.mp3"
  },
  "bk_forge_upgrade-fx-fbce815d": {
    "text": "Time to sharpen my weapons.",
    "file_name": "bark/bk_forge_upgrade-fx-fbce815d-685d29.mp3"
  },
  "bk_forge_upgrade-fx-f8dbcad6": {
    "text": "Should make some upgrades for better demon-slaying action.",
    "file_name": "bark/bk_forge_upgrade-fx-f8dbcad6-685d29.mp3"
  },
  "bk_forge_upgrade-fx-5b073cb1": {
    "text": "A demon hunter needs to take care of his tools.",
    "file_name": "bark/bk_forge_upgrade-fx-5b073cb1-685d29.mp3"
  },
  "bk_forge_upgrade-fx-057a0aac": {
    "text": "I'd like to make them stronger.",
    "file_name": "bark/bk_forge_upgrade-fx-057a0aac-685d29.mp3"
  },
  "bk_forge_upgrade-fx-687ffaef": {
    "text": "Hm, I think I could make them stronger...",
    "file_name": "bark/bk_forge_upgrade-fx-687ffaef-685d29.mp3"
  },
  "bk_forge_upgrade-fx-aa7d0a6b": {
    "text": "What improvements can I make?",
    "file_name": "bark/bk_forge_upgrade-fx-aa7d0a6b-685d29.mp3"
  },
  "bk_forge_upgrade-fx-137222e3": {
    "text": "Time to make something impressive.",
    "file_name": "bark/bk_forge_upgrade-fx-137222e3-685d29.mp3"
  },
  "bk_forge_upgrade-fx-d9366f65": {
    "text": "Stronger enemies await. I need stronger weapons.",
    "file_name": "bark/bk_forge_upgrade-fx-d9366f65-685d29.mp3"
  },
  "bk_forge_upgrade-fx-2942d642": {
    "text": "Let's get forging!",
    "file_name": "bark/bk_forge_upgrade-fx-2942d642-685d29.mp3"
  },
  "bk_forge_upgrade_succeeded-fx-f84159da": {
    "text": "Even stronger.",
    "file_name": "bark/bk_forge_upgrade_succeeded-fx-f84159da-685d29.mp3"
  },
  "bk_forge_upgrade_succeeded-fx-7cee36e5": {
    "text": "Stronger.",
    "file_name": "bark/bk_forge_upgrade_succeeded-fx-7cee36e5-685d29.mp3"
  },
  "bk_forge_upgrade_succeeded-fx-05821e5b": {
    "text": "Getting deadlier.",
    "file_name": "bark/bk_forge_upgrade_succeeded-fx-05821e5b-685d29.mp3"
  },
  "bk_forge_upgrade_succeeded-fx-576238e9": {
    "text": "Lethality upgraded.",
    "file_name": "bark/bk_forge_upgrade_succeeded-fx-576238e9-685d29.mp3"
  },
  "bk_forge_upgrade_succeeded-fx-7b6c8bf6": {
    "text": "Better.",
    "file_name": "bark/bk_forge_upgrade_succeeded-fx-7b6c8bf6-685d29.mp3"
  },
  "bk_forge_upgrade_succeeded-fx-7581bb84": {
    "text": "That's better.",
    "file_name": "bark/bk_forge_upgrade_succeeded-fx-7581bb84-685d29.mp3"
  },
  "bk_forge_upgrade_succeeded-fx-b4be313a": {
    "text": "Love me an upgrade.",
    "file_name": "bark/bk_forge_upgrade_succeeded-fx-b4be313a-685d29.mp3"
  },
  "bk_forge_upgrade_succeeded-fx-2d55577a": {
    "text": "Upgrade complete.",
    "file_name": "bark/bk_forge_upgrade_succeeded-fx-2d55577a-685d29.mp3"
  },
  "bk_forge_upgrade_succeeded-fx-da46d1d0": {
    "text": "Look at that.",
    "file_name": "bark/bk_forge_upgrade_succeeded-fx-da46d1d0-685d29.mp3"
  },
  "bk_forge_upgrade_succeeded-fx-9a895ab7": {
    "text": "Looks good.",
    "file_name": "bark/bk_forge_upgrade_succeeded-fx-9a895ab7-685d29.mp3"
  },
  "bk_forge_upgrade_succeeded-fx-5896d1ce": {
    "text": "Now that's an upgrade.",
    "file_name": "bark/bk_forge_upgrade_succeeded-fx-5896d1ce-685d29.mp3"
  },
  "bk_forge_upgrade_succeeded-fx-3f0c2cd6": {
    "text": "Nice.",
    "file_name": "bark/bk_forge_upgrade_succeeded-fx-3f0c2cd6-685d29.mp3"
  },
  "bk_forge_upgrade_succeeded-fx-a8a83f58": {
    "text": "Nice!",
    "file_name": "bark/bk_forge_upgrade_succeeded-fx-a8a83f58-685d29.mp3"
  },
  "bk_forge_upgrade_failed-fx-684ce903": {
    "text": "Need more stuff.",
    "file_name": "bark/bk_forge_upgrade_failed-fx-684ce903-685d29.mp3"
  },
  "bk_forge_upgrade_failed-fx-54bcf1a0": {
    "text": "Don't have enough materials.",
    "file_name": "bark/bk_forge_upgrade_failed-fx-54bcf1a0-685d29.mp3"
  },
  "bk_forge_upgrade_failed-fx-c7e002e0": {
    "text": "Need more materials.",
    "file_name": "bark/bk_forge_upgrade_failed-fx-c7e002e0-685d29.mp3"
  },
  "bk_forge_upgrade_failed-fx-3c6b23da": {
    "text": "Missing some materials.",
    "file_name": "bark/bk_forge_upgrade_failed-fx-3c6b23da-685d29.mp3"
  },
  "bk_forge_upgrade_failed-fx-42c95942": {
    "text": "Gotta gather some more stuff first.",
    "file_name": "bark/bk_forge_upgrade_failed-fx-42c95942-685d29.mp3"
  },
  "bk_forge_upgrade_failed-fx-f84e52a5": {
    "text": "Hm, don't quite have enough for that.",
    "file_name": "bark/bk_forge_upgrade_failed-fx-f84e52a5-685d29.mp3"
  },
  "bk_forge_upgrade_failed-fx-3457b97a": {
    "text": "Can't make that yet.",
    "file_name": "bark/bk_forge_upgrade_failed-fx-3457b97a-685d29.mp3"
  },
  "bk_forge_upgrade_failed-fx-21f5f396": {
    "text": "Let's see what I'm missing...",
    "file_name": "bark/bk_forge_upgrade_failed-fx-21f5f396-685d29.mp3"
  },
  "bk_forge_upgrade_failed-fx-f7cd1152": {
    "text": "Okay, what am I missing?",
    "file_name": "bark/bk_forge_upgrade_failed-fx-f7cd1152-685d29.mp3"
  },
  "bk_forge_leaving_used-fx-fbcb6b44": {
    "text": "That's enough for today.",
    "file_name": "bark/bk_forge_leaving_used-fx-fbcb6b44-685d29.mp3"
  },
  "bk_forge_leaving_used-fx-7e4082a1": {
    "text": "That's enough for now.",
    "file_name": "bark/bk_forge_leaving_used-fx-7e4082a1-685d29.mp3"
  },
  "bk_forge_leaving_used-fx-1b774dca": {
    "text": "Turning off the forge.",
    "file_name": "bark/bk_forge_leaving_used-fx-1b774dca-685d29.mp3"
  },
  "bk_forge_leaving_used-fx-abdfd5de": {
    "text": "That's enough of that.",
    "file_name": "bark/bk_forge_leaving_used-fx-abdfd5de-685d29.mp3"
  },
  "bk_forge_leaving_used-fx-8b88822e": {
    "text": "Done enough forging for now.",
    "file_name": "bark/bk_forge_leaving_used-fx-8b88822e-685d29.mp3"
  },
  "bk_forge_leaving_used-fx-0fb5110b": {
    "text": "Whew.",
    "file_name": "bark/bk_forge_leaving_used-fx-0fb5110b-685d29.mp3"
  },
  "bk_forge_leaving_used-fx-8e38aee2": {
    "text": "Time to cool down.",
    "file_name": "bark/bk_forge_leaving_used-fx-8e38aee2-685d29.mp3"
  },
  "bk_forge_leaving_used-fx-a4d205d0": {
    "text": "That's enough heat for today.",
    "file_name": "bark/bk_forge_leaving_used-fx-a4d205d0-685d29.mp3"
  },
  "bk_forge_leaving_used-fx-154de6ef": {
    "text": "Done for now.",
    "file_name": "bark/bk_forge_leaving_used-fx-154de6ef-685d29.mp3"
  },
  "bk_forge_leaving_used-fx-30485fdb": {
    "text": "Done for today.",
    "file_name": "bark/bk_forge_leaving_used-fx-30485fdb-685d29.mp3"
  },
  "bk_forge_leaving_used-fx-68304956": {
    "text": "Done for the day.",
    "file_name": "bark/bk_forge_leaving_used-fx-68304956-685d29.mp3"
  },
  "bk_forge_leaving_used-fx-087efd47": {
    "text": "Be back soon, forge.",
    "file_name": "bark/bk_forge_leaving_used-fx-087efd47-685d29.mp3"
  },
  "bk_forge_leaving_used-fx-ba8f4638": {
    "text": "Should go test this out.",
    "file_name": "bark/bk_forge_leaving_used-fx-ba8f4638-685d29.mp3"
  },
  "bk_forge_leaving_used-fx-2f152c54": {
    "text": "Should go test the new weapon.",
    "file_name": "bark/bk_forge_leaving_used-fx-2f152c54-685d29.mp3"
  },
  "bk_forge_leaving_not_used-fx-65a7085e": {
    "text": "Maybe next time.",
    "file_name": "bark/bk_forge_leaving_not_used-fx-65a7085e-685d29.mp3"
  },
  "bk_forge_leaving_not_used-fx-95774a27": {
    "text": "Not today.",
    "file_name": "bark/bk_forge_leaving_not_used-fx-95774a27-685d29.mp3"
  },
  "bk_forge_leaving_not_used-fx-dc83eaec": {
    "text": "Maybe not today.",
    "file_name": "bark/bk_forge_leaving_not_used-fx-dc83eaec-685d29.mp3"
  },
  "bk_forge_leaving_not_used-fx-cc5f1368": {
    "text": "Next time.",
    "file_name": "bark/bk_forge_leaving_not_used-fx-cc5f1368-685d29.mp3"
  },
  "bk_forge_leaving_not_used-fx-2134131f": {
    "text": "Not right now.",
    "file_name": "bark/bk_forge_leaving_not_used-fx-2134131f-685d29.mp3"
  },
  "bk_forge_leaving_not_used-fx-b8d706a8": {
    "text": "Now's not the right time.",
    "file_name": "bark/bk_forge_leaving_not_used-fx-b8d706a8-685d29.mp3"
  },
  "bk_forge_leaving_not_used-fx-d9af9f4b": {
    "text": "Maybe later.",
    "file_name": "bark/bk_forge_leaving_not_used-fx-d9af9f4b-685d29.mp3"
  },
  "bk_forge_leaving_not_used-fx-6a687be7": {
    "text": "Doesn't feel like a forging day.",
    "file_name": "bark/bk_forge_leaving_not_used-fx-6a687be7-685d29.mp3"
  },
  "bk_forge_leaving_not_used-fx-2b7e8689": {
    "text": "I'll be back.",
    "file_name": "bark/bk_forge_leaving_not_used-fx-2b7e8689-685d29.mp3"
  },
  "bk_forge_leaving_not_used-fx-88a59f26": {
    "text": "Eh.",
    "file_name": "bark/bk_forge_leaving_not_used-fx-88a59f26-685d29.mp3"
  },
  "bk_forge_leaving_not_used-fx-feedd5f5": {
    "text": "Too tired to forge.",
    "file_name": "bark/bk_forge_leaving_not_used-fx-feedd5f5-685d29.mp3"
  },
  "bk_forge_leaving_not_used-fx-e6bac869": {
    "text": "Be back later.",
    "file_name": "bark/bk_forge_leaving_not_used-fx-e6bac869-685d29.mp3"
  },
  "bk_forge_leaving_not_used-fx-b99179e6": {
    "text": "Not now.",
    "file_name": "bark/bk_forge_leaving_not_used-fx-b99179e6-685d29.mp3"
  },
  "bk_exit_chamber_keke-g1-ca3a1b39": {
    "text": "Hello, sir!",
    "file_name": "bark/bk_exit_chamber_keke-g1-ca3a1b39-6b95f9.mp3"
  },
  "bk_exit_chamber_keke-g1-973f7a94": {
    "text": "Good day, sir!",
    "file_name": "bark/bk_exit_chamber_keke-g1-973f7a94-6b95f9.mp3"
  },
  "bk_exit_chamber_keke-g1-158531e3": {
    "text": "Sir!",
    "file_name": "bark/bk_exit_chamber_keke-g1-158531e3-6b95f9.mp3"
  },
  "bk_exit_chamber_keke-g1-a5ab6e21": {
    "text": "Good luck, sir!",
    "file_name": "bark/bk_exit_chamber_keke-g1-a5ab6e21-6b95f9.mp3"
  },
  "bk_exit_chamber_keke-g1-3f4aa23a": {
    "text": "Rooting for you, sir!",
    "file_name": "bark/bk_exit_chamber_keke-g1-3f4aa23a-6b95f9.mp3"
  },
  "bk_exit_chamber_keke-g1-d4fd9a55": {
    "text": "You've got this, sir!",
    "file_name": "bark/bk_exit_chamber_keke-g1-d4fd9a55-6b95f9.mp3"
  },
  "bk_exit_chamber_keke-g1-fcda2136": {
    "text": "Let me know if you need anything, sir!",
    "file_name": "bark/bk_exit_chamber_keke-g1-fcda2136-6b95f9.mp3"
  },
  "bk_exit_chamber_keke-g1-1b7026e1": {
    "text": "Fine day, sir!",
    "file_name": "bark/bk_exit_chamber_keke-g1-1b7026e1-6b95f9.mp3"
  },
  "bk_exit_chamber_keke-g1-16b5958f": {
    "text": "How are you, sir?",
    "file_name": "bark/bk_exit_chamber_keke-g1-16b5958f-6b95f9.mp3"
  },
  "bk_exit_chamber_keke-g1-5c17c1d7": {
    "text": "Don't mind me, sir!",
    "file_name": "bark/bk_exit_chamber_keke-g1-5c17c1d7-6b95f9.mp3"
  },
  "bk_leaving_sanctuary-fx-b9f60420": {
    "text": "Get it together, Fenrix.",
    "file_name": "bark/bk_leaving_sanctuary-fx-b9f60420-685d29.mp3"
  },
  "bk_leaving_sanctuary-fx-c0c68dc1": {
    "text": "Let's go.",
    "file_name": "bark/bk_leaving_sanctuary-fx-c0c68dc1-685d29.mp3"
  },
  "bk_leaving_sanctuary-fx-1cfed3eb": {
    "text": "Time to go.",
    "file_name": "bark/bk_leaving_sanctuary-fx-1cfed3eb-685d29.mp3"
  },
  "bk_leaving_sanctuary-fx-89224cea": {
    "text": "Time to move.",
    "file_name": "bark/bk_leaving_sanctuary-fx-89224cea-685d29.mp3"
  },
  "bk_leaving_sanctuary-fx-8729dc92": {
    "text": "Time to kill.",
    "file_name": "bark/bk_leaving_sanctuary-fx-8729dc92-685d29.mp3"
  },
  "bk_leaving_sanctuary-fx-b8026efe": {
    "text": "I'm ready.",
    "file_name": "bark/bk_leaving_sanctuary-fx-b8026efe-685d29.mp3"
  },
  "bk_leaving_sanctuary-fx-ab4bad4a": {
    "text": "Ready to fight.",
    "file_name": "bark/bk_leaving_sanctuary-fx-ab4bad4a-685d29.mp3"
  },
  "bk_leaving_sanctuary-fx-4b57c172": {
    "text": "Ready to kill.",
    "file_name": "bark/bk_leaving_sanctuary-fx-4b57c172-685d29.mp3"
  },
  "bk_leaving_sanctuary-fx-a85c0b92": {
    "text": "Ready to rock.",
    "file_name": "bark/bk_leaving_sanctuary-fx-a85c0b92-685d29.mp3"
  },
  "bk_leaving_sanctuary-fx-9e5ae3d2": {
    "text": "I can do this.",
    "file_name": "bark/bk_leaving_sanctuary-fx-9e5ae3d2-685d29.mp3"
  },
  "bk_leaving_sanctuary-fx-a2cf294a": {
    "text": "I know I can do this.",
    "file_name": "bark/bk_leaving_sanctuary-fx-a2cf294a-685d29.mp3"
  },
  "bk_leaving_sanctuary-fx-51591055": {
    "text": "Again.",
    "file_name": "bark/bk_leaving_sanctuary-fx-51591055-685d29.mp3"
  },
  "bk_leaving_sanctuary-fx-c1b365ce": {
    "text": "It'll be different this time.",
    "file_name": "bark/bk_leaving_sanctuary-fx-c1b365ce-685d29.mp3"
  },
  "bk_leaving_sanctuary-fx-fc367806": {
    "text": "Not gonna die this time.",
    "file_name": "bark/bk_leaving_sanctuary-fx-fc367806-685d29.mp3"
  },
  "bk_leaving_sanctuary-fx-c21d754b": {
    "text": "Dying to try again.",
    "file_name": "bark/bk_leaving_sanctuary-fx-c21d754b-685d29.mp3"
  },
  "bk_leaving_sanctuary-fx-b041a6ab": {
    "text": "Let's give it another go.",
    "file_name": "bark/bk_leaving_sanctuary-fx-b041a6ab-685d29.mp3"
  },
  "bk_leaving_sanctuary-fx-d4aa1b7e": {
    "text": "You didn't kill me.",
    "file_name": "bark/bk_leaving_sanctuary-fx-d4aa1b7e-685d29.mp3"
  },
  "bk_leaving_sanctuary-fx-4c86992b": {
    "text": "Not giving up yet.",
    "file_name": "bark/bk_leaving_sanctuary-fx-4c86992b-685d29.mp3"
  },
  "bk_leaving_sanctuary-fx-ef1dac17": {
    "text": "Alright, one more time.",
    "file_name": "bark/bk_leaving_sanctuary-fx-ef1dac17-685d29.mp3"
  },
  "bk_leaving_sanctuary-fx-59a81493": {
    "text": "Giving it another try.",
    "file_name": "bark/bk_leaving_sanctuary-fx-59a81493-685d29.mp3"
  },
  "bk_leaving_sanctuary-fx-7013de16": {
    "text": "Gonna keep trying.",
    "file_name": "bark/bk_leaving_sanctuary-fx-7013de16-685d29.mp3"
  },
  "bk_leaving_sanctuary-fx-4baf80e4": {
    "text": "I could do this all day.",
    "file_name": "bark/bk_leaving_sanctuary-fx-4baf80e4-685d29.mp3"
  },
  "bk_leaving_sanctuary-fx-9e2a5df4": {
    "text": "Got a good feeling about this one.",
    "file_name": "bark/bk_leaving_sanctuary-fx-9e2a5df4-685d29.mp3"
  },
  "bk_leaving_sanctuary-fx-822b6565": {
    "text": "I'm losing count.",
    "file_name": "bark/bk_leaving_sanctuary-fx-822b6565-685d29.mp3"
  },
  "bk_leaving_sanctuary-fx-7812f644": {
    "text": "Let's go, Lumi.",
    "file_name": "bark/bk_leaving_sanctuary-fx-7812f644-685d29.mp3"
  },
  "bk_leaving_sanctuary-fx-0b948c23": {
    "text": "I'll get you this time.",
    "file_name": "bark/bk_leaving_sanctuary-fx-0b948c23-685d29.mp3"
  },
  "bk_leaving_sanctuary-fx-595b258d": {
    "text": "I'm coming for you, Asmodeus.",
    "file_name": "bark/bk_leaving_sanctuary-fx-595b258d-685d29.mp3"
  },
  "bk_leaving_sanctuary-lm-c8045d92": {
    "text": "Meow!",
    "file_name": "bark/bk_leaving_sanctuary-lm-c8045d92-6b95f9.mp3"
  },
  "bk_leaving_sanctuary-lm-4f9c96e4": {
    "text": "Meow.",
    "file_name": "bark/bk_leaving_sanctuary-lm-4f9c96e4-6b95f9.mp3"
  },
  "bk_exit_chamber_pea-g2-ef9502ae": {
    "text": "Hi! Hi!",
    "file_name": "bark/bk_exit_chamber_pea-g2-ef9502ae-6b95f9.mp3"
  },
  "bk_exit_chamber_pea-g2-bec87aaa": {
    "text": "Hello! Hello!",
    "file_name": "bark/bk_exit_chamber_pea-g2-bec87aaa-6b95f9.mp3"
  },
  "bk_exit_chamber_pea-g2-d7286d3b": {
    "text": "Fenrix! Fenrix!",
    "file_name": "bark/bk_exit_chamber_pea-g2-d7286d3b-6b95f9.mp3"
  },
  "bk_exit_chamber_pea-g2-dcd89401": {
    "text": "It's a Fenrix!",
    "file_name": "bark/bk_exit_chamber_pea-g2-dcd89401-6b95f9.mp3"
  },
  "bk_exit_chamber_pea-g2-05f43950": {
    "text": "It's a Pea!",
    "file_name": "bark/bk_exit_chamber_pea-g2-05f43950-6b95f9.mp3"
  },
  "bk_exit_chamber_pea-g2-fb84dc9c": {
    "text": "Heehee! Hi!",
    "file_name": "bark/bk_exit_chamber_pea-g2-fb84dc9c-6b95f9.mp3"
  },
  "bk_exit_chamber_pea-g2-d4e9bf49": {
    "text": "Hi, it's me! It's Pea!",
    "file_name": "bark/bk_exit_chamber_pea-g2-d4e9bf49-6b95f9.mp3"
  },
  "bk_exit_chamber_pea-g2-697e5cc0": {
    "text": "Ooh! hi!",
    "file_name": "bark/bk_exit_chamber_pea-g2-697e5cc0-6b95f9.mp3"
  },
  "bk_exit_chamber_pea-g2-4a3e4585": {
    "text": "Long time no see! Teehee!",
    "file_name": "bark/bk_exit_chamber_pea-g2-4a3e4585-6b95f9.mp3"
  },
  "bk_exit_chamber_pea-g2-a1e02f7a": {
    "text": "Good day! Good night!",
    "file_name": "bark/bk_exit_chamber_pea-g2-a1e02f7a-6b95f9.mp3"
  },
  "bk_leaving_sanctuary-fx-c7243a00": {
    "text": "Alright, let's go find our Seal-breaking culprit.",
    "file_name": "bark/bk_leaving_sanctuary-fx-c7243a00-685d29.mp3"
  },
  "bk_enter_battle-fx-e6ebd3fc": {
    "text": "So these are the Ashen Meadows.",
    "file_name": "bark/bk_enter_battle-fx-e6ebd3fc-685d29.mp3"
  },
  "bk_enter_battle-lm-ce1d1aef": {
    "text": "Meow meow? Meow meow meow! Meow meow?",
    "file_name": "bark/bk_enter_battle-lm-ce1d1aef-6b95f9.mp3"
  },
  "bk_enter_battle-fx-2286efac": {
    "text": "Are you kidding? Shoot the distant ones with arrows, slice up the close ones. Wait, who are you anyway?",
    "file_name": "bark/bk_enter_battle-fx-2286efac-685d29.mp3"
  },
  "bk_enter_battle-lm-96113b2c": {
    "text": "Meow meow meow! Meow meow!",
    "file_name": "bark/bk_enter_battle-lm-96113b2c-6b95f9.mp3"
  },
  "bk_enter_battle-fx-a4fd1672": {
    "text": "An expert on the Seal, huh? Alright then, lead the way.",
    "file_name": "bark/bk_enter_battle-fx-a4fd1672-685d29.mp3"
  },
  "bk_mini_arbor_sensed-lm-1112b974": {
    "text": "Meow, meow meow!",
    "file_name": "bark/bk_mini_arbor_sensed-lm-1112b974-6b95f9.mp3"
  },
  "bk_mini_arbor_sensed-fx-debe4c22": {
    "text": "Arbor's Reach? What's that?",
    "file_name": "bark/bk_mini_arbor_sensed-fx-debe4c22-685d29.mp3"
  },
  "bk_mini_arbor_sensed-lm-7b701328": {
    "text": "Meow meow, meow!",
    "file_name": "bark/bk_mini_arbor_sensed-lm-7b701328-6b95f9.mp3"
  },
  "bk_mini_arbor_sensed-fx-fbf04021": {
    "text": "Hm, let's take a look then.",
    "file_name": "bark/bk_mini_arbor_sensed-fx-fbf04021-685d29.mp3"
  },
  "bk_mini_arbor_sensed-lm-3ce388ca": {
    "text": "Meow meow!",
    "file_name": "bark/bk_mini_arbor_sensed-lm-3ce388ca-6b95f9.mp3"
  },
  "bk_mini_arbor_sensed-fx-d46aef1a": {
    "text": "Got it. Let's go purify it.",
    "file_name": "bark/bk_mini_arbor_sensed-fx-d46aef1a-685d29.mp3"
  },
  "bk_mini_arbor_sensed-lm-c8045d92": {
    "text": "Meow!",
    "file_name": "bark/bk_mini_arbor_sensed-lm-c8045d92-6b95f9.mp3"
  },
  "bk_mini_arbor_sensed-fx-b8f5acd9": {
    "text": "Lead the way, Lumi.",
    "file_name": "bark/bk_mini_arbor_sensed-fx-b8f5acd9-685d29.mp3"
  },
  "bk_mini_arbor_sensed-fx-b99bb0eb": {
    "text": "Alright, where to this time?",
    "file_name": "bark/bk_mini_arbor_sensed-fx-b99bb0eb-685d29.mp3"
  },
  "bk_mini_arbor_sensed-fx-305cceb0": {
    "text": "Another one? I'm on it.",
    "file_name": "bark/bk_mini_arbor_sensed-fx-305cceb0-685d29.mp3"
  },
  "bk_mini_arbor_sensed-fx-9f341df2": {
    "text": "Let's not keep it waiting.",
    "file_name": "bark/bk_mini_arbor_sensed-fx-9f341df2-685d29.mp3"
  },
  "bk_mini_arbor_sensed-fx-b254f355": {
    "text": "Looks like we've got work to do.",
    "file_name": "bark/bk_mini_arbor_sensed-fx-b254f355-685d29.mp3"
  },
  "bk_mini_arbor_sensed-fx-87fe005f": {
    "text": "Time to answer the call.",
    "file_name": "bark/bk_mini_arbor_sensed-fx-87fe005f-685d29.mp3"
  },
  "bk_mini_arbor_sensed-fx-2b5898b8": {
    "text": "Never a dull moment, huh?",
    "file_name": "bark/bk_mini_arbor_sensed-fx-2b5898b8-685d29.mp3"
  },
  "bk_mini_arbor_sensed-fx-2324134e": {
    "text": "Ready when you are, Lumi.",
    "file_name": "bark/bk_mini_arbor_sensed-fx-2324134e-685d29.mp3"
  },
  "bk_mini_arbor_sensed-fx-e737203f": {
    "text": "Let's not disappoint it then.",
    "file_name": "bark/bk_mini_arbor_sensed-fx-e737203f-685d29.mp3"
  },
  "bk_mini_arbor_found-lm-3ce388ca": {
    "text": "Meow meow!",
    "file_name": "bark/bk_mini_arbor_found-lm-3ce388ca-6b95f9.mp3"
  },
  "bk_mini_arbor_found-fx-b9b43a61": {
    "text": "Well, it doesn't look too healthy.",
    "file_name": "bark/bk_mini_arbor_found-fx-b9b43a61-685d29.mp3"
  },
  "bk_mini_arbor_found-lm-059a62f4": {
    "text": "Meow meow meow!",
    "file_name": "bark/bk_mini_arbor_found-lm-059a62f4-6b95f9.mp3"
  },
  "bk_mini_arbor_found-fx-240d056e": {
    "text": "A side quest, huh? Alright, let's do this.",
    "file_name": "bark/bk_mini_arbor_found-fx-240d056e-685d29.mp3"
  },
  "bk_mini_arbor_found-fx-f4f396be": {
    "text": "I see it, but... what's that large figure next to it?",
    "file_name": "bark/bk_mini_arbor_found-fx-f4f396be-685d29.mp3"
  },
  "bk_mini_arbor_found-fx-a5c2f08f": {
    "text": "Great. A sentinel we need to deal with first.",
    "file_name": "bark/bk_mini_arbor_found-fx-a5c2f08f-685d29.mp3"
  },
  "bk_mini_arbor_found-lm-c8045d92": {
    "text": "Meow!",
    "file_name": "bark/bk_mini_arbor_found-lm-c8045d92-6b95f9.mp3"
  },
  "bk_mini_arbor_found-fx-2dc1c316": {
    "text": "I see it. Looks like it needs our help.",
    "file_name": "bark/bk_mini_arbor_found-fx-2dc1c316-685d29.mp3"
  },
  "bk_mini_arbor_found-fx-882595f2": {
    "text": "Then let's not waste any time.",
    "file_name": "bark/bk_mini_arbor_found-fx-882595f2-685d29.mp3"
  },
  "bk_mini_arbor_found-fx-c4409fb6": {
    "text": "Don't worry, we'll fix it up.",
    "file_name": "bark/bk_mini_arbor_found-fx-c4409fb6-685d29.mp3"
  },
  "bk_mini_arbor_found-fx-df329970": {
    "text": "Alright, time to get to work.",
    "file_name": "bark/bk_mini_arbor_found-fx-df329970-685d29.mp3"
  },
  "bk_mini_arbor_found-fx-b34e12fd": {
    "text": "We'll have it shining bright soon enough.",
    "file_name": "bark/bk_mini_arbor_found-fx-b34e12fd-685d29.mp3"
  },
  "bk_mini_arbor_found-fx-9c38f17b": {
    "text": "Is that the Arbor's Reach? It looks... faded.",
    "file_name": "bark/bk_mini_arbor_found-fx-9c38f17b-685d29.mp3"
  },
  "bk_mini_arbor_found-fx-39051ac1": {
    "text": "I can see why you were concerned, Lumi.",
    "file_name": "bark/bk_mini_arbor_found-fx-39051ac1-685d29.mp3"
  },
  "bk_mini_arbor_found-fx-b754661c": {
    "text": "That doesn't look good. Ready to start, Lumi?",
    "file_name": "bark/bk_mini_arbor_found-fx-b754661c-685d29.mp3"
  },
  "bk_mini_arbor_found-fx-e8ecd860": {
    "text": "Another Arbor's Reach in need of our attention.",
    "file_name": "bark/bk_mini_arbor_found-fx-e8ecd860-685d29.mp3"
  },
  "bk_mini_arbor_found-fx-b58e9a4d": {
    "text": "Looks like we found our target. Shall we?",
    "file_name": "bark/bk_mini_arbor_found-fx-b58e9a4d-685d29.mp3"
  },
  "bk_mini_arbor_found-fx-24cedb7d": {
    "text": "We've got a big one guarding the Arbor's Reach.",
    "file_name": "bark/bk_mini_arbor_found-fx-24cedb7d-685d29.mp3"
  },
  "bk_mini_arbor_found-lm-fe459358": {
    "text": "Meow meow, meow meow!",
    "file_name": "bark/bk_mini_arbor_found-lm-fe459358-6b95f9.mp3"
  },
  "bk_mini_arbor_found-fx-188f67c6": {
    "text": "A rock pile blocking our way to the Reach.",
    "file_name": "bark/bk_mini_arbor_found-fx-188f67c6-685d29.mp3"
  },
  "bk_mini_arbor_found-lm-e14d4e71": {
    "text": "Meow, meow!",
    "file_name": "bark/bk_mini_arbor_found-lm-e14d4e71-6b95f9.mp3"
  },
  "bk_mini_arbor_found-lm-a209defa": {
    "text": "Meow meow, meow...",
    "file_name": "bark/bk_mini_arbor_found-lm-a209defa-6b95f9.mp3"
  },
  "bk_mini_arbor_found-fx-8c4b86b8": {
    "text": "Yeah, I see our 'welcoming committee'. Let's deal with it.",
    "file_name": "bark/bk_mini_arbor_found-fx-8c4b86b8-685d29.mp3"
  },
  "bk_mini_arbor_found-fx-111dee6b": {
    "text": "Protecting? More like holding it hostage. Let's free it.",
    "file_name": "bark/bk_mini_arbor_found-fx-111dee6b-685d29.mp3"
  },
  "bk_mini_arbor_found-fx-ec395933": {
    "text": "A golem standing watch over the Arbor's Reach.",
    "file_name": "bark/bk_mini_arbor_found-fx-ec395933-685d29.mp3"
  },
  "bk_mini_arbor_found-fx-20500abd": {
    "text": "Looks like we've found the Reach's 'bodyguard'.",
    "file_name": "bark/bk_mini_arbor_found-fx-20500abd-685d29.mp3"
  },
  "bk_mini_arbor_found-lm-7b701328": {
    "text": "Meow meow, meow!",
    "file_name": "bark/bk_mini_arbor_found-lm-7b701328-6b95f9.mp3"
  },
  "bk_mini_arbor_found-fx-1c7e58cf": {
    "text": "Good. Saves us the trouble of looking for it.",
    "file_name": "bark/bk_mini_arbor_found-fx-1c7e58cf-685d29.mp3"
  },
  "bk_mini_arbor_found-fx-760787bd": {
    "text": "That's one big obstacle.",
    "file_name": "bark/bk_mini_arbor_found-fx-760787bd-685d29.mp3"
  },
  "bk_mini_arbor_found-fx-6368cc7f": {
    "text": "More like holding it hostage. Let's free it.",
    "file_name": "bark/bk_mini_arbor_found-fx-6368cc7f-685d29.mp3"
  },
  "bk_mini_arbor_begin_purify-fx-c519ff11": {
    "text": "Alright, has it started now?",
    "file_name": "bark/bk_mini_arbor_begin_purify-fx-c519ff11-685d29.mp3"
  },
  "bk_mini_arbor_begin_purify-lm-909461ac": {
    "text": "Meow meow meow meow meow!",
    "file_name": "bark/bk_mini_arbor_begin_purify-lm-909461ac-6b95f9.mp3"
  },
  "bk_mini_arbor_begin_purify-fx-88f3e81f": {
    "text": "While fighting off monsters? Got it.",
    "file_name": "bark/bk_mini_arbor_begin_purify-fx-88f3e81f-685d29.mp3"
  },
  "bk_mini_arbor_begin_purify-fx-559ec067": {
    "text": "Here we go. Purification process starting.",
    "file_name": "bark/bk_mini_arbor_begin_purify-fx-559ec067-685d29.mp3"
  },
  "bk_mini_arbor_begin_purify-lm-3ce388ca": {
    "text": "Meow meow!",
    "file_name": "bark/bk_mini_arbor_begin_purify-lm-3ce388ca-6b95f9.mp3"
  },
  "bk_mini_arbor_begin_purify-lm-c8045d92": {
    "text": "Meow!",
    "file_name": "bark/bk_mini_arbor_begin_purify-lm-c8045d92-6b95f9.mp3"
  },
  "bk_mini_arbor_begin_purify-fx-1db91a01": {
    "text": "Alright, let's keep our guard up.",
    "file_name": "bark/bk_mini_arbor_begin_purify-fx-1db91a01-685d29.mp3"
  },
  "bk_mini_arbor_begin_purify-fx-0fe55ca3": {
    "text": "Initiating purification. Let's hope this goes smoothly.",
    "file_name": "bark/bk_mini_arbor_begin_purify-fx-0fe55ca3-685d29.mp3"
  },
  "bk_mini_arbor_begin_purify-fx-b2246438": {
    "text": "Good. Let's see this through.",
    "file_name": "bark/bk_mini_arbor_begin_purify-fx-b2246438-685d29.mp3"
  },
  "bk_mini_arbor_begin_purify-fx-c80337b9": {
    "text": "Starting the purification. Stay alert.",
    "file_name": "bark/bk_mini_arbor_begin_purify-fx-c80337b9-685d29.mp3"
  },
  "bk_mini_arbor_begin_purify-fx-236da162": {
    "text": "Right. No stopping now.",
    "file_name": "bark/bk_mini_arbor_begin_purify-fx-236da162-685d29.mp3"
  },
  "bk_mini_arbor_begin_purify-fx-ba797ed1": {
    "text": "That's what we want to see. Keep it up.",
    "file_name": "bark/bk_mini_arbor_begin_purify-fx-ba797ed1-685d29.mp3"
  },
  "bk_mini_arbor_begin_purify-fx-4e5ca3dc": {
    "text": "We're making progress. Stay alert, Lumi.",
    "file_name": "bark/bk_mini_arbor_begin_purify-fx-4e5ca3dc-685d29.mp3"
  },
  "bk_mini_arbor_begin_purify-fx-7067ca22": {
    "text": "Good. Let's maintain our focus and see this through.",
    "file_name": "bark/bk_mini_arbor_begin_purify-fx-7067ca22-685d29.mp3"
  },
  "bk_mini_arbor_begin_purify-fx-362d9749": {
    "text": "Purification in progress. Stay vigilant, Lumi.",
    "file_name": "bark/bk_mini_arbor_begin_purify-fx-362d9749-685d29.mp3"
  },
  "bk_mini_arbor_end_purify-lm-408306c9": {
    "text": "Meow meow, meow! Meow meow!",
    "file_name": "bark/bk_mini_arbor_end_purify-lm-408306c9-6b95f9.mp3"
  },
  "bk_mini_arbor_end_purify-fx-933482e3": {
    "text": "Rookie? I'll have you know I've been slaying demons for years.",
    "file_name": "bark/bk_mini_arbor_end_purify-fx-933482e3-685d29.mp3"
  },
  "bk_mini_arbor_end_purify-lm-e21259a3": {
    "text": "Meow meow meow. Meow!",
    "file_name": "bark/bk_mini_arbor_end_purify-lm-e21259a3-6b95f9.mp3"
  },
  "bk_mini_arbor_end_purify-fx-fdfef7d7": {
    "text": "That's one Arbor's Reach restored.",
    "file_name": "bark/bk_mini_arbor_end_purify-fx-fdfef7d7-685d29.mp3"
  },
  "bk_mini_arbor_end_purify-lm-3ce388ca": {
    "text": "Meow meow!",
    "file_name": "bark/bk_mini_arbor_end_purify-lm-3ce388ca-6b95f9.mp3"
  },
  "bk_mini_arbor_end_purify-lm-c8045d92": {
    "text": "Meow!",
    "file_name": "bark/bk_mini_arbor_end_purify-lm-c8045d92-6b95f9.mp3"
  },
  "bk_mini_arbor_end_purify-fx-c47963b2": {
    "text": "Good. Every bit helps in strengthening the Seal.",
    "file_name": "bark/bk_mini_arbor_end_purify-fx-c47963b2-685d29.mp3"
  },
  "bk_mini_arbor_end_purify-fx-966cb4f1": {
    "text": "Purification successful. The Arbor's Reach looks much better now.",
    "file_name": "bark/bk_mini_arbor_end_purify-fx-966cb4f1-685d29.mp3"
  },
  "bk_mini_arbor_end_purify-fx-79192bfd": {
    "text": "Mission accomplished. On to the next one.",
    "file_name": "bark/bk_mini_arbor_end_purify-fx-79192bfd-685d29.mp3"
  },
  "bk_mini_arbor_end_purify-fx-2e9a4bc1": {
    "text": "That should do it. The Arbor's Reach seems revitalized.",
    "file_name": "bark/bk_mini_arbor_end_purify-fx-2e9a4bc1-685d29.mp3"
  },
  "bk_mini_arbor_end_purify-fx-935a727c": {
    "text": "Indeed. Let's keep this momentum going.",
    "file_name": "bark/bk_mini_arbor_end_purify-fx-935a727c-685d29.mp3"
  },
  "bk_mini_arbor_end_purify-fx-671cd75e": {
    "text": "Purification complete. The Seal feels a bit stronger now.",
    "file_name": "bark/bk_mini_arbor_end_purify-fx-671cd75e-685d29.mp3"
  },
  "bk_mini_arbor_end_purify-fx-f9a243cd": {
    "text": "Poetic as always, Lumi. Job well done.",
    "file_name": "bark/bk_mini_arbor_end_purify-fx-f9a243cd-685d29.mp3"
  },
  "bk_mini_arbor_end_purify-fx-423238d9": {
    "text": "Another Arbor's Reach purified. We're making progress.",
    "file_name": "bark/bk_mini_arbor_end_purify-fx-423238d9-685d29.mp3"
  },
  "bk_mini_arbor_end_purify-fx-18f745b0": {
    "text": "Good work. Let's keep our eyes open for more.",
    "file_name": "bark/bk_mini_arbor_end_purify-fx-18f745b0-685d29.mp3"
  },
  "bk_mini_arbor_defeat_elite-fx-a7ad2934": {
    "text": "That was tougher than I expected.",
    "file_name": "bark/bk_mini_arbor_defeat_elite-fx-a7ad2934-685d29.mp3"
  },
  "bk_mini_arbor_defeat_elite-lm-586e3c0d": {
    "text": "Meow, meow! Meow!",
    "file_name": "bark/bk_mini_arbor_defeat_elite-lm-586e3c0d-6b95f9.mp3"
  },
  "bk_mini_arbor_defeat_elite-fx-64a9e191": {
    "text": "Yeah, but I have a feeling there might be more.",
    "file_name": "bark/bk_mini_arbor_defeat_elite-fx-64a9e191-685d29.mp3"
  },
  "bk_mini_arbor_defeat_elite-fx-b6dbd058": {
    "text": "One less golem to worry about.",
    "file_name": "bark/bk_mini_arbor_defeat_elite-fx-b6dbd058-685d29.mp3"
  },
  "bk_mini_arbor_defeat_elite-lm-e14d4e71": {
    "text": "Meow, meow!",
    "file_name": "bark/bk_mini_arbor_defeat_elite-lm-e14d4e71-6b95f9.mp3"
  },
  "bk_mini_arbor_defeat_elite-lm-c8045d92": {
    "text": "Meow!",
    "file_name": "bark/bk_mini_arbor_defeat_elite-lm-c8045d92-6b95f9.mp3"
  },
  "bk_mini_arbor_defeat_elite-fx-0303a700": {
    "text": "Good. Let's stay alert for any more.",
    "file_name": "bark/bk_mini_arbor_defeat_elite-fx-0303a700-685d29.mp3"
  },
  "bk_mini_arbor_defeat_elite-fx-ecf3fbf2": {
    "text": "Tough opponent, but we managed.",
    "file_name": "bark/bk_mini_arbor_defeat_elite-fx-ecf3fbf2-685d29.mp3"
  },
  "bk_mini_arbor_defeat_elite-lm-3ce388ca": {
    "text": "Meow meow!",
    "file_name": "bark/bk_mini_arbor_defeat_elite-lm-3ce388ca-6b95f9.mp3"
  },
  "bk_mini_arbor_defeat_elite-lm-7b701328": {
    "text": "Meow meow, meow!",
    "file_name": "bark/bk_mini_arbor_defeat_elite-lm-7b701328-6b95f9.mp3"
  },
  "bk_mini_arbor_defeat_elite-fx-01228fec": {
    "text": "Yeah, but we pulled through.",
    "file_name": "bark/bk_mini_arbor_defeat_elite-fx-01228fec-685d29.mp3"
  },
  "bk_mini_arbor_defeat_elite-fx-e98354ee": {
    "text": "Sentinel down. Area's clear for now.",
    "file_name": "bark/bk_mini_arbor_defeat_elite-fx-e98354ee-685d29.mp3"
  },
  "bk_mini_arbor_defeat_elite-fx-2778a69a": {
    "text": "Good work, Lumi.",
    "file_name": "bark/bk_mini_arbor_defeat_elite-fx-2778a69a-685d29.mp3"
  },
  "bk_mini_arbor_defeat_elite-fx-b0a75e56": {
    "text": "That golem put up a fight.",
    "file_name": "bark/bk_mini_arbor_defeat_elite-fx-b0a75e56-685d29.mp3"
  },
  "bk_mini_arbor_defeat_elite-fx-6fbfc065": {
    "text": "Right. They're tough, but not unbeatable.",
    "file_name": "bark/bk_mini_arbor_defeat_elite-fx-6fbfc065-685d29.mp3"
  },
  "bk_mini_arbor_defeat_elite-fx-65116afc": {
    "text": "And stay down. These golems are persistent.",
    "file_name": "bark/bk_mini_arbor_defeat_elite-fx-65116afc-685d29.mp3"
  },
  "bk_mini_arbor_defeat_elite-fx-f44c917c": {
    "text": "But we were up to the challenge.",
    "file_name": "bark/bk_mini_arbor_defeat_elite-fx-f44c917c-685d29.mp3"
  },
  "bk_enter_battle-lm-e17d69e8": {
    "text": "Meow, meow Meow? Meow meow?",
    "file_name": "bark/bk_enter_battle-lm-e17d69e8-6b95f9.mp3"
  },
  "bk_sub_boss_found-fx-375f4ac1": {
    "text": "What the... Is that a walking statue?",
    "file_name": "bark/bk_sub_boss_found-fx-375f4ac1-685d29.mp3"
  },
  "bk_sub_boss_found-lm-bbec0572": {
    "text": "Meow! Meow, meow!",
    "file_name": "bark/bk_sub_boss_found-lm-bbec0572-6b95f9.mp3"
  },
  "bk_sub_boss_found-fx-40398caa": {
    "text": "Alright, big guy. Let's see who breaks first.",
    "file_name": "bark/bk_sub_boss_found-fx-40398caa-685d29.mp3"
  },
  "bk_sub_boss_found-lm-e14d4e71": {
    "text": "Meow, meow!",
    "file_name": "bark/bk_sub_boss_found-lm-e14d4e71-6b95f9.mp3"
  },
  "bk_sub_boss_found-fx-dd3c23d3": {
    "text": "Looks like we've got a big one.",
    "file_name": "bark/bk_sub_boss_found-fx-dd3c23d3-685d29.mp3"
  },
  "bk_sub_boss_found-lm-c8045d92": {
    "text": "Meow!",
    "file_name": "bark/bk_sub_boss_found-lm-c8045d92-6b95f9.mp3"
  },
  "bk_sub_boss_found-fx-c323850a": {
    "text": "Time to test my skills.",
    "file_name": "bark/bk_sub_boss_found-fx-c323850a-685d29.mp3"
  },
  "bk_sub_boss_found-fx-e623dcc6": {
    "text": "Looks like we've got a tough one.",
    "file_name": "bark/bk_sub_boss_found-fx-e623dcc6-685d29.mp3"
  },
  "bk_sub_boss_found-fx-59524c2f": {
    "text": "This should be interesting.",
    "file_name": "bark/bk_sub_boss_found-fx-59524c2f-685d29.mp3"
  },
  "bk_sub_boss_found-fx-688bdb5c": {
    "text": "I love a good challenge.",
    "file_name": "bark/bk_sub_boss_found-fx-688bdb5c-685d29.mp3"
  },
  "bk_sub_boss_found-fx-38a0658c": {
    "text": "Let's dance, big fella.",
    "file_name": "bark/bk_sub_boss_found-fx-38a0658c-685d29.mp3"
  },
  "bk_sub_boss_found-fx-4dac4845": {
    "text": "This one's not messing around.",
    "file_name": "bark/bk_sub_boss_found-fx-4dac4845-685d29.mp3"
  },
  "bk_sub_boss_found-fx-88b865dd": {
    "text": "Time to earn my pay.",
    "file_name": "bark/bk_sub_boss_found-fx-88b865dd-685d29.mp3"
  },
  "bk_sub_boss_found-fx-3668b50a": {
    "text": "Bring it on, rocky.",
    "file_name": "bark/bk_sub_boss_found-fx-3668b50a-685d29.mp3"
  },
  "bk_sub_boss_defeated-fx-aaca26c4": {
    "text": "That was one tough cookie.",
    "file_name": "bark/bk_sub_boss_defeated-fx-aaca26c4-685d29.mp3"
  },
  "bk_sub_boss_defeated-lm-d176a341": {
    "text": "Meow! Meow!",
    "file_name": "bark/bk_sub_boss_defeated-lm-d176a341-6b95f9.mp3"
  },
  "bk_sub_boss_defeated-fx-86d516d9": {
    "text": "Another one bites the dust.",
    "file_name": "bark/bk_sub_boss_defeated-fx-86d516d9-685d29.mp3"
  },
  "bk_sub_boss_defeated-lm-c8045d92": {
    "text": "Meow!",
    "file_name": "bark/bk_sub_boss_defeated-lm-c8045d92-6b95f9.mp3"
  },
  "bk_sub_boss_defeated-fx-e8f2ddae": {
    "text": "That was a good workout.",
    "file_name": "bark/bk_sub_boss_defeated-fx-e8f2ddae-685d29.mp3"
  },
  "bk_sub_boss_defeated-lm-e14d4e71": {
    "text": "Meow, meow!",
    "file_name": "bark/bk_sub_boss_defeated-lm-e14d4e71-6b95f9.mp3"
  },
  "bk_sub_boss_defeated-fx-88a06630": {
    "text": "Not so tough after all.",
    "file_name": "bark/bk_sub_boss_defeated-fx-88a06630-685d29.mp3"
  },
  "bk_sub_boss_defeated-fx-95464404": {
    "text": "That's one less problem to worry about.",
    "file_name": "bark/bk_sub_boss_defeated-fx-95464404-685d29.mp3"
  },
  "bk_sub_boss_defeated-fx-db048c05": {
    "text": "I'm starting to enjoy this.",
    "file_name": "bark/bk_sub_boss_defeated-fx-db048c05-685d29.mp3"
  },
  "bk_sub_boss_defeated-fx-3faecb05": {
    "text": "Down goes another one.",
    "file_name": "bark/bk_sub_boss_defeated-fx-3faecb05-685d29.mp3"
  },
  "bk_sub_boss_defeated-fx-5c4836fa": {
    "text": "That was a close one.",
    "file_name": "bark/bk_sub_boss_defeated-fx-5c4836fa-685d29.mp3"
  },
  "bk_sub_boss_defeated-fx-2ef83b32": {
    "text": "All in a day's work.",
    "file_name": "bark/bk_sub_boss_defeated-fx-2ef83b32-685d29.mp3"
  },
  "bk_sub_boss_defeated-fx-7dc9067b": {
    "text": "They don't make 'em like they used to.",
    "file_name": "bark/bk_sub_boss_defeated-fx-7dc9067b-685d29.mp3"
  },
  "bk_sub_boss_defeated-fx-3e5b1c6c": {
    "text": "And stay down.",
    "file_name": "bark/bk_sub_boss_defeated-fx-3e5b1c6c-685d29.mp3"
  },
  "bk_mini_arbor_sensed-lm-e14d4e71": {
    "text": "Meow, meow!",
    "file_name": "bark/bk_mini_arbor_sensed-lm-e14d4e71-6b95f9.mp3"
  },
  "bk_mini_arbor_sensed-lm-059a62f4": {
    "text": "Meow meow meow!",
    "file_name": "bark/bk_mini_arbor_sensed-lm-059a62f4-6b95f9.mp3"
  },
  "bk_mini_arbor_found-lm-1112b974": {
    "text": "Meow, meow meow!",
    "file_name": "bark/bk_mini_arbor_found-lm-1112b974-6b95f9.mp3"
  },
  "bk_shrine_sensed-lm-1112b974": {
    "text": "Meow, meow meow!",
    "file_name": "bark/bk_shrine_sensed-lm-1112b974-6b95f9.mp3"
  },
  "bk_shrine_sensed-fx-03d0b894": {
    "text": "A shrine? What kind of shrine are we talking about?",
    "file_name": "bark/bk_shrine_sensed-fx-03d0b894-685d29.mp3"
  },
  "bk_shrine_sensed-lm-6a9dcad3": {
    "text": "Meow meow! Meow meow!",
    "file_name": "bark/bk_shrine_sensed-lm-6a9dcad3-6b95f9.mp3"
  },
  "bk_shrine_sensed-fx-bbe7ca52": {
    "text": "Sounds great. Let's find out.",
    "file_name": "bark/bk_shrine_sensed-fx-bbe7ca52-685d29.mp3"
  },
  "bk_shrine_sensed-lm-c8045d92": {
    "text": "Meow!",
    "file_name": "bark/bk_shrine_sensed-lm-c8045d92-6b95f9.mp3"
  },
  "bk_shrine_sensed-fx-c95b3ee8": {
    "text": "Let's check it out.",
    "file_name": "bark/bk_shrine_sensed-fx-c95b3ee8-685d29.mp3"
  },
  "bk_shrine_sensed-lm-3ce388ca": {
    "text": "Meow meow!",
    "file_name": "bark/bk_shrine_sensed-lm-3ce388ca-6b95f9.mp3"
  },
  "bk_shrine_sensed-fx-5ad09020": {
    "text": "Time to find it.",
    "file_name": "bark/bk_shrine_sensed-fx-5ad09020-685d29.mp3"
  },
  "bk_shrine_sensed-fx-d112024c": {
    "text": "Lead the way.",
    "file_name": "bark/bk_shrine_sensed-fx-d112024c-685d29.mp3"
  },
  "bk_shrine_sensed-fx-06c73dc7": {
    "text": "Got it.",
    "file_name": "bark/bk_shrine_sensed-fx-06c73dc7-685d29.mp3"
  },
  "bk_shrine_sensed-fx-c0c68dc1": {
    "text": "Let's go.",
    "file_name": "bark/bk_shrine_sensed-fx-c0c68dc1-685d29.mp3"
  },
  "bk_shrine_sensed-fx-b8c7da6f": {
    "text": "On it.",
    "file_name": "bark/bk_shrine_sensed-fx-b8c7da6f-685d29.mp3"
  },
  "bk_shrine_sensed-fx-8ea274d5": {
    "text": "Show me.",
    "file_name": "bark/bk_shrine_sensed-fx-8ea274d5-685d29.mp3"
  },
  "bk_shrine_sensed-fx-e3144ad8": {
    "text": "Let's find it.",
    "file_name": "bark/bk_shrine_sensed-fx-e3144ad8-685d29.mp3"
  },
  "bk_shrine_sensed-fx-44461639": {
    "text": "Good catch.",
    "file_name": "bark/bk_shrine_sensed-fx-44461639-685d29.mp3"
  },
  "bk_shrine_sensed-fx-71780b7c": {
    "text": "Nice one.",
    "file_name": "bark/bk_shrine_sensed-fx-71780b7c-685d29.mp3"
  },
  "bk_shrine_activated-fx-ae271107": {
    "text": "Power's surging through me.",
    "file_name": "bark/bk_shrine_activated-fx-ae271107-685d29.mp3"
  },
  "bk_shrine_activated-lm-c8045d92": {
    "text": "Meow!",
    "file_name": "bark/bk_shrine_activated-lm-c8045d92-6b95f9.mp3"
  },
  "bk_shrine_activated-fx-8de64030": {
    "text": "This feels good.",
    "file_name": "bark/bk_shrine_activated-fx-8de64030-685d29.mp3"
  },
  "bk_shrine_activated-lm-3ce388ca": {
    "text": "Meow meow!",
    "file_name": "bark/bk_shrine_activated-lm-3ce388ca-6b95f9.mp3"
  },
  "bk_shrine_activated-fx-49ade275": {
    "text": "Shrine's blessing received.",
    "file_name": "bark/bk_shrine_activated-fx-49ade275-685d29.mp3"
  },
  "bk_shrine_activated-fx-4e677c00": {
    "text": "I'm charged up.",
    "file_name": "bark/bk_shrine_activated-fx-4e677c00-685d29.mp3"
  },
  "bk_shrine_activated-fx-3cf5d786": {
    "text": "That's a nice boost.",
    "file_name": "bark/bk_shrine_activated-fx-3cf5d786-685d29.mp3"
  },
  "bk_shrine_activated-fx-56b6f5d9": {
    "text": "I can feel the power.",
    "file_name": "bark/bk_shrine_activated-fx-56b6f5d9-685d29.mp3"
  },
  "bk_shrine_activated-fx-695a8057": {
    "text": "This'll come in handy.",
    "file_name": "bark/bk_shrine_activated-fx-695a8057-685d29.mp3"
  },
  "bk_shrine_activated-fx-18b230a0": {
    "text": "Shrine's power activated.",
    "file_name": "bark/bk_shrine_activated-fx-18b230a0-685d29.mp3"
  },
  "bk_shrine_activated-fx-f8b13328": {
    "text": "I'm feeling stronger.",
    "file_name": "bark/bk_shrine_activated-fx-f8b13328-685d29.mp3"
  },
  "bk_shrine_activated-fx-db741d1e": {
    "text": "That's a nice trick.",
    "file_name": "bark/bk_shrine_activated-fx-db741d1e-685d29.mp3"
  },
  "bk_health_half-fx-181263cf": {
    "text": "My health's not looking great.",
    "file_name": "bark/bk_health_half-fx-181263cf-685d29.mp3"
  },
  "bk_health_half-fx-e4869255": {
    "text": "Oof, that last hit took a chunk out of me.",
    "file_name": "bark/bk_health_half-fx-e4869255-685d29.mp3"
  },
  "bk_health_half-fx-f16ce783": {
    "text": "I'm bleeding more than I'd like.",
    "file_name": "bark/bk_health_half-fx-f16ce783-685d29.mp3"
  },
  "bk_health_half-fx-65a4c05a": {
    "text": "I could use a breather right about now.",
    "file_name": "bark/bk_health_half-fx-65a4c05a-685d29.mp3"
  },
  "bk_health_half-fx-6ad88925": {
    "text": "These wounds are making me rethink my strategy.",
    "file_name": "bark/bk_health_half-fx-6ad88925-685d29.mp3"
  },
  "bk_health_half-fx-2f753aad": {
    "text": "Half my health gone already?",
    "file_name": "bark/bk_health_half-fx-2f753aad-685d29.mp3"
  },
  "bk_health_half-fx-341afa33": {
    "text": "I could use a health potion right about now.",
    "file_name": "bark/bk_health_half-fx-341afa33-685d29.mp3"
  },
  "bk_health_half-fx-fe8b8e63": {
    "text": "Feeling a bit woozy.",
    "file_name": "bark/bk_health_half-fx-fe8b8e63-685d29.mp3"
  },
  "bk_health_half-fx-0210d942": {
    "text": "These wounds are slowing me down.",
    "file_name": "bark/bk_health_half-fx-0210d942-685d29.mp3"
  },
  "bk_health_half-fx-0f46a5b9": {
    "text": "My health bar's looking a little too red.",
    "file_name": "bark/bk_health_half-fx-0f46a5b9-685d29.mp3"
  },
  "bk_health_half-lm-c8045d92": {
    "text": "Meow!",
    "file_name": "bark/bk_health_half-lm-c8045d92-6b95f9.mp3"
  },
  "bk_health_half-lm-e14d4e71": {
    "text": "Meow, meow!",
    "file_name": "bark/bk_health_half-lm-e14d4e71-6b95f9.mp3"
  },
  "bk_health_quarter-fx-4d19d52e": {
    "text": "I'm hanging on by a thread here.",
    "file_name": "bark/bk_health_quarter-fx-4d19d52e-685d29.mp3"
  },
  "bk_health_quarter-fx-fbfac97a": {
    "text": "One more hit and I'm done for.",
    "file_name": "bark/bk_health_quarter-fx-fbfac97a-685d29.mp3"
  },
  "bk_health_quarter-fx-19841744": {
    "text": "This is getting really dicey.",
    "file_name": "bark/bk_health_quarter-fx-19841744-685d29.mp3"
  },
  "bk_health_quarter-fx-8b00bb92": {
    "text": "I'm running on fumes now.",
    "file_name": "bark/bk_health_quarter-fx-8b00bb92-685d29.mp3"
  },
  "bk_health_quarter-fx-0692804f": {
    "text": "Damn, I'm in serious trouble.",
    "file_name": "bark/bk_health_quarter-fx-0692804f-685d29.mp3"
  },
  "bk_health_quarter-fx-d00c9c52": {
    "text": "I need to find a way to recover, fast.",
    "file_name": "bark/bk_health_quarter-fx-d00c9c52-685d29.mp3"
  },
  "bk_health_quarter-fx-f9b46fc3": {
    "text": "This is not looking good at all.",
    "file_name": "bark/bk_health_quarter-fx-f9b46fc3-685d29.mp3"
  },
  "bk_health_quarter-fx-9c7f918b": {
    "text": "I'm barely standing at this point.",
    "file_name": "bark/bk_health_quarter-fx-9c7f918b-685d29.mp3"
  },
  "bk_health_quarter-fx-481f88f0": {
    "text": "Dangerous? Sure, but I'll just pop back up anyway.",
    "file_name": "bark/bk_health_quarter-fx-481f88f0-685d29.mp3"
  },
  "bk_health_quarter-fx-dd5e1e38": {
    "text": "This looks bad... Good thing I've got a respawn button.",
    "file_name": "bark/bk_health_quarter-fx-dd5e1e38-685d29.mp3"
  },
  "bk_health_quarter-lm-c8045d92": {
    "text": "Meow!",
    "file_name": "bark/bk_health_quarter-lm-c8045d92-6b95f9.mp3"
  },
  "bk_health_quarter-lm-e14d4e71": {
    "text": "Meow, meow!",
    "file_name": "bark/bk_health_quarter-lm-e14d4e71-6b95f9.mp3"
  },
  "bk_health_recover-fx-85484060": {
    "text": "Ah, that's much better.",
    "file_name": "bark/bk_health_recover-fx-85484060-685d29.mp3"
  },
  "bk_health_recover-fx-6d05f6de": {
    "text": "Feeling like a new man.",
    "file_name": "bark/bk_health_recover-fx-6d05f6de-685d29.mp3"
  },
  "bk_health_recover-fx-fe3a6b6a": {
    "text": "Back in fighting shape.",
    "file_name": "bark/bk_health_recover-fx-fe3a6b6a-685d29.mp3"
  },
  "bk_health_recover-fx-a4f0c904": {
    "text": "Feeling recharged and ready to go.",
    "file_name": "bark/bk_health_recover-fx-a4f0c904-685d29.mp3"
  },
  "bk_health_recover-fx-328878b7": {
    "text": "Guess I won't be needing that respawn button just yet.",
    "file_name": "bark/bk_health_recover-fx-328878b7-685d29.mp3"
  },
  "bk_health_recover-fx-53071718": {
    "text": "That healing really hit the spot.",
    "file_name": "bark/bk_health_recover-fx-53071718-685d29.mp3"
  },
  "bk_health_recover-fx-fec2ee63": {
    "text": "That was a close one. Let's not do that again.",
    "file_name": "bark/bk_health_recover-fx-fec2ee63-685d29.mp3"
  },
  "bk_health_recover-fx-31266c83": {
    "text": "Nothing like a good heal to keep you going.",
    "file_name": "bark/bk_health_recover-fx-31266c83-685d29.mp3"
  },
  "bk_health_recover-lm-c8045d92": {
    "text": "Meow!",
    "file_name": "bark/bk_health_recover-lm-c8045d92-6b95f9.mp3"
  },
  "bk_health_recover-lm-e14d4e71": {
    "text": "Meow, meow!",
    "file_name": "bark/bk_health_recover-lm-e14d4e71-6b95f9.mp3"
  },
  "bk_leaving_sanctuary-fx-fe215eec": {
    "text": "Alright, I think I'll scout around first.",
    "file_name": "bark/bk_leaving_sanctuary-fx-fe215eec-685d29.mp3"
  },
  "bk_enter_battle-lm-2fc31d49": {
    "text": "Meow meow meow! Meow meow meow!",
    "file_name": "bark/bk_enter_battle-lm-2fc31d49-6b95f9.mp3"
  },
  "bk_enter_battle-fx-a5f0f949": {
    "text": "Hey, it's nice you're telling me what to do, but who are you anyway?",
    "file_name": "bark/bk_enter_battle-fx-a5f0f949-685d29.mp3"
  },
  "bk_enter_battle-lm-45854fb9": {
    "text": "Meow meow! Meow meow meow?",
    "file_name": "bark/bk_enter_battle-lm-45854fb9-6b95f9.mp3"
  },
  "bk_enter_battle-fx-69bcd0c0": {
    "text": "Are you kidding? Shoot the distant ones with arrows, slice up the close ones. And the name's Fenrix.",
    "file_name": "bark/bk_enter_battle-fx-69bcd0c0-685d29.mp3"
  },
  "bk_enter_battle-lm-5588f107": {
    "text": "Meow, meow! Meow meow meow!",
    "file_name": "bark/bk_enter_battle-lm-5588f107-6b95f9.mp3"
  },
  "bk_prop_destroy-fx-e7465172": {
    "text": "Smash!",
    "file_name": "bark/bk_prop_destroy-fx-e7465172-685d29.mp3"
  },
  "bk_prop_destroy-fx-a0d68596": {
    "text": "Whoops. My hand slipped.",
    "file_name": "bark/bk_prop_destroy-fx-a0d68596-685d29.mp3"
  },
  "bk_prop_destroy-fx-682ee471": {
    "text": "That was oddly satisfying.",
    "file_name": "bark/bk_prop_destroy-fx-682ee471-685d29.mp3"
  },
  "bk_prop_destroy-fx-4825e3c4": {
    "text": "Nothing left unbroken on my watch.",
    "file_name": "bark/bk_prop_destroy-fx-4825e3c4-685d29.mp3"
  },
  "bk_prop_destroy-fx-7b3b2ad9": {
    "text": "Destruction is part of the job description.",
    "file_name": "bark/bk_prop_destroy-fx-7b3b2ad9-685d29.mp3"
  },
  "bk_prop_destroy-fx-518a4d4e": {
    "text": "Clean up on aisle... everywhere.",
    "file_name": "bark/bk_prop_destroy-fx-518a4d4e-685d29.mp3"
  },
  "bk_prop_destroy-fx-6c86ac33": {
    "text": "Just doing some redecorating.",
    "file_name": "bark/bk_prop_destroy-fx-6c86ac33-685d29.mp3"
  },
  "bk_prop_destroy-fx-844f6a8d": {
    "text": "Breaking stuff never gets old.",
    "file_name": "bark/bk_prop_destroy-fx-844f6a8d-685d29.mp3"
  },
  "bk_prop_destroy-fx-f98f2755": {
    "text": "Crash!",
    "file_name": "bark/bk_prop_destroy-fx-f98f2755-685d29.mp3"
  },
  "bk_prop_destroy-fx-0180d149": {
    "text": "Bam!",
    "file_name": "bark/bk_prop_destroy-fx-0180d149-685d29.mp3"
  },
  "bk_prop_destroy-fx-35fa71bb": {
    "text": "Kaboom!",
    "file_name": "bark/bk_prop_destroy-fx-35fa71bb-685d29.mp3"
  },
  "bk_prop_destroy-fx-922d1997": {
    "text": "Crack!",
    "file_name": "bark/bk_prop_destroy-fx-922d1997-685d29.mp3"
  },
  "bk_prop_destroy-fx-87024707": {
    "text": "Wham!",
    "file_name": "bark/bk_prop_destroy-fx-87024707-685d29.mp3"
  },
  "bk_prop_destroy-fx-04f04479": {
    "text": "Thwack!",
    "file_name": "bark/bk_prop_destroy-fx-04f04479-685d29.mp3"
  },
  "bk_prop_destroy-fx-5ebc1c52": {
    "text": "Crunch!",
    "file_name": "bark/bk_prop_destroy-fx-5ebc1c52-685d29.mp3"
  },
  "bk_prop_destroy-fx-affbdc11": {
    "text": "Pow!",
    "file_name": "bark/bk_prop_destroy-fx-affbdc11-685d29.mp3"
  },
  "bk_prop_destroy-fx-b546e7a0": {
    "text": "Whoosh!",
    "file_name": "bark/bk_prop_destroy-fx-b546e7a0-685d29.mp3"
  },
  "bk_prop_destroy-fx-1b37b494": {
    "text": "Slam!",
    "file_name": "bark/bk_prop_destroy-fx-1b37b494-685d29.mp3"
  },
  "bk_prop_destroy-lm-c8045d92": {
    "text": "Meow!",
    "file_name": "bark/bk_prop_destroy-lm-c8045d92-6b95f9.mp3"
  },
  "bk_prop_destroy-lm-3ce388ca": {
    "text": "Meow meow!",
    "file_name": "bark/bk_prop_destroy-lm-3ce388ca-6b95f9.mp3"
  },
  "bk_blow_many-fx-482b680d": {
    "text": "Boom!",
    "file_name": "bark/bk_blow_many-fx-482b680d-685d29.mp3"
  },
  "bk_blow_many-fx-84a7b3b9": {
    "text": "Kapow!",
    "file_name": "bark/bk_blow_many-fx-84a7b3b9-685d29.mp3"
  },
  "bk_blow_many-fx-b546e7a0": {
    "text": "Whoosh!",
    "file_name": "bark/bk_blow_many-fx-b546e7a0-685d29.mp3"
  },
  "bk_blow_many-fx-119f0515": {
    "text": "Blam!",
    "file_name": "bark/bk_blow_many-fx-119f0515-685d29.mp3"
  },
  "bk_blow_many-fx-dace982c": {
    "text": "Swoosh!",
    "file_name": "bark/bk_blow_many-fx-dace982c-685d29.mp3"
  },
  "bk_blow_many-fx-231ac136": {
    "text": "Kablam!",
    "file_name": "bark/bk_blow_many-fx-231ac136-685d29.mp3"
  },
  "bk_blow_many-fx-0be763c1": {
    "text": "Zap!",
    "file_name": "bark/bk_blow_many-fx-0be763c1-685d29.mp3"
  },
  "bk_blow_many-fx-f8d35984": {
    "text": "Whack!",
    "file_name": "bark/bk_blow_many-fx-f8d35984-685d29.mp3"
  },
  "bk_blow_many-lm-c8045d92": {
    "text": "Meow!",
    "file_name": "bark/bk_blow_many-lm-c8045d92-6b95f9.mp3"
  },
  "bk_blow_many-lm-3ce388ca": {
    "text": "Meow meow!",
    "file_name": "bark/bk_blow_many-lm-3ce388ca-6b95f9.mp3"
  },
  "bk_blow_many-fx-155aa1ff": {
    "text": "That was intense!",
    "file_name": "bark/bk_blow_many-fx-155aa1ff-685d29.mp3"
  },
  "bk_blow_many-fx-8a3546d8": {
    "text": "Nice hit!",
    "file_name": "bark/bk_blow_many-fx-8a3546d8-685d29.mp3"
  },
  "bk_blow_many-fx-42465c6c": {
    "text": "I\u2019m on fire!",
    "file_name": "bark/bk_blow_many-fx-42465c6c-685d29.mp3"
  },
  "bk_blow_many-fx-b7a59942": {
    "text": "That\u2019s how we clear a room!",
    "file_name": "bark/bk_blow_many-fx-b7a59942-685d29.mp3"
  },
  "bk_blow_many-fx-b2312bb6": {
    "text": "Perfect hit!",
    "file_name": "bark/bk_blow_many-fx-b2312bb6-685d29.mp3"
  },
  "bk_challenge-lm-3ce388ca": {
    "text": "Meow meow!",
    "file_name": "bark/bk_challenge-lm-3ce388ca-6b95f9.mp3"
  },
  "bk_challenge-fx-b01797e7": {
    "text": "Then let's carve our way out.",
    "file_name": "bark/bk_challenge-fx-b01797e7-685d29.mp3"
  },
  "bk_challenge-lm-059a62f4": {
    "text": "Meow meow meow!",
    "file_name": "bark/bk_challenge-lm-059a62f4-6b95f9.mp3"
  },
  "bk_challenge-fx-68687e70": {
    "text": "Bring it on. We can handle this!",
    "file_name": "bark/bk_challenge-fx-68687e70-685d29.mp3"
  },
  "bk_challenge-fx-40591715": {
    "text": "We'll hold the line. Stay sharp!",
    "file_name": "bark/bk_challenge-fx-40591715-685d29.mp3"
  },
  "bk_challenge-lm-e14d4e71": {
    "text": "Meow, meow!",
    "file_name": "bark/bk_challenge-lm-e14d4e71-6b95f9.mp3"
  },
  "bk_challenge-fx-8aa576dd": {
    "text": "Good. More for us to fight!",
    "file_name": "bark/bk_challenge-fx-8aa576dd-685d29.mp3"
  },
  "bk_challenge-lm-7b701328": {
    "text": "Meow meow, meow!",
    "file_name": "bark/bk_challenge-lm-7b701328-6b95f9.mp3"
  },
  "bk_challenge-fx-1259cb62": {
    "text": "That's how I like it. Let's keep moving.",
    "file_name": "bark/bk_challenge-fx-1259cb62-685d29.mp3"
  },
  "bk_challenge-fx-fc120b11": {
    "text": "Not yet, we're not. Stay focused!",
    "file_name": "bark/bk_challenge-fx-fc120b11-685d29.mp3"
  },
  "bk_challenge-fx-ff46de21": {
    "text": "Time to show them what we\u2019re made of!",
    "file_name": "bark/bk_challenge-fx-ff46de21-685d29.mp3"
  },
  "bk_challenge-fx-261f4343": {
    "text": "Looks like we\u2019re up against a challenge, Lumi.",
    "file_name": "bark/bk_challenge-fx-261f4343-685d29.mp3"
  },
  "bk_challenge-fx-f7c0bdb8": {
    "text": "Here comes the hard part. Ready?",
    "file_name": "bark/bk_challenge-fx-f7c0bdb8-685d29.mp3"
  },
  "bk_challenge-fx-6a2dfd2f": {
    "text": "We've got our work cut out for us, Lumi.",
    "file_name": "bark/bk_challenge-fx-6a2dfd2f-685d29.mp3"
  },
  "bk_challenge-fx-c31343aa": {
    "text": "This looks like it'll be tough.",
    "file_name": "bark/bk_challenge-fx-c31343aa-685d29.mp3"
  },
  "bk_challenge-fx-b7f6f2d4": {
    "text": "Another challenge. Let's not waste any time.",
    "file_name": "bark/bk_challenge-fx-b7f6f2d4-685d29.mp3"
  },
  "bk_challenge-fx-d6312279": {
    "text": "We're in deep now. Ready to fight through?",
    "file_name": "bark/bk_challenge-fx-d6312279-685d29.mp3"
  },
  "bk_challenge-fx-fc49cc16": {
    "text": "This is going to be a tough fight.",
    "file_name": "bark/bk_challenge-fx-fc49cc16-685d29.mp3"
  },
  "bk_challenge-fx-d85cf934": {
    "text": "This is it. No holding back!",
    "file_name": "bark/bk_challenge-fx-d85cf934-685d29.mp3"
  },
  "bk_wave-lm-3ce388ca": {
    "text": "Meow meow!",
    "file_name": "bark/bk_wave-lm-3ce388ca-6b95f9.mp3"
  },
  "bk_wave-fx-b01797e7": {
    "text": "Then let's carve our way out.",
    "file_name": "bark/bk_wave-fx-b01797e7-685d29.mp3"
  },
  "bk_wave-lm-059a62f4": {
    "text": "Meow meow meow!",
    "file_name": "bark/bk_wave-lm-059a62f4-6b95f9.mp3"
  },
  "bk_wave-fx-68687e70": {
    "text": "Bring it on. We can handle this!",
    "file_name": "bark/bk_wave-fx-68687e70-685d29.mp3"
  },
  "bk_wave-fx-40591715": {
    "text": "We'll hold the line. Stay sharp!",
    "file_name": "bark/bk_wave-fx-40591715-685d29.mp3"
  },
  "bk_wave-lm-e14d4e71": {
    "text": "Meow, meow!",
    "file_name": "bark/bk_wave-lm-e14d4e71-6b95f9.mp3"
  },
  "bk_wave-fx-8aa576dd": {
    "text": "Good. More for us to fight!",
    "file_name": "bark/bk_wave-fx-8aa576dd-685d29.mp3"
  },
  "bk_wave-lm-7b701328": {
    "text": "Meow meow, meow!",
    "file_name": "bark/bk_wave-lm-7b701328-6b95f9.mp3"
  },
  "bk_wave-fx-1259cb62": {
    "text": "That's how I like it. Let's keep moving.",
    "file_name": "bark/bk_wave-fx-1259cb62-685d29.mp3"
  },
  "bk_wave-fx-fc120b11": {
    "text": "Not yet, we're not. Stay focused!",
    "file_name": "bark/bk_wave-fx-fc120b11-685d29.mp3"
  },
  "bk_wave-fx-ff46de21": {
    "text": "Time to show them what we\u2019re made of!",
    "file_name": "bark/bk_wave-fx-ff46de21-685d29.mp3"
  },
  "bk_wave-fx-261f4343": {
    "text": "Looks like we\u2019re up against a challenge, Lumi.",
    "file_name": "bark/bk_wave-fx-261f4343-685d29.mp3"
  },
  "bk_wave-fx-f7c0bdb8": {
    "text": "Here comes the hard part. Ready?",
    "file_name": "bark/bk_wave-fx-f7c0bdb8-685d29.mp3"
  },
  "bk_wave-fx-6a2dfd2f": {
    "text": "We've got our work cut out for us, Lumi.",
    "file_name": "bark/bk_wave-fx-6a2dfd2f-685d29.mp3"
  },
  "bk_wave-fx-c31343aa": {
    "text": "This looks like it'll be tough.",
    "file_name": "bark/bk_wave-fx-c31343aa-685d29.mp3"
  },
  "bk_wave-fx-b7f6f2d4": {
    "text": "Another challenge. Let's not waste any time.",
    "file_name": "bark/bk_wave-fx-b7f6f2d4-685d29.mp3"
  },
  "bk_wave-fx-d6312279": {
    "text": "We're in deep now. Ready to fight through?",
    "file_name": "bark/bk_wave-fx-d6312279-685d29.mp3"
  },
  "bk_wave-fx-fc49cc16": {
    "text": "This is going to be a tough fight.",
    "file_name": "bark/bk_wave-fx-fc49cc16-685d29.mp3"
  },
  "bk_wave-fx-d85cf934": {
    "text": "This is it. No holding back!",
    "file_name": "bark/bk_wave-fx-d85cf934-685d29.mp3"
  },
  "bk_wave_cleared-fx-7a112e20": {
    "text": "That\u2019s another wave down!",
    "file_name": "bark/bk_wave_cleared-fx-7a112e20-685d29.mp3"
  },
  "bk_wave_cleared-lm-e14d4e71": {
    "text": "Meow, meow!",
    "file_name": "bark/bk_wave_cleared-lm-e14d4e71-6b95f9.mp3"
  },
  "bk_wave_cleared-fx-2a9f7010": {
    "text": "No match for us.",
    "file_name": "bark/bk_wave_cleared-fx-2a9f7010-685d29.mp3"
  },
  "bk_wave_cleared-lm-3ce388ca": {
    "text": "Meow meow!",
    "file_name": "bark/bk_wave_cleared-lm-3ce388ca-6b95f9.mp3"
  },
  "bk_wave_cleared-fx-c74b6445": {
    "text": "Handled it like pros.",
    "file_name": "bark/bk_wave_cleared-fx-c74b6445-685d29.mp3"
  },
  "bk_wave_cleared-lm-c8045d92": {
    "text": "Meow!",
    "file_name": "bark/bk_wave_cleared-lm-c8045d92-6b95f9.mp3"
  },
  "bk_defeated-fx-5a74862b": {
    "text": "Another clean sweep.",
    "file_name": "bark/bk_defeated-fx-5a74862b-685d29.mp3"
  },
  "bk_defeated-lm-3ce388ca": {
    "text": "Meow meow!",
    "file_name": "bark/bk_defeated-lm-3ce388ca-6b95f9.mp3"
  },
  "bk_wave_cleared-fx-fe9947aa": {
    "text": "They're down. Who's next?",
    "file_name": "bark/bk_wave_cleared-fx-fe9947aa-685d29.mp3"
  },
  "bk_wave_cleared-fx-492a42e7": {
    "text": "Glad you\u2019re enjoying yourself!",
    "file_name": "bark/bk_wave_cleared-fx-492a42e7-685d29.mp3"
  },
  "bk_wave_cleared-fx-d9e7ea26": {
    "text": "Wouldn't expect anything less.",
    "file_name": "bark/bk_wave_cleared-fx-d9e7ea26-685d29.mp3"
  },
  "bk_wave_cleared-lm-059a62f4": {
    "text": "Meow meow meow!",
    "file_name": "bark/bk_wave_cleared-lm-059a62f4-6b95f9.mp3"
  },
  "bk_wave_cleared-fx-db92776a": {
    "text": "Never do when I\u2019m involved.",
    "file_name": "bark/bk_wave_cleared-fx-db92776a-685d29.mp3"
  },
  "bk_wave_cleared-fx-993dd4de": {
    "text": "Of course we did.",
    "file_name": "bark/bk_wave_cleared-fx-993dd4de-685d29.mp3"
  },
  "bk_wave_cleared-fx-ef8af252": {
    "text": "That's how we do it.",
    "file_name": "bark/bk_wave_cleared-fx-ef8af252-685d29.mp3"
  },
  "bk_wave_cleared-fx-f4644296": {
    "text": "That was almost too easy.",
    "file_name": "bark/bk_wave_cleared-fx-f4644296-685d29.mp3"
  },
  "bk_wave_cleared-fx-55229923": {
    "text": "Not even breaking a sweat.",
    "file_name": "bark/bk_wave_cleared-fx-55229923-685d29.mp3"
  },
  "bk_wave_cleared-lm-7b701328": {
    "text": "Meow meow, meow!",
    "file_name": "bark/bk_wave_cleared-lm-7b701328-6b95f9.mp3"
  },
  "bk_wave_cleared-fx-f3da2d52": {
    "text": "Another flawless victory.",
    "file_name": "bark/bk_wave_cleared-fx-f3da2d52-685d29.mp3"
  },
  "bk_wave_cleared-fx-19cd6cd2": {
    "text": "Too easy.",
    "file_name": "bark/bk_wave_cleared-fx-19cd6cd2-685d29.mp3"
  },
  "bk_wave_cleared-fx-0a9f39b9": {
    "text": "That\u2019s what I call a victory.",
    "file_name": "bark/bk_wave_cleared-fx-0a9f39b9-685d29.mp3"
  },
  "bk_wave_cleared-fx-5a74862b": {
    "text": "Another clean sweep.",
    "file_name": "bark/bk_wave_cleared-fx-5a74862b-685d29.mp3"
  },
  "bk_found_health_item_half-fx-f17eff8a": {
    "text": "Oh thank god, just what I needed.",
    "file_name": "bark/bk_found_health_item_half-fx-f17eff8a-685d29.mp3"
  },
  "bk_found_health_item_half-fx-59437475": {
    "text": "Never thought I'd be so happy to see a health potion.",
    "file_name": "bark/bk_found_health_item_half-fx-59437475-685d29.mp3"
  },
  "bk_found_health_item_half-fx-dc5c5433": {
    "text": "This couldn't have come at a better time.",
    "file_name": "bark/bk_found_health_item_half-fx-dc5c5433-685d29.mp3"
  },
  "bk_found_health_item_half-fx-0c877039": {
    "text": "Looks like luck's on my side for once.",
    "file_name": "bark/bk_found_health_item_half-fx-0c877039-685d29.mp3"
  },
  "bk_found_health_item_half-fx-1e2f24d5": {
    "text": "I'm not one to believe in miracles, but...",
    "file_name": "bark/bk_found_health_item_half-fx-1e2f24d5-685d29.mp3"
  },
  "bk_found_health_item_half-fx-21cccca3": {
    "text": "This might just save my skin.",
    "file_name": "bark/bk_found_health_item_half-fx-21cccca3-685d29.mp3"
  },
  "bk_found_health_item_half-fx-66c05573": {
    "text": "Now that's what I call perfect timing.",
    "file_name": "bark/bk_found_health_item_half-fx-66c05573-685d29.mp3"
  },
  "bk_found_health_item_half-fx-06876259": {
    "text": "I owe you one, universe.",
    "file_name": "bark/bk_found_health_item_half-fx-06876259-685d29.mp3"
  },
  "bk_found_health_item_half-lm-586e3c0d": {
    "text": "Meow, meow! Meow!",
    "file_name": "bark/bk_found_health_item_half-lm-586e3c0d-6b95f9.mp3"
  },
  "bk_found_health_item_half-lm-1112b974": {
    "text": "Meow, meow meow!",
    "file_name": "bark/bk_found_health_item_half-lm-1112b974-6b95f9.mp3"
  },
  "bk_found_health_item_half-lm-059a62f4": {
    "text": "Meow meow meow!",
    "file_name": "bark/bk_found_health_item_half-lm-059a62f4-6b95f9.mp3"
  },
  "bk_found_health_item_half-lm-7b701328": {
    "text": "Meow meow, meow!",
    "file_name": "bark/bk_found_health_item_half-lm-7b701328-6b95f9.mp3"
  },
  "bk_found_health_item_half-lm-beca2188": {
    "text": "Meow meow meow, meow!",
    "file_name": "bark/bk_found_health_item_half-lm-beca2188-6b95f9.mp3"
  },
  "bk_found_health_item_critical-fx-16200a48": {
    "text": "Oh thank god, I thought I was done for.",
    "file_name": "bark/bk_found_health_item_critical-fx-16200a48-685d29.mp3"
  },
  "bk_found_health_item_critical-fx-d7a6bf73": {
    "text": "This... this might just save my life.",
    "file_name": "bark/bk_found_health_item_critical-fx-d7a6bf73-685d29.mp3"
  },
  "bk_found_health_item_critical-fx-0c95773c": {
    "text": "I've never been so happy to see anything in my life.",
    "file_name": "bark/bk_found_health_item_critical-fx-0c95773c-685d29.mp3"
  },
  "bk_found_health_item_critical-fx-6ca064a0": {
    "text": "Please, please let this be enough...",
    "file_name": "bark/bk_found_health_item_critical-fx-6ca064a0-685d29.mp3"
  },
  "bk_found_health_item_critical-fx-badb7a28": {
    "text": "I swear, if this doesn't work, I'll...",
    "file_name": "bark/bk_found_health_item_critical-fx-badb7a28-685d29.mp3"
  },
  "bk_found_health_item_critical-fx-0fc4f578": {
    "text": "Last chance... make it count.",
    "file_name": "bark/bk_found_health_item_critical-fx-0fc4f578-685d29.mp3"
  },
  "bk_found_health_item_critical-fx-9cffd826": {
    "text": "Didn't think I'd make it this far... let's keep going.",
    "file_name": "bark/bk_found_health_item_critical-fx-9cffd826-685d29.mp3"
  },
  "bk_found_health_item_critical-fx-421710fe": {
    "text": "If there's a god, they're looking out for me right now.",
    "file_name": "bark/bk_found_health_item_critical-fx-421710fe-685d29.mp3"
  },
  "bk_found_health_item_critical-lm-c8045d92": {
    "text": "Meow!",
    "file_name": "bark/bk_found_health_item_critical-lm-c8045d92-6b95f9.mp3"
  },
  "bk_found_health_item_critical-lm-3ce388ca": {
    "text": "Meow meow!",
    "file_name": "bark/bk_found_health_item_critical-lm-3ce388ca-6b95f9.mp3"
  },
  "bk_health_half-fx-b892e5a4": {
    "text": "Arrgh, these wounds are slowing me down.",
    "file_name": "bark/bk_health_half-fx-b892e5a4-685d29.mp3"
  },
  "bk_health_quarter-lm-1112b974": {
    "text": "Meow, meow meow!",
    "file_name": "bark/bk_health_quarter-lm-1112b974-6b95f9.mp3"
  },
  "bk_health_quarter-lm-7b701328": {
    "text": "Meow meow, meow!",
    "file_name": "bark/bk_health_quarter-lm-7b701328-6b95f9.mp3"
  },
  "bk_health_quarter-lm-059a62f4": {
    "text": "Meow meow meow!",
    "file_name": "bark/bk_health_quarter-lm-059a62f4-6b95f9.mp3"
  },
  "bk_health_quarter-lm-ff414943": {
    "text": "Meow meow meow, meow meow!",
    "file_name": "bark/bk_health_quarter-lm-ff414943-6b95f9.mp3"
  },
  "bk_health_recover-lm-7b701328": {
    "text": "Meow meow, meow!",
    "file_name": "bark/bk_health_recover-lm-7b701328-6b95f9.mp3"
  },
  "bk_health_recover-lm-3ce388ca": {
    "text": "Meow meow!",
    "file_name": "bark/bk_health_recover-lm-3ce388ca-6b95f9.mp3"
  },
  "bk_health_recover-lm-059a62f4": {
    "text": "Meow meow meow!",
    "file_name": "bark/bk_health_recover-lm-059a62f4-6b95f9.mp3"
  },
  "bk_enter_battle-fx-d07e88f3": {
    "text": "Are you kidding? Shoot the distant ones with arrows, slice up the close ones.",
    "file_name": "bark/bk_enter_battle-fx-d07e88f3-685d29.mp3"
  },
  "bk_enter_battle-fx-4d8392bf": {
    "text": "By the way, name's Fenrix. Thank you for not asking.",
    "file_name": "bark/bk_enter_battle-fx-4d8392bf-685d29.mp3"
  },
  "bk_blow_many-fx-9a6d76e1": {
    "text": "Nailed it!",
    "file_name": "bark/bk_blow_many-fx-9a6d76e1-685d29.mp3"
  },
  "bk_blow_many-fx-ea2364ea": {
    "text": "Take that!",
    "file_name": "bark/bk_blow_many-fx-ea2364ea-685d29.mp3"
  },
  "bk_blow_many-fx-090d8ca6": {
    "text": "Hell yeah!",
    "file_name": "bark/bk_blow_many-fx-090d8ca6-685d29.mp3"
  },
  "bk_blow_many-fx-779bdaf0": {
    "text": "Got 'em!",
    "file_name": "bark/bk_blow_many-fx-779bdaf0-685d29.mp3"
  },
  "bk_blow_many-fx-932b96be": {
    "text": "That's the stuff!",
    "file_name": "bark/bk_blow_many-fx-932b96be-685d29.mp3"
  },
  "bk_blow_many-fx-f1e8214d": {
    "text": "Crushed it!",
    "file_name": "bark/bk_blow_many-fx-f1e8214d-685d29.mp3"
  },
  "bk_blow_many-fx-10d871c4": {
    "text": "Bullseye!",
    "file_name": "bark/bk_blow_many-fx-10d871c4-685d29.mp3"
  },
  "bk_blow_many-fx-ec44e653": {
    "text": "That's how it's done!",
    "file_name": "bark/bk_blow_many-fx-ec44e653-685d29.mp3"
  },
  "bk_health_half-fx-d8a116a5": {
    "text": "I could use a health item right about now.",
    "file_name": "bark/bk_health_half-fx-d8a116a5-685d29.mp3"
  },
  "bk_found_health_item_half-fx-2aa4d5a1": {
    "text": "A healing orb. Good.",
    "file_name": "bark/bk_found_health_item_half-fx-2aa4d5a1-685d29.mp3"
  },
  "bk_found_health_item_half-fx-fe513542": {
    "text": "Oh thank god, that orb is just what I needed!",
    "file_name": "bark/bk_found_health_item_half-fx-fe513542-685d29.mp3"
  },
  "bk_found_health_item_half-fx-88602238": {
    "text": "Never thought I'd be so happy to see a healing orb.",
    "file_name": "bark/bk_found_health_item_half-fx-88602238-685d29.mp3"
  },
  "bk_found_health_item_half-fx-f3d0a2e9": {
    "text": "Saw that orb? I can't imagine a better timing.",
    "file_name": "bark/bk_found_health_item_half-fx-f3d0a2e9-685d29.mp3"
  },
  "bk_found_health_item_half-fx-7dcdc7c7": {
    "text": "A healing orb, looks like luck's on my side yet.",
    "file_name": "bark/bk_found_health_item_half-fx-7dcdc7c7-685d29.mp3"
  },
  "bk_found_health_item_half-fx-2f233714": {
    "text": "That glowing thing might just save my skin.",
    "file_name": "bark/bk_found_health_item_half-fx-2f233714-685d29.mp3"
  },
  "bk_found_health_item_half-fx-cb86213e": {
    "text": "A Healing orb. That's what I call perfect timing.",
    "file_name": "bark/bk_found_health_item_half-fx-cb86213e-685d29.mp3"
  },
  "bk_found_health_item_half-fx-feb26d5a": {
    "text": "A healing orb, just when I needed it.",
    "file_name": "bark/bk_found_health_item_half-fx-feb26d5a-685d29.mp3"
  },
  "bk_found_health_item_critical-fx-df4cc83c": {
    "text": "Oh thank god, a healing orb. I thought I was done for.",
    "file_name": "bark/bk_found_health_item_critical-fx-df4cc83c-685d29.mp3"
  },
  "bk_found_health_item_critical-fx-33dc28e0": {
    "text": "That orb... it might just save my life.",
    "file_name": "bark/bk_found_health_item_critical-fx-33dc28e0-685d29.mp3"
  },
  "bk_found_health_item_critical-fx-a2920fc1": {
    "text": "I've never been so happy to see a glowing orb in my life.",
    "file_name": "bark/bk_found_health_item_critical-fx-a2920fc1-685d29.mp3"
  },
  "bk_found_health_item_critical-fx-d8856e29": {
    "text": "Please, please let this healing orb be enough...",
    "file_name": "bark/bk_found_health_item_critical-fx-d8856e29-685d29.mp3"
  },
  "bk_found_health_item_critical-fx-3da7eda3": {
    "text": "I swear, if this healing orb doesn't work, I'll...",
    "file_name": "bark/bk_found_health_item_critical-fx-3da7eda3-685d29.mp3"
  },
  "bk_found_health_item_critical-fx-3735bbfd": {
    "text": "Things are dicey... this orb couldn't have come at a better time.",
    "file_name": "bark/bk_found_health_item_critical-fx-3735bbfd-685d29.mp3"
  },
  "bk_found_health_item_critical-fx-c0331cef": {
    "text": "All right, that orb might keep me going.",
    "file_name": "bark/bk_found_health_item_critical-fx-c0331cef-685d29.mp3"
  },
  "bk_found_health_item_critical-fx-ca9fae7f": {
    "text": "If there's a god, they sent this healing orb for me right now.",
    "file_name": "bark/bk_found_health_item_critical-fx-ca9fae7f-685d29.mp3"
  },
  "bk_shrine_activated_magnet-fx-d2035887": {
    "text": "Guess we're the center of attention now.",
    "file_name": "bark/bk_shrine_activated_magnet-fx-d2035887-685d29.mp3"
  },
  "bk_shrine_activated_magnet-lm-059a62f4": {
    "text": "Meow meow meow!",
    "file_name": "bark/bk_shrine_activated_magnet-lm-059a62f4-6b95f9.mp3"
  },
  "bk_shrine_activated_magnet-lm-3ce388ca": {
    "text": "Meow meow!",
    "file_name": "bark/bk_shrine_activated_magnet-lm-3ce388ca-6b95f9.mp3"
  },
  "bk_shrine_activated_magnet-fx-c64e6c78": {
    "text": "It's like we've become a treasure magnet.",
    "file_name": "bark/bk_shrine_activated_magnet-fx-c64e6c78-685d29.mp3"
  },
  "bk_shrine_activated_magnet-lm-d326a941": {
    "text": "Meow, meow meow meow!",
    "file_name": "bark/bk_shrine_activated_magnet-lm-d326a941-6b95f9.mp3"
  },
  "bk_shrine_activated_magnet-fx-550fdc63": {
    "text": "Now this is what I call convenient looting.",
    "file_name": "bark/bk_shrine_activated_magnet-fx-550fdc63-685d29.mp3"
  },
  "bk_shrine_activated_magnet-fx-bb3ee8db": {
    "text": "Saves us the trouble of running around.",
    "file_name": "bark/bk_shrine_activated_magnet-fx-bb3ee8db-685d29.mp3"
  },
  "bk_shrine_activated_magnet-fx-09d22c02": {
    "text": "Well, that's one way to clean up the battlefield.",
    "file_name": "bark/bk_shrine_activated_magnet-fx-09d22c02-685d29.mp3"
  },
  "bk_shrine_activated_magnet-fx-975345b3": {
    "text": "Efficient. I like it.",
    "file_name": "bark/bk_shrine_activated_magnet-fx-975345b3-685d29.mp3"
  },
  "bk_shrine_activated_magnet-fx-fe452772": {
    "text": "Look at that, everything's coming to us.",
    "file_name": "bark/bk_shrine_activated_magnet-fx-fe452772-685d29.mp3"
  },
  "bk_shrine_activated_magnet-fx-073e0687": {
    "text": "This shrine's got some pull, literally.",
    "file_name": "bark/bk_shrine_activated_magnet-fx-073e0687-685d29.mp3"
  },
  "bk_shrine_activated_magnet-lm-c8045d92": {
    "text": "Meow!",
    "file_name": "bark/bk_shrine_activated_magnet-lm-c8045d92-6b95f9.mp3"
  },
  "bk_shrine_activated_magnet-fx-ebbb5062": {
    "text": "Well, that's one way to save on leg work.",
    "file_name": "bark/bk_shrine_activated_magnet-fx-ebbb5062-685d29.mp3"
  },
  "bk_shrine_activated_magnet-fx-ad7c4ac8": {
    "text": "Instant collection service, activated.",
    "file_name": "bark/bk_shrine_activated_magnet-fx-ad7c4ac8-685d29.mp3"
  },
  "bk_shrine_activated_magnet-lm-e14d4e71": {
    "text": "Meow, meow!",
    "file_name": "bark/bk_shrine_activated_magnet-lm-e14d4e71-6b95f9.mp3"
  }
}