{
  "bk_dying-fx-d45d5c10": {
    "text": "Oof...",
    "file_name": "bark/bk_dying-fx-d45d5c10-685d29.mp3"
  },
  "bk_dying-fx-1d956e14": {
    "text": "Oof!",
    "file_name": "bark/bk_dying-fx-1d956e14-685d29.mp3"
  },
  "bk_dying-fx-d18e3c24": {
    "text": "Damn it...",
    "file_name": "bark/bk_dying-fx-d18e3c24-685d29.mp3"
  },
  "bk_dying-fx-ec042f0a": {
    "text": "Damn it!",
    "file_name": "bark/bk_dying-fx-ec042f0a-685d29.mp3"
  },
  "bk_dying-fx-5bebf30b": {
    "text": "Ugh...",
    "file_name": "bark/bk_dying-fx-5bebf30b-685d29.mp3"
  },
  "bk_dying-fx-05e40c01": {
    "text": "Ugh!",
    "file_name": "bark/bk_dying-fx-05e40c01-685d29.mp3"
  },
  "bk_dying-fx-31e3dac8": {
    "text": "Agh...",
    "file_name": "bark/bk_dying-fx-31e3dac8-685d29.mp3"
  },
  "bk_dying-fx-81c20a33": {
    "text": "Agh!",
    "file_name": "bark/bk_dying-fx-81c20a33-685d29.mp3"
  },
  "bk_dying-fx-3c5f5cd8": {
    "text": "No...",
    "file_name": "bark/bk_dying-fx-3c5f5cd8-685d29.mp3"
  },
  "bk_dying-fx-2b49fa83": {
    "text": "No!",
    "file_name": "bark/bk_dying-fx-2b49fa83-685d29.mp3"
  },
  "bk_dying-lm-e14d4e71": {
    "text": "Meow, meow!",
    "file_name": "bark/bk_dying-lm-e14d4e71-6b95f9.mp3"
  },
  "bk_dying-lm-c8045d92": {
    "text": "Meow!",
    "file_name": "bark/bk_dying-lm-c8045d92-6b95f9.mp3"
  },
  "bk_enter_battle-fx-ce2c22bc": {
    "text": "So these are the ashen fields.",
    "file_name": "bark/bk_enter_battle-fx-ce2c22bc-685d29.mp3"
  },
  "bk_enter_battle-fx-67c66c98": {
    "text": "What is this place?",
    "file_name": "bark/bk_enter_battle-fx-67c66c98-685d29.mp3"
  },
  "bk_enter_battle-lm-97d9be85": {
    "text": "Meow, meow?",
    "file_name": "bark/bk_enter_battle-lm-97d9be85-6b95f9.mp3"
  },
  "bk_enter_battle-fx-b0e9e721": {
    "text": "Ah. Well, I never had much of a relationship with books.",
    "file_name": "bark/bk_enter_battle-fx-b0e9e721-685d29.mp3"
  },
  "bk_enter_battle-fx-8f50870e": {
    "text": "No more students to be seen here.",
    "file_name": "bark/bk_enter_battle-fx-8f50870e-685d29.mp3"
  },
  "bk_enter_battle-fx-66e19bfa": {
    "text": "This is creepy.",
    "file_name": "bark/bk_enter_battle-fx-66e19bfa-685d29.mp3"
  },
  "bk_enter_battle-fx-f734bf1d": {
    "text": "Looks like a marsh of some sorts.",
    "file_name": "bark/bk_enter_battle-fx-f734bf1d-685d29.mp3"
  },
  "bk_enter_battle-fx-1a6af03e": {
    "text": "Feels like someone might have died here.",
    "file_name": "bark/bk_enter_battle-fx-1a6af03e-685d29.mp3"
  },
  "bk_enter_battle-lm-9e7ded56": {
    "text": "Meow?!",
    "file_name": "bark/bk_enter_battle-lm-9e7ded56-6b95f9.mp3"
  },
  "bk_enter_battle-fx-2ec48edc": {
    "text": "Just got cold out here.",
    "file_name": "bark/bk_enter_battle-fx-2ec48edc-685d29.mp3"
  },
  "bk_enter_battle-fx-8e7278e1": {
    "text": "Should have brought a coat.",
    "file_name": "bark/bk_enter_battle-fx-8e7278e1-685d29.mp3"
  },
  "bk_enter_battle-fx-b7270609": {
    "text": "Even the air tastes like hatred here.",
    "file_name": "bark/bk_enter_battle-fx-b7270609-685d29.mp3"
  },
  "bk_enter_battle-fx-17f8548b": {
    "text": "Like a battlefield from hell.",
    "file_name": "bark/bk_enter_battle-fx-17f8548b-685d29.mp3"
  },
  "bk_enter_battle-lm-84fbd430": {
    "text": "Meow! Meooow!",
    "file_name": "bark/bk_enter_battle-lm-84fbd430-6b95f9.mp3"
  },
  "bk_enter_battle-fx-094686b3": {
    "text": "You're right, Lumi. Let's get going.",
    "file_name": "bark/bk_enter_battle-fx-094686b3-685d29.mp3"
  },
  "bk_enter_battle-fx-0257fb70": {
    "text": "Fitting home for an archdemon.",
    "file_name": "bark/bk_enter_battle-fx-0257fb70-685d29.mp3"
  },
  "bk_enter_battle-fx-355e3bd6": {
    "text": "This is where everything ends.",
    "file_name": "bark/bk_enter_battle-fx-355e3bd6-685d29.mp3"
  },
  "bk_enter_battle-fx-533c743d": {
    "text": "Ready, Lumi?",
    "file_name": "bark/bk_enter_battle-fx-533c743d-685d29.mp3"
  },
  "bk_enter_battle-lm-c8045d92": {
    "text": "Meow!",
    "file_name": "bark/bk_enter_battle-lm-c8045d92-6b95f9.mp3"
  },
  "bk_enter_battle-fx-4bc31b40": {
    "text": "Come at me.",
    "file_name": "bark/bk_enter_battle-fx-4bc31b40-685d29.mp3"
  },
  "bk_enter_battle-fx-f4ffdb58": {
    "text": "Come at me, demons.",
    "file_name": "bark/bk_enter_battle-fx-f4ffdb58-685d29.mp3"
  },
  "bk_enter_battle-fx-e9b13977": {
    "text": "Come at me, monsters.",
    "file_name": "bark/bk_enter_battle-fx-e9b13977-685d29.mp3"
  },
  "bk_enter_battle-fx-4177cd3b": {
    "text": "I'm back.",
    "file_name": "bark/bk_enter_battle-fx-4177cd3b-685d29.mp3"
  },
  "bk_enter_battle-fx-9c178da7": {
    "text": "Back again.",
    "file_name": "bark/bk_enter_battle-fx-9c178da7-685d29.mp3"
  },
  "bk_enter_battle-fx-8de265ce": {
    "text": "Back to square one.",
    "file_name": "bark/bk_enter_battle-fx-8de265ce-685d29.mp3"
  },
  "bk_enter_battle-fx-f57dc3cc": {
    "text": "Take it easy now.",
    "file_name": "bark/bk_enter_battle-fx-f57dc3cc-685d29.mp3"
  },
  "bk_enter_battle-fx-e339d8c6": {
    "text": "Deep breaths.",
    "file_name": "bark/bk_enter_battle-fx-e339d8c6-685d29.mp3"
  },
  "bk_enter_battle-fx-94cd6cf6": {
    "text": "Gonna give it my all.",
    "file_name": "bark/bk_enter_battle-fx-94cd6cf6-685d29.mp3"
  },
  "bk_enter_battle-fx-19b0943d": {
    "text": "Watch your back, Asmodeus.",
    "file_name": "bark/bk_enter_battle-fx-19b0943d-685d29.mp3"
  },
  "bk_enter_battle-fx-3b686bf1": {
    "text": "The monsters regenerated.",
    "file_name": "bark/bk_enter_battle-fx-3b686bf1-685d29.mp3"
  },
  "bk_enter_battle-fx-bd91ef69": {
    "text": "Back at it again.",
    "file_name": "bark/bk_enter_battle-fx-bd91ef69-685d29.mp3"
  },
  "bk_enter_battle-fx-bb7f4a08": {
    "text": "Time to clean this place out.",
    "file_name": "bark/bk_enter_battle-fx-bb7f4a08-685d29.mp3"
  },
  "bk_enter_battle-lm-4f9c96e4": {
    "text": "Meow.",
    "file_name": "bark/bk_enter_battle-lm-4f9c96e4-6b95f9.mp3"
  },
  "bk_enter_battle-lm-dbee08f9": {
    "text": "Meow meow.",
    "file_name": "bark/bk_enter_battle-lm-dbee08f9-6b95f9.mp3"
  },
  "bk_enter_battle-lm-e28aaa48": {
    "text": "Meoow meoow.",
    "file_name": "bark/bk_enter_battle-lm-e28aaa48-6b95f9.mp3"
  },
  "bk_forge_init-fx-97f77f06": {
    "text": "Let's get started.",
    "file_name": "bark/bk_forge_init-fx-97f77f06-685d29.mp3"
  },
  "bk_forge_init-fx-bafc281b": {
    "text": "Alright, let's see.",
    "file_name": "bark/bk_forge_init-fx-bafc281b-685d29.mp3"
  },
  "bk_forge_init-fx-9e8f6386": {
    "text": "Let's see here.",
    "file_name": "bark/bk_forge_init-fx-9e8f6386-685d29.mp3"
  },
  "bk_forge_init-fx-8eb50f89": {
    "text": "Let's have a look...",
    "file_name": "bark/bk_forge_init-fx-8eb50f89-685d29.mp3"
  },
  "bk_forge_init-fx-9c32fbf5": {
    "text": "Hm...",
    "file_name": "bark/bk_forge_init-fx-9c32fbf5-685d29.mp3"
  },
  "bk_forge_init-fx-34d1f1dd": {
    "text": "It's hot in here.",
    "file_name": "bark/bk_forge_init-fx-34d1f1dd-685d29.mp3"
  },
  "bk_forge_init-fx-63d2202b": {
    "text": "I'm starting to enjoy the heat.",
    "file_name": "bark/bk_forge_init-fx-63d2202b-685d29.mp3"
  },
  "bk_forge_init-fx-3b4a0118": {
    "text": "Alright, focus.",
    "file_name": "bark/bk_forge_init-fx-3b4a0118-685d29.mp3"
  },
  "bk_forge_init-fx-7097fc20": {
    "text": "Can't fight demons bare-handed..",
    "file_name": "bark/bk_forge_init-fx-7097fc20-685d29.mp3"
  },
  "bk_forge_init-fx-0363dcdf": {
    "text": "Time to put my forging skills to use.",
    "file_name": "bark/bk_forge_init-fx-0363dcdf-685d29.mp3"
  },
  "bk_forge_craft-fx-986de946": {
    "text": "What can I make...",
    "file_name": "bark/bk_forge_craft-fx-986de946-685d29.mp3"
  },
  "bk_forge_craft-fx-de6d5e44": {
    "text": "This is what I can make for now.",
    "file_name": "bark/bk_forge_craft-fx-de6d5e44-685d29.mp3"
  },
  "bk_forge_craft-fx-53df5aed": {
    "text": "What should I make?",
    "file_name": "bark/bk_forge_craft-fx-53df5aed-685d29.mp3"
  },
  "bk_forge_craft-fx-c2efdcb2": {
    "text": "Time for a new weapon.",
    "file_name": "bark/bk_forge_craft-fx-c2efdcb2-685d29.mp3"
  },
  "bk_forge_craft-fx-ee05008e": {
    "text": "The more weapons, the better.",
    "file_name": "bark/bk_forge_craft-fx-ee05008e-685d29.mp3"
  },
  "bk_forge_craft-fx-d2772e68": {
    "text": "I wanna make something epic.",
    "file_name": "bark/bk_forge_craft-fx-d2772e68-685d29.mp3"
  },
  "bk_forge_craft-fx-2ba630c8": {
    "text": "I need a weapon that matches my skill.",
    "file_name": "bark/bk_forge_craft-fx-2ba630c8-685d29.mp3"
  },
  "bk_forge_craft-fx-6d5e1a29": {
    "text": "What to make this time...",
    "file_name": "bark/bk_forge_craft-fx-6d5e1a29-685d29.mp3"
  },
  "bk_forge_craft-fx-1388c965": {
    "text": "What should I make this time?",
    "file_name": "bark/bk_forge_craft-fx-1388c965-685d29.mp3"
  },
  "bk_forge_craft-fx-414c90d7": {
    "text": "Time for a fresh creation.",
    "file_name": "bark/bk_forge_craft-fx-414c90d7-685d29.mp3"
  },
  "bk_forge_craft-fx-885191b8": {
    "text": "Let's craft a nice surprise for those demons.",
    "file_name": "bark/bk_forge_craft-fx-885191b8-685d29.mp3"
  },
  "bk_forge_craft-fx-45029880": {
    "text": "I have a good feeling about this one.",
    "file_name": "bark/bk_forge_craft-fx-45029880-685d29.mp3"
  },
  "bk_forge_craft-fx-830487fe": {
    "text": "Forging is an art, too. Let's see now.",
    "file_name": "bark/bk_forge_craft-fx-830487fe-685d29.mp3"
  },
  "bk_forge_craft_succeeded-fx-84efe6a6": {
    "text": "A masterpiece.",
    "file_name": "bark/bk_forge_craft_succeeded-fx-84efe6a6-685d29.mp3"
  },
  "bk_forge_craft_succeeded-fx-9a895ab7": {
    "text": "Looks good.",
    "file_name": "bark/bk_forge_craft_succeeded-fx-9a895ab7-685d29.mp3"
  },
  "bk_forge_craft_succeeded-fx-16ea6e95": {
    "text": "Hey, this is nice.",
    "file_name": "bark/bk_forge_craft_succeeded-fx-16ea6e95-685d29.mp3"
  },
  "bk_forge_craft_succeeded-fx-bae0c3cc": {
    "text": "I like this.",
    "file_name": "bark/bk_forge_craft_succeeded-fx-bae0c3cc-685d29.mp3"
  },
  "bk_forge_craft_succeeded-fx-20d549c5": {
    "text": "I like the look of this one.",
    "file_name": "bark/bk_forge_craft_succeeded-fx-20d549c5-685d29.mp3"
  },
  "bk_forge_craft_succeeded-fx-32a02ba1": {
    "text": "Success! I like it.",
    "file_name": "bark/bk_forge_craft_succeeded-fx-32a02ba1-685d29.mp3"
  },
  "bk_forge_craft_succeeded-fx-4ae4061d": {
    "text": "And... success!",
    "file_name": "bark/bk_forge_craft_succeeded-fx-4ae4061d-685d29.mp3"
  },
  "bk_forge_craft_succeeded-fx-54bd8c9f": {
    "text": "Got a nice grip to it.",
    "file_name": "bark/bk_forge_craft_succeeded-fx-54bd8c9f-685d29.mp3"
  },
  "bk_forge_craft_succeeded-fx-1efeb719": {
    "text": "I might have a talent for this.",
    "file_name": "bark/bk_forge_craft_succeeded-fx-1efeb719-685d29.mp3"
  },
  "bk_forge_craft_succeeded-fx-4068e205": {
    "text": "Hm... I like it.",
    "file_name": "bark/bk_forge_craft_succeeded-fx-4068e205-685d29.mp3"
  },
  "bk_forge_craft_succeeded-fx-62e9b871": {
    "text": "Looks cool. Looks violent.",
    "file_name": "bark/bk_forge_craft_succeeded-fx-62e9b871-685d29.mp3"
  },
  "bk_forge_craft_succeeded-fx-b8705bdd": {
    "text": "Can't wait to test this one out.",
    "file_name": "bark/bk_forge_craft_succeeded-fx-b8705bdd-685d29.mp3"
  },
  "bk_forge_craft_succeeded-fx-865e7849": {
    "text": "Nice! Maybe I should consider a career change.",
    "file_name": "bark/bk_forge_craft_succeeded-fx-865e7849-685d29.mp3"
  },
  "bk_forge_craft_failed-fx-684ce903": {
    "text": "Need more stuff.",
    "file_name": "bark/bk_forge_craft_failed-fx-684ce903-685d29.mp3"
  },
  "bk_forge_craft_failed-fx-54bcf1a0": {
    "text": "Don't have enough materials.",
    "file_name": "bark/bk_forge_craft_failed-fx-54bcf1a0-685d29.mp3"
  },
  "bk_forge_craft_failed-fx-c7e002e0": {
    "text": "Need more materials.",
    "file_name": "bark/bk_forge_craft_failed-fx-c7e002e0-685d29.mp3"
  },
  "bk_forge_craft_failed-fx-3c6b23da": {
    "text": "Missing some materials.",
    "file_name": "bark/bk_forge_craft_failed-fx-3c6b23da-685d29.mp3"
  },
  "bk_forge_craft_failed-fx-42c95942": {
    "text": "Gotta gather some more stuff first.",
    "file_name": "bark/bk_forge_craft_failed-fx-42c95942-685d29.mp3"
  },
  "bk_forge_craft_failed-fx-f84e52a5": {
    "text": "Hm, don't quite have enough for that.",
    "file_name": "bark/bk_forge_craft_failed-fx-f84e52a5-685d29.mp3"
  },
  "bk_forge_craft_failed-fx-3457b97a": {
    "text": "Can't make that yet.",
    "file_name": "bark/bk_forge_craft_failed-fx-3457b97a-685d29.mp3"
  },
  "bk_forge_craft_failed-fx-21f5f396": {
    "text": "Let's see what I'm missing...",
    "file_name": "bark/bk_forge_craft_failed-fx-21f5f396-685d29.mp3"
  },
  "bk_forge_craft_failed-fx-f7cd1152": {
    "text": "Okay, what am I missing?",
    "file_name": "bark/bk_forge_craft_failed-fx-f7cd1152-685d29.mp3"
  },
  "bk_forge_upgrade-fx-7ff9f6c9": {
    "text": "Time to make these better.",
    "file_name": "bark/bk_forge_upgrade-fx-7ff9f6c9-685d29.mp3"
  },
  "bk_forge_upgrade-fx-78602529": {
    "text": "Think I can make these better.",
    "file_name": "bark/bk_forge_upgrade-fx-78602529-685d29.mp3"
  },
  "bk_forge_upgrade-fx-654c88f2": {
    "text": "Time for an upgrade.",
    "file_name": "bark/bk_forge_upgrade-fx-654c88f2-685d29.mp3"
  },
  "bk_forge_upgrade-fx-bb2590ff": {
    "text": "Maybe I can improve these.",
    "file_name": "bark/bk_forge_upgrade-fx-bb2590ff-685d29.mp3"
  },
  "bk_forge_upgrade-fx-1060812a": {
    "text": "I should take another look at my weapons.",
    "file_name": "bark/bk_forge_upgrade-fx-1060812a-685d29.mp3"
  },
  "bk_forge_upgrade-fx-fbce815d": {
    "text": "Time to sharpen my weapons.",
    "file_name": "bark/bk_forge_upgrade-fx-fbce815d-685d29.mp3"
  },
  "bk_forge_upgrade-fx-f8dbcad6": {
    "text": "Should make some upgrades for better demon-slaying action.",
    "file_name": "bark/bk_forge_upgrade-fx-f8dbcad6-685d29.mp3"
  },
  "bk_forge_upgrade-fx-5b073cb1": {
    "text": "A demon hunter needs to take care of his tools.",
    "file_name": "bark/bk_forge_upgrade-fx-5b073cb1-685d29.mp3"
  },
  "bk_forge_upgrade-fx-057a0aac": {
    "text": "I'd like to make them stronger.",
    "file_name": "bark/bk_forge_upgrade-fx-057a0aac-685d29.mp3"
  },
  "bk_forge_upgrade-fx-687ffaef": {
    "text": "Hm, I think I could make them stronger...",
    "file_name": "bark/bk_forge_upgrade-fx-687ffaef-685d29.mp3"
  },
  "bk_forge_upgrade-fx-aa7d0a6b": {
    "text": "What improvements can I make?",
    "file_name": "bark/bk_forge_upgrade-fx-aa7d0a6b-685d29.mp3"
  },
  "bk_forge_upgrade-fx-137222e3": {
    "text": "Time to make something impressive.",
    "file_name": "bark/bk_forge_upgrade-fx-137222e3-685d29.mp3"
  },
  "bk_forge_upgrade-fx-d9366f65": {
    "text": "Stronger enemies await. I need stronger weapons.",
    "file_name": "bark/bk_forge_upgrade-fx-d9366f65-685d29.mp3"
  },
  "bk_forge_upgrade-fx-2942d642": {
    "text": "Let's get forging!",
    "file_name": "bark/bk_forge_upgrade-fx-2942d642-685d29.mp3"
  },
  "bk_forge_upgrade_succeeded-fx-f84159da": {
    "text": "Even stronger.",
    "file_name": "bark/bk_forge_upgrade_succeeded-fx-f84159da-685d29.mp3"
  },
  "bk_forge_upgrade_succeeded-fx-7cee36e5": {
    "text": "Stronger.",
    "file_name": "bark/bk_forge_upgrade_succeeded-fx-7cee36e5-685d29.mp3"
  },
  "bk_forge_upgrade_succeeded-fx-05821e5b": {
    "text": "Getting deadlier.",
    "file_name": "bark/bk_forge_upgrade_succeeded-fx-05821e5b-685d29.mp3"
  },
  "bk_forge_upgrade_succeeded-fx-576238e9": {
    "text": "Lethality upgraded.",
    "file_name": "bark/bk_forge_upgrade_succeeded-fx-576238e9-685d29.mp3"
  },
  "bk_forge_upgrade_succeeded-fx-7b6c8bf6": {
    "text": "Better.",
    "file_name": "bark/bk_forge_upgrade_succeeded-fx-7b6c8bf6-685d29.mp3"
  },
  "bk_forge_upgrade_succeeded-fx-7581bb84": {
    "text": "That's better.",
    "file_name": "bark/bk_forge_upgrade_succeeded-fx-7581bb84-685d29.mp3"
  },
  "bk_forge_upgrade_succeeded-fx-b4be313a": {
    "text": "Love me an upgrade.",
    "file_name": "bark/bk_forge_upgrade_succeeded-fx-b4be313a-685d29.mp3"
  },
  "bk_forge_upgrade_succeeded-fx-2d55577a": {
    "text": "Upgrade complete.",
    "file_name": "bark/bk_forge_upgrade_succeeded-fx-2d55577a-685d29.mp3"
  },
  "bk_forge_upgrade_succeeded-fx-da46d1d0": {
    "text": "Look at that.",
    "file_name": "bark/bk_forge_upgrade_succeeded-fx-da46d1d0-685d29.mp3"
  },
  "bk_forge_upgrade_succeeded-fx-9a895ab7": {
    "text": "Looks good.",
    "file_name": "bark/bk_forge_upgrade_succeeded-fx-9a895ab7-685d29.mp3"
  },
  "bk_forge_upgrade_succeeded-fx-5896d1ce": {
    "text": "Now that's an upgrade.",
    "file_name": "bark/bk_forge_upgrade_succeeded-fx-5896d1ce-685d29.mp3"
  },
  "bk_forge_upgrade_succeeded-fx-3f0c2cd6": {
    "text": "Nice.",
    "file_name": "bark/bk_forge_upgrade_succeeded-fx-3f0c2cd6-685d29.mp3"
  },
  "bk_forge_upgrade_succeeded-fx-a8a83f58": {
    "text": "Nice!",
    "file_name": "bark/bk_forge_upgrade_succeeded-fx-a8a83f58-685d29.mp3"
  },
  "bk_forge_upgrade_failed-fx-684ce903": {
    "text": "Need more stuff.",
    "file_name": "bark/bk_forge_upgrade_failed-fx-684ce903-685d29.mp3"
  },
  "bk_forge_upgrade_failed-fx-54bcf1a0": {
    "text": "Don't have enough materials.",
    "file_name": "bark/bk_forge_upgrade_failed-fx-54bcf1a0-685d29.mp3"
  },
  "bk_forge_upgrade_failed-fx-c7e002e0": {
    "text": "Need more materials.",
    "file_name": "bark/bk_forge_upgrade_failed-fx-c7e002e0-685d29.mp3"
  },
  "bk_forge_upgrade_failed-fx-3c6b23da": {
    "text": "Missing some materials.",
    "file_name": "bark/bk_forge_upgrade_failed-fx-3c6b23da-685d29.mp3"
  },
  "bk_forge_upgrade_failed-fx-42c95942": {
    "text": "Gotta gather some more stuff first.",
    "file_name": "bark/bk_forge_upgrade_failed-fx-42c95942-685d29.mp3"
  },
  "bk_forge_upgrade_failed-fx-f84e52a5": {
    "text": "Hm, don't quite have enough for that.",
    "file_name": "bark/bk_forge_upgrade_failed-fx-f84e52a5-685d29.mp3"
  },
  "bk_forge_upgrade_failed-fx-3457b97a": {
    "text": "Can't make that yet.",
    "file_name": "bark/bk_forge_upgrade_failed-fx-3457b97a-685d29.mp3"
  },
  "bk_forge_upgrade_failed-fx-21f5f396": {
    "text": "Let's see what I'm missing...",
    "file_name": "bark/bk_forge_upgrade_failed-fx-21f5f396-685d29.mp3"
  },
  "bk_forge_upgrade_failed-fx-f7cd1152": {
    "text": "Okay, what am I missing?",
    "file_name": "bark/bk_forge_upgrade_failed-fx-f7cd1152-685d29.mp3"
  },
  "bk_forge_leaving_used-fx-fbcb6b44": {
    "text": "That's enough for today.",
    "file_name": "bark/bk_forge_leaving_used-fx-fbcb6b44-685d29.mp3"
  },
  "bk_forge_leaving_used-fx-7e4082a1": {
    "text": "That's enough for now.",
    "file_name": "bark/bk_forge_leaving_used-fx-7e4082a1-685d29.mp3"
  },
  "bk_forge_leaving_used-fx-1b774dca": {
    "text": "Turning off the forge.",
    "file_name": "bark/bk_forge_leaving_used-fx-1b774dca-685d29.mp3"
  },
  "bk_forge_leaving_used-fx-abdfd5de": {
    "text": "That's enough of that.",
    "file_name": "bark/bk_forge_leaving_used-fx-abdfd5de-685d29.mp3"
  },
  "bk_forge_leaving_used-fx-8b88822e": {
    "text": "Done enough forging for now.",
    "file_name": "bark/bk_forge_leaving_used-fx-8b88822e-685d29.mp3"
  },
  "bk_forge_leaving_used-fx-0fb5110b": {
    "text": "Whew.",
    "file_name": "bark/bk_forge_leaving_used-fx-0fb5110b-685d29.mp3"
  },
  "bk_forge_leaving_used-fx-8e38aee2": {
    "text": "Time to cool down.",
    "file_name": "bark/bk_forge_leaving_used-fx-8e38aee2-685d29.mp3"
  },
  "bk_forge_leaving_used-fx-a4d205d0": {
    "text": "That's enough heat for today.",
    "file_name": "bark/bk_forge_leaving_used-fx-a4d205d0-685d29.mp3"
  },
  "bk_forge_leaving_used-fx-154de6ef": {
    "text": "Done for now.",
    "file_name": "bark/bk_forge_leaving_used-fx-154de6ef-685d29.mp3"
  },
  "bk_forge_leaving_used-fx-30485fdb": {
    "text": "Done for today.",
    "file_name": "bark/bk_forge_leaving_used-fx-30485fdb-685d29.mp3"
  },
  "bk_forge_leaving_used-fx-68304956": {
    "text": "Done for the day.",
    "file_name": "bark/bk_forge_leaving_used-fx-68304956-685d29.mp3"
  },
  "bk_forge_leaving_used-fx-087efd47": {
    "text": "Be back soon, forge.",
    "file_name": "bark/bk_forge_leaving_used-fx-087efd47-685d29.mp3"
  },
  "bk_forge_leaving_used-fx-ba8f4638": {
    "text": "Should go test this out.",
    "file_name": "bark/bk_forge_leaving_used-fx-ba8f4638-685d29.mp3"
  },
  "bk_forge_leaving_used-fx-2f152c54": {
    "text": "Should go test the new weapon.",
    "file_name": "bark/bk_forge_leaving_used-fx-2f152c54-685d29.mp3"
  },
  "bk_forge_leaving_not_used-fx-65a7085e": {
    "text": "Maybe next time.",
    "file_name": "bark/bk_forge_leaving_not_used-fx-65a7085e-685d29.mp3"
  },
  "bk_forge_leaving_not_used-fx-95774a27": {
    "text": "Not today.",
    "file_name": "bark/bk_forge_leaving_not_used-fx-95774a27-685d29.mp3"
  },
  "bk_forge_leaving_not_used-fx-dc83eaec": {
    "text": "Maybe not today.",
    "file_name": "bark/bk_forge_leaving_not_used-fx-dc83eaec-685d29.mp3"
  },
  "bk_forge_leaving_not_used-fx-cc5f1368": {
    "text": "Next time.",
    "file_name": "bark/bk_forge_leaving_not_used-fx-cc5f1368-685d29.mp3"
  },
  "bk_forge_leaving_not_used-fx-2134131f": {
    "text": "Not right now.",
    "file_name": "bark/bk_forge_leaving_not_used-fx-2134131f-685d29.mp3"
  },
  "bk_forge_leaving_not_used-fx-b8d706a8": {
    "text": "Now's not the right time.",
    "file_name": "bark/bk_forge_leaving_not_used-fx-b8d706a8-685d29.mp3"
  },
  "bk_forge_leaving_not_used-fx-d9af9f4b": {
    "text": "Maybe later.",
    "file_name": "bark/bk_forge_leaving_not_used-fx-d9af9f4b-685d29.mp3"
  },
  "bk_forge_leaving_not_used-fx-6a687be7": {
    "text": "Doesn't feel like a forging day.",
    "file_name": "bark/bk_forge_leaving_not_used-fx-6a687be7-685d29.mp3"
  },
  "bk_forge_leaving_not_used-fx-2b7e8689": {
    "text": "I'll be back.",
    "file_name": "bark/bk_forge_leaving_not_used-fx-2b7e8689-685d29.mp3"
  },
  "bk_forge_leaving_not_used-fx-88a59f26": {
    "text": "Eh.",
    "file_name": "bark/bk_forge_leaving_not_used-fx-88a59f26-685d29.mp3"
  },
  "bk_forge_leaving_not_used-fx-feedd5f5": {
    "text": "Too tired to forge.",
    "file_name": "bark/bk_forge_leaving_not_used-fx-feedd5f5-685d29.mp3"
  },
  "bk_forge_leaving_not_used-fx-e6bac869": {
    "text": "Be back later.",
    "file_name": "bark/bk_forge_leaving_not_used-fx-e6bac869-685d29.mp3"
  },
  "bk_forge_leaving_not_used-fx-b99179e6": {
    "text": "Not now.",
    "file_name": "bark/bk_forge_leaving_not_used-fx-b99179e6-685d29.mp3"
  },
  "bk_exit_chamber_keke-g1-ca3a1b39": {
    "text": "Hello, sir!",
    "file_name": "bark/bk_exit_chamber_keke-g1-ca3a1b39-6b95f9.mp3"
  },
  "bk_exit_chamber_keke-g1-973f7a94": {
    "text": "Good day, sir!",
    "file_name": "bark/bk_exit_chamber_keke-g1-973f7a94-6b95f9.mp3"
  },
  "bk_exit_chamber_keke-g1-158531e3": {
    "text": "Sir!",
    "file_name": "bark/bk_exit_chamber_keke-g1-158531e3-6b95f9.mp3"
  },
  "bk_exit_chamber_keke-g1-a5ab6e21": {
    "text": "Good luck, sir!",
    "file_name": "bark/bk_exit_chamber_keke-g1-a5ab6e21-6b95f9.mp3"
  },
  "bk_exit_chamber_keke-g1-3f4aa23a": {
    "text": "Rooting for you, sir!",
    "file_name": "bark/bk_exit_chamber_keke-g1-3f4aa23a-6b95f9.mp3"
  },
  "bk_exit_chamber_keke-g1-d4fd9a55": {
    "text": "You've got this, sir!",
    "file_name": "bark/bk_exit_chamber_keke-g1-d4fd9a55-6b95f9.mp3"
  },
  "bk_exit_chamber_keke-g1-fcda2136": {
    "text": "Let me know if you need anything, sir!",
    "file_name": "bark/bk_exit_chamber_keke-g1-fcda2136-6b95f9.mp3"
  },
  "bk_exit_chamber_keke-g1-1b7026e1": {
    "text": "Fine day, sir!",
    "file_name": "bark/bk_exit_chamber_keke-g1-1b7026e1-6b95f9.mp3"
  },
  "bk_exit_chamber_keke-g1-16b5958f": {
    "text": "How are you, sir?",
    "file_name": "bark/bk_exit_chamber_keke-g1-16b5958f-6b95f9.mp3"
  },
  "bk_exit_chamber_keke-g1-5c17c1d7": {
    "text": "Don't mind me, sir!",
    "file_name": "bark/bk_exit_chamber_keke-g1-5c17c1d7-6b95f9.mp3"
  },
  "bk_leaving_sanctuary-fx-b9f60420": {
    "text": "Get it together, Fenrix.",
    "file_name": "bark/bk_leaving_sanctuary-fx-b9f60420-685d29.mp3"
  },
  "bk_leaving_sanctuary-fx-c0c68dc1": {
    "text": "Let's go.",
    "file_name": "bark/bk_leaving_sanctuary-fx-c0c68dc1-685d29.mp3"
  },
  "bk_leaving_sanctuary-fx-1cfed3eb": {
    "text": "Time to go.",
    "file_name": "bark/bk_leaving_sanctuary-fx-1cfed3eb-685d29.mp3"
  },
  "bk_leaving_sanctuary-fx-89224cea": {
    "text": "Time to move.",
    "file_name": "bark/bk_leaving_sanctuary-fx-89224cea-685d29.mp3"
  },
  "bk_leaving_sanctuary-fx-8729dc92": {
    "text": "Time to kill.",
    "file_name": "bark/bk_leaving_sanctuary-fx-8729dc92-685d29.mp3"
  },
  "bk_leaving_sanctuary-fx-b8026efe": {
    "text": "I'm ready.",
    "file_name": "bark/bk_leaving_sanctuary-fx-b8026efe-685d29.mp3"
  },
  "bk_leaving_sanctuary-fx-ab4bad4a": {
    "text": "Ready to fight.",
    "file_name": "bark/bk_leaving_sanctuary-fx-ab4bad4a-685d29.mp3"
  },
  "bk_leaving_sanctuary-fx-4b57c172": {
    "text": "Ready to kill.",
    "file_name": "bark/bk_leaving_sanctuary-fx-4b57c172-685d29.mp3"
  },
  "bk_leaving_sanctuary-fx-a85c0b92": {
    "text": "Ready to rock.",
    "file_name": "bark/bk_leaving_sanctuary-fx-a85c0b92-685d29.mp3"
  },
  "bk_leaving_sanctuary-fx-9e5ae3d2": {
    "text": "I can do this.",
    "file_name": "bark/bk_leaving_sanctuary-fx-9e5ae3d2-685d29.mp3"
  },
  "bk_leaving_sanctuary-fx-a2cf294a": {
    "text": "I know I can do this.",
    "file_name": "bark/bk_leaving_sanctuary-fx-a2cf294a-685d29.mp3"
  },
  "bk_leaving_sanctuary-fx-51591055": {
    "text": "Again.",
    "file_name": "bark/bk_leaving_sanctuary-fx-51591055-685d29.mp3"
  },
  "bk_leaving_sanctuary-fx-c1b365ce": {
    "text": "It'll be different this time.",
    "file_name": "bark/bk_leaving_sanctuary-fx-c1b365ce-685d29.mp3"
  },
  "bk_leaving_sanctuary-fx-fc367806": {
    "text": "Not gonna die this time.",
    "file_name": "bark/bk_leaving_sanctuary-fx-fc367806-685d29.mp3"
  },
  "bk_leaving_sanctuary-fx-c21d754b": {
    "text": "Dying to try again.",
    "file_name": "bark/bk_leaving_sanctuary-fx-c21d754b-685d29.mp3"
  },
  "bk_leaving_sanctuary-fx-b041a6ab": {
    "text": "Let's give it another go.",
    "file_name": "bark/bk_leaving_sanctuary-fx-b041a6ab-685d29.mp3"
  },
  "bk_leaving_sanctuary-fx-d4aa1b7e": {
    "text": "You didn't kill me.",
    "file_name": "bark/bk_leaving_sanctuary-fx-d4aa1b7e-685d29.mp3"
  },
  "bk_leaving_sanctuary-fx-4c86992b": {
    "text": "Not giving up yet.",
    "file_name": "bark/bk_leaving_sanctuary-fx-4c86992b-685d29.mp3"
  },
  "bk_leaving_sanctuary-fx-ef1dac17": {
    "text": "Alright, one more time.",
    "file_name": "bark/bk_leaving_sanctuary-fx-ef1dac17-685d29.mp3"
  },
  "bk_leaving_sanctuary-fx-59a81493": {
    "text": "Giving it another try.",
    "file_name": "bark/bk_leaving_sanctuary-fx-59a81493-685d29.mp3"
  },
  "bk_leaving_sanctuary-fx-7013de16": {
    "text": "Gonna keep trying.",
    "file_name": "bark/bk_leaving_sanctuary-fx-7013de16-685d29.mp3"
  },
  "bk_leaving_sanctuary-fx-4baf80e4": {
    "text": "I could do this all day.",
    "file_name": "bark/bk_leaving_sanctuary-fx-4baf80e4-685d29.mp3"
  },
  "bk_leaving_sanctuary-fx-9e2a5df4": {
    "text": "Got a good feeling about this one.",
    "file_name": "bark/bk_leaving_sanctuary-fx-9e2a5df4-685d29.mp3"
  },
  "bk_leaving_sanctuary-fx-822b6565": {
    "text": "I'm losing count.",
    "file_name": "bark/bk_leaving_sanctuary-fx-822b6565-685d29.mp3"
  },
  "bk_leaving_sanctuary-fx-7812f644": {
    "text": "Let's go, Lumi.",
    "file_name": "bark/bk_leaving_sanctuary-fx-7812f644-685d29.mp3"
  },
  "bk_leaving_sanctuary-fx-0b948c23": {
    "text": "I'll get you this time.",
    "file_name": "bark/bk_leaving_sanctuary-fx-0b948c23-685d29.mp3"
  },
  "bk_leaving_sanctuary-fx-595b258d": {
    "text": "I'm coming for you, Asmodeus.",
    "file_name": "bark/bk_leaving_sanctuary-fx-595b258d-685d29.mp3"
  },
  "bk_leaving_sanctuary-lm-c8045d92": {
    "text": "Meow!",
    "file_name": "bark/bk_leaving_sanctuary-lm-c8045d92-6b95f9.mp3"
  },
  "bk_leaving_sanctuary-lm-4f9c96e4": {
    "text": "Meow.",
    "file_name": "bark/bk_leaving_sanctuary-lm-4f9c96e4-6b95f9.mp3"
  },
  "bk_exit_chamber_pea-g2-ef9502ae": {
    "text": "Hi! Hi!",
    "file_name": "bark/bk_exit_chamber_pea-g2-ef9502ae-6b95f9.mp3"
  },
  "bk_exit_chamber_pea-g2-bec87aaa": {
    "text": "Hello! Hello!",
    "file_name": "bark/bk_exit_chamber_pea-g2-bec87aaa-6b95f9.mp3"
  },
  "bk_exit_chamber_pea-g2-d7286d3b": {
    "text": "Fenrix! Fenrix!",
    "file_name": "bark/bk_exit_chamber_pea-g2-d7286d3b-6b95f9.mp3"
  },
  "bk_exit_chamber_pea-g2-dcd89401": {
    "text": "It's a Fenrix!",
    "file_name": "bark/bk_exit_chamber_pea-g2-dcd89401-6b95f9.mp3"
  },
  "bk_exit_chamber_pea-g2-05f43950": {
    "text": "It's a Pea!",
    "file_name": "bark/bk_exit_chamber_pea-g2-05f43950-6b95f9.mp3"
  },
  "bk_exit_chamber_pea-g2-fb84dc9c": {
    "text": "Heehee! Hi!",
    "file_name": "bark/bk_exit_chamber_pea-g2-fb84dc9c-6b95f9.mp3"
  },
  "bk_exit_chamber_pea-g2-d4e9bf49": {
    "text": "Hi, it's me! It's Pea!",
    "file_name": "bark/bk_exit_chamber_pea-g2-d4e9bf49-6b95f9.mp3"
  },
  "bk_exit_chamber_pea-g2-697e5cc0": {
    "text": "Ooh! hi!",
    "file_name": "bark/bk_exit_chamber_pea-g2-697e5cc0-6b95f9.mp3"
  },
  "bk_exit_chamber_pea-g2-4a3e4585": {
    "text": "Long time no see! Teehee!",
    "file_name": "bark/bk_exit_chamber_pea-g2-4a3e4585-6b95f9.mp3"
  },
  "bk_exit_chamber_pea-g2-a1e02f7a": {
    "text": "Good day! Good night!",
    "file_name": "bark/bk_exit_chamber_pea-g2-a1e02f7a-6b95f9.mp3"
  },
  "bk_leaving_sanctuary-fx-c7243a00": {
    "text": "Alright, let's go find our Seal-breaking culprit.",
    "file_name": "bark/bk_leaving_sanctuary-fx-c7243a00-685d29.mp3"
  },
  "bk_enter_battle-fx-e6ebd3fc": {
    "text": "So these are the Ashen Meadows.",
    "file_name": "bark/bk_enter_battle-fx-e6ebd3fc-685d29.mp3"
  },
  "bk_enter_battle-lm-ce1d1aef": {
    "text": "Meow meow? Meow meow meow! Meow meow?",
    "file_name": "bark/bk_enter_battle-lm-ce1d1aef-6b95f9.mp3"
  },
  "bk_enter_battle-fx-2286efac": {
    "text": "Are you kidding? Shoot the distant ones with arrows, slice up the close ones. Wait, who are you anyway?",
    "file_name": "bark/bk_enter_battle-fx-2286efac-685d29.mp3"
  },
  "bk_enter_battle-lm-96113b2c": {
    "text": "Meow meow meow! Meow meow!",
    "file_name": "bark/bk_enter_battle-lm-96113b2c-6b95f9.mp3"
  },
  "bk_enter_battle-fx-a4fd1672": {
    "text": "An expert on the Seal, huh? Alright then, lead the way.",
    "file_name": "bark/bk_enter_battle-fx-a4fd1672-685d29.mp3"
  }
}