{
  "seq_meet_boss_act11_4-conv-01-bb": {
    "text": "You return like a tide, relentless yet achieving nothing.",
    "kr": "밀물처럼 다시 돌아오는군. 아무것도 얻지 못하면서.",
    "used": true
  },
  "seq_meet_boss_act11_4-conv-02-fx": {
    "text": "Oh, I'm achieving something alright. I'm getting really good at kicking your butt.",
    "kr": "아, 뭔가 얻고 있긴 해. 너한테 한 방 먹이는 데 점점 능숙해지고 있잖아?",
    "used": true
  },
  "seq_meet_boss_act11_4-conv-03-bb": {
    "text": "Your victories are hollow. The Seal remains unmoved by your efforts.",
    "kr": "너의 승리는 공허하다. 봉인이 너의 노력으로 움직이지 않고 있으니.",
    "used": true
  },
  "seq_meet_boss_act11_4-conv-04-fx": {
    "text": "Then I'll just have to try harder. Starting with you.",
    "kr": "그럼 더 열심히 해봐야지. 너부터 때려 잡고 말이야.",
    "used": true
  },
  "seq_meet_boss_act11_5-conv-01-bb": {
    "text": "Do you not tire of this endless cycle, Fenrix Haven?",
    "kr": "이 끝없는 사이클이 지치지 않는가, 펜릭스 헤이븐?",
    "used": true
  },
  "seq_meet_boss_act11_5-conv-02-fx": {
    "text": "Funny, I was about to ask you the same thing. Glutton for punishment, are we?",
    "kr": "재밌네, 나도 똑같은 걸 물어보려고 했는데. 고통 중독 같은 거 아닌가?",
    "used": true
  },
  "seq_meet_boss_act11_5-conv-03-bb": {
    "text": "The true punishment is your futile struggle against the Seal's will.",
    "kr": "진정한 고통은 봉인의 의지에 저항하는 너의 덧없는 저항이지.",
    "used": true
  },
  "seq_meet_boss_act11_5-conv-04-fx": {
    "text": "Well, until I figure out what's going on with the Seal, you're my favorite punching bag.",
    "kr": "좋아, 봉인에서 무슨 일이 일어나고 있는지 알아내기 전까진 네놈이 내 최애 펀치백이다.",
    "used": true
  },
  "seq_meet_keke-conv-01-g1": {
    "text": "I'm Keke, one of Miss Ella's golems. I've been preparing a guest room for you.",
    "kr": "제 이름은 키키, 엘리님의 골렘 중 하나죠. 펜릭스님의 방을 준비했어요.",
    "used": true
  },
  "seq_meet_keke-conv-02-fx": {
    "text": "Whoa, fancy. Thanks. I'm more like a contractor than a guest, though.",
    "kr": "어... 안녕. 내 방을 준비하고 있다니 고맙군. 하지만 나는 여기 오래 머물 사람이 아닌데.",
    "used": true
  },
  "seq_meet_keke-conv-03-g1": {
    "text": "Anyone who stays at the Santuary is our guest. We want you to feel at home. Which is why we also prepared a smithing chamber!",
    "kr": "성채에 오신 분들은 모두 저희의 손님입니다. 계시는 동안은 편하게 지내세요. 아, 필요하실 것 같아서 간이 대장간도 준비했어요.",
    "used": true
  },
  "seq_meet_keke-conv-04-fx": {
    "text": "Did Kaliel tell you to? That was nice of him.",
    "kr": "칼리엘이 말해줬나? 고맙군.",
    "used": true
  },
  "seq_meet_keke-conv-05-g1": {
    "text": "No, Miss Ella did. Please let us know if you need anything else.",
    "kr": "아뇨, 엘리님이 말씀하셨어요. 필요한 게 더 있으면 언제든 말씀해주세요.",
    "used": true
  },
  "seq_meet_keke-postbk-01-fx": {
    "text": "...Ariella had a room prepared for me?\nThat was not on my bingo card today.",
    "kr": "...아리엘라가? 예상 밖인데.\n오늘의 운세가 좋은 모양이군.",
    "used": true
  },
  "seq_meet_keke-postbk-02-fx": {
    "text": "Might as well check out the smithing chamber.",
    "kr": "간이 대장간을 살펴 보는 것도 좋겠어.",
    "used": true
  },
  "seq_meet_keke-prebk-01-g1": {
    "text": "It's an honor to meet you, sir!",
    "kr": "만나서 영광입니다, 펜릭스님!",
    "used": true
  },
  "seq_prologue_a_1-conv-01-kl": {
    "text": "Seems like the breach is more severe than I expected. At this rate, the archdemon will escape in no time.",
    "kr": "균열이 내가 생각한 것보다 심각한 모양이군요. 이대로라면 머지 않아 대악마가 풀려날 겁니다.",
    "used": true
  },
  "seq_prologue_a_1-conv-02-kl": {
    "text": "... Take this, just in case. The most powerful tool of the angels' forge.",
    "kr": "...받아요. 혹시 모르니까. 천사들의 무기고에서 가장 강력한 물건입니다.",
    "used": true
  },
  "seq_prologue_a_1-prebk-01-fx": {
    "text": "Not bad for a warm-up.",
    "kr": "워밍업으로 나쁘진 않았어.",
    "used": true
  },
  "seq_prologue_a_1_2-conv-01-fx": {
    "text": "What's this do?",
    "kr": "뭐에 쓰는 건데?",
    "used": true
  },
  "seq_prologue_a_1_2-conv-02-kl": {
    "text": "You'll know when to use it, though I hope it never comes to that. Keep it with you at all times while you're inside.",
    "kr": "써야 할 때가 되면 알게 될 거예요. 그러지 않았으면 하지만. 봉인 안에서는 계속 지니고 있도록 해요.",
    "used": true
  },
  "seq_prologue_a_1_3-conv-01-fx": {
    "text": "There's an inside?",
    "kr": "봉인의 안이라고?",
    "used": true
  },
  "seq_prologue_a_1_3-conv-02-kl": {
    "text": "Yes. Within the Seal is an entire dimension... containing the archdemon and, presumably, whatever's causing the breach.",
    "kr": "맞아요, 봉인 안은 완전히 다른 차원이죠. 대악마는 물론이고... 균열을 만드는 존재도 그 안에 있겠죠.",
    "used": true
  },
  "seq_prologue_a_1_3-conv-03-fx": {
    "text": "This is getting less cliche, I'll give you that.",
    "kr": "이건 좀 흥미롭군. 그건 인정하지.",
    "used": true
  },
  "seq_prologue_a_1_3-conv-04-fx": {
    "text": "One more thing before we enter. This is the last one, right?",
    "kr": "시작하기 전에 하나만 확인하지. 이번이 마지막인 것, 맞지?",
    "used": true
  },
  "seq_prologue_a_1_3-conv-05-kl": {
    "text": "The very last, Fenrix. With this mission, our contract ends.",
    "kr": "맞습니다, 펜릭스. 이번 임무를 마지막으로 우리 계약도 끝이예요.",
    "used": true
  },
  "seq_prologue_a_2-conv-01-fx": {
    "text": "Couldn't have thought of a better stage for my grand finale.",
    "kr": "더할 나위 없는 피날레로군. 망설일 건 없지.",
    "used": true
  },
  "seq_prologue_a_2-conv-02-kl": {
    "text": "Glad to hear, Fenrix. I'll transport us inside.",
    "kr": "좋아요. 그러면 전송 마법을 쓸 동안 잠시 기다려주세요.",
    "used": true
  },
  "seq_prologue_a_2-prebk-01-fx": {
    "text": "Hmm... An archdemon's Seal.",
    "kr": "흠, 대악마의 봉인이라...",
    "used": true
  },
  "seq_prologue_b_1-conv-01-fx": {
    "text": "Whoa. There {i}is{/i} an inside.",
    "kr": "와우, 정말 {i}안쪽 세계{/i}가 있었군.",
    "used": true
  },
  "seq_prologue_b_1-conv-02-kl": {
    "text": "You don't take me for a liar, do you? Now, we should look for the center of the Seal.",
    "kr": "이제야 믿는 건가요? 먼저 봉인의 중심으로 가죠.",
    "used": true
  },
  "seq_prologue_b_1-prebk-01-kl": {
    "text": "Here we are.",
    "kr": "도착했어요.",
    "used": true
  },
  "seq_prologue_b_2-conv-01-ns": {
    "text": "Kaliel, you should have told me he was cute. I would've come to greet him at the entrance.",
    "kr": "칼리엘, 같이 올 친구가 잘 생겼다는 얘길 빼먹으면 어떡해? 알았으면 바로 마중 나갔을 텐데 말이야.",
    "used": true
  },
  "seq_prologue_b_2-conv-02-kl": {
    "text": "Long time no see, Selaphiel, and thank you for your... selective hospitality.",
    "kr": "오랜만이예요, 세라피엘. 그리고... 선택적인 환대, 대단히 감사하구요.",
    "used": true
  },
  "seq_prologue_b_2-conv-03-kl": {
    "text": "This is Fenrix, a demon hunter who's worked with me for a long time. Fenrix, meet Selaphiel, Angel of Flames.",
    "kr": "이쪽은 펜릭스, 나와 오래 함께 해 온 악마사냥꾼입니다. 펜릭스, 화염의 천사, 세라피엘이예요.",
    "used": true
  },
  "seq_prologue_b_2-conv-04-fx": {
    "text": "... I would never have guessed. Nice to meet you, Selaphiel.",
    "kr": "...보기만 해도 알겠어. 잘 부탁해, 세라피엘.",
    "used": true
  },
  "seq_prologue_b_2-conv-05-ns": {
    "text": "Our blessings will help you defeat the Seal's demons. Here, take your pick.",
    "kr": "이 안에서 마물들과 싸우려면 우리 축복이 도움이 될 거야. 자, 골라 봐.",
    "used": true
  },
  "seq_prologue_b_2-prebk-01-ns": {
    "text": "Hey, handsome!",
    "kr": "이봐, 미남!",
    "used": true
  },
  "seq_prologue_b_2-prebk-02-fx": {
    "text": "Whoa, what's going on?",
    "kr": "워우, 무슨 일이지?",
    "used": true
  },
  "seq_prologue_b_3-conv-01-fx": {
    "text": "So why is the Sanctuary a castle? It's not like anyone lives here.",
    "kr": "아까부터 궁금했는데 여기 성채는 왜 있는 거야? 사람이 있을 리도 없는데.",
    "used": true
  },
  "seq_prologue_b_3-conv-02-kl": {
    "text": "Oh, I forgot to tell you. The Sanctuary is kept by the person who created the Seal. She is... a guardian of sorts.",
    "kr": "미리 말씀을 안 드렸군요. 성채는 이 봉인을 만든 사람이 지키고 있어요. 그녀는... 일종의 수호자예요.",
    "used": true
  },
  "seq_prologue_b_3-conv-03-fx": {
    "text": "Hold on, did you say 'person'? I thought the Seal was created over 500 years ago.",
    "kr": "잠깐, 농담해? 사람이 살고 있다고? 봉인이 만들어진지 500년도 넘었다며.",
    "used": true
  },
  "seq_prologue_b_3-conv-04-kl": {
    "text": "Her name is Ariella Ashwood. She is a formidable sorceress.",
    "kr": "그녀의 이름은 아리엘라 애시우드, 대악마를 봉인한 뛰어난 마법사입니다.",
    "used": true
  },
  "seq_prologue_b_3-conv-05-kl": {
    "text": "For a single human to make the last stand against demonic forces... you can imagine what an incredible feat that was.",
    "kr": "혼자서 그 오랜 시간 동안 악마들을 홀로 상대한다는 건... 상상이 가나요? 엄청난 일이죠.",
    "used": true
  },
  "seq_prologue_b_3-conv-06-kl": {
    "text": "I'm worried the breach has put her on edge, however. Please try to, well, mind your manners.",
    "kr": "봉인에 생긴 균열 때문에 그녀도 좀 신경이 날카로워졌을 거예요. 그러니까, 모쪼록 예의 바르게 행동해주세요.",
    "used": true
  },
  "seq_prologue_b_3-conv-07-fx": {
    "text": "Excuse me, I have perfect manners.",
    "kr": "이봐, 나는 예의범절의 화신이라구.",
    "used": true
  },
  "seq_prologue_b_3-postbk-01-fx": {
    "text": "A sorceress who put the archdemon in a straitjacket.",
    "kr": "대악마에게 구속구를 입힌 마법사라, ",
    "used": true
  },
  "seq_prologue_b_3-postbk-02-fx": {
    "text": "That's...kinda badass.",
    "kr": "...끝내주는 걸.",
    "used": true
  },
  "seq_prologue_b_3-prebk-01-kl": {
    "text": "This is it.",
    "kr": "여기예요.",
    "used": true
  },
  "seq_revive_act1_1-conv-01-fx": {
    "text": "I'll never get used to this. But thanks for reviving me.",
    "kr": "이건 몇 번 겪어도 적응이 안 돼. 어떻든 살려줘서 고마워.",
    "used": true
  },
  "seq_revive_act1_1-conv-02-kl": {
    "text": "It won't be the last time, Fenrix. I will always be here to revive you.",
    "kr": "이번이 마지막도 아닐텐데요, 뭘. 언제든지 되살려 드리죠.",
    "used": true
  },
  "seq_revive_act1_1-conv-03-fx": {
    "text": "Until the mission's done, huh.",
    "kr": "흥, 임무가 끌날 때까진 말이지.",
    "used": true
  },
  "seq_revive_act1_1-conv-04-kl": {
    "text": "'Til it's done. You must be tired; rest up and give it another go when you're ready.",
    "kr": "끝날 때까지요. 피곤할텐데 휴식을 좀 취하고 준비 되면 다시 출발하도록 해요.",
    "used": true
  },
  "seq_revive_act1_1-postbk-01-kl": {
    "text": "The monsters of the seal have regenerated as you traveled back here.",
    "kr": "당신이 부활할 동안 바깥의 마물들도 다시 되살아났어요.",
    "used": true
  },
  "seq_revive_act1_1-postbk-02-fx": {
    "text": "Sweet. Very encouraging in a, how you say, Sisyphean way.",
    "kr": "좋은데? 아주 기운이 나는군, 뭐라고 해야 하나, 시지프스라도 된 것 같아서.",
    "used": true
  },
  "seq_revive_act1_1-prebk-01-fx": {
    "text": "Oof...",
    "kr": "으윽...",
    "used": true
  },
  "seq_revive_act1_2-conv-01-kl": {
    "text": "I'm glad you got back safe, Fenrix. How was the expedition?",
    "kr": "무사히 돌아와서 다행이에요, 펜릭스. 이번 조사는 어땠나요?",
    "used": true
  },
  "seq_revive_act1_2-conv-02-fx": {
    "text": "Safe? I'm aching all over, Kaliel.",
    "kr": "...무사히라고? 떡이 되서 돌아온 것 안 보여?",
    "used": true
  },
  "seq_revive_act1_2-conv-03-kl": {
    "text": "Well, you have as many chances as you need, as long as I have your life under my patronage right here.",
    "kr": "오히려 다행이지 않나요? 여기, 제가 당신의 생명을 보관하고 있는 한 전투에서 패배하더라도 다음 기회가 있잖아요.",
    "used": true
  },
  "seq_revive_act1_2-conv-04-fx": {
    "text": "I made that deal with you so I wouldn't, you know, {i}die{/i}, but on the other hand, if I died, I wouldn't be getting my ass whooped right now.",
    "kr": "...{i}죽음{/i}을 앞두고 있었으니 될대로 되란 심정으로 계약했지만, 네가 이렇게 날 부려먹을 때마다 그게 잘 한 일이었는지 곰곰히 생각해보게 된단 말이지.",
    "used": true
  },
  "seq_revive_act1_2-conv-05-kl": {
    "text": "Oh, Fenrix. I know you enjoy this much more than you let on.",
    "kr": "아, 펜릭스. 그런 말 마요. 내색하는 것보다 더 즐기고 있다는 걸 아니까.",
    "used": true
  },
  "seq_revive_general_1-conv-01-kl": {
    "text": "You seem to be getting better at handling these monsters. Fast learner, are you?",
    "kr": "점점 더 마물들을 상대하는 실력이 좋아지는 것 같군요. 빨리 배우는 것 같아요, 안 그래요?",
    "used": true
  },
  "seq_revive_general_1-conv-02-fx": {
    "text": "Yeah, well, getting skewered repeatedly does wonders for your combat skills.",
    "kr": "아, 그러게. 계속 찔리다 보면 좋든 싫든 싸우는 실력이 눈부시게 발전하지",
    "used": true
  },
  "seq_revive_general_1-conv-03-kl": {
    "text": "That's the spirit! Learning from your mistakes is crucial.",
    "kr": "바로 그거예요! 실수로부터 배우는 게 중요하죠.",
    "used": true
  },
  "seq_revive_general_1-postbk-01-fx": {
    "text": "Would be nice if I could learn without the dying part.",
    "kr": "죽는 부분은 생략하고 배우면 좋을 것 같은데.",
    "used": true
  },
  "seq_revive_general_10-conv-01-kl": {
    "text": "Fenrix, you're back. How was it this time?",
    "kr": "펜릭스, 왔군요. 이번엔 어땠나요?",
    "used": true
  },
  "seq_revive_general_10-conv-02-fx": {
    "text": "Oh, you know, same old, same old. Fought some demons, died horribly. Just another Tuesday.",
    "kr": "아, 전하고 다를 거 없지. 똑같아. 같은 마물들과 싸우고, 끔찍하게 죽고. 평범한 일상이지.",
    "used": true
  },
  "seq_revive_general_10-conv-03-kl": {
    "text": "Your resilience is... admirable.",
    "kr": "당신의 회복력은... 존경스러워요, 펜릭스.",
    "used": true
  },
  "seq_revive_general_2-conv-01-fx": {
    "text": "How much longer do you think this will take? I'm starting to lose count of how many times I've died.",
    "kr": "이 임무에 얼마나 더 시간이 들 것 같아? 슬슬 내가 몇 번 죽었는지 잊어버릴 것 같은데.",
    "used": true
  },
  "seq_revive_general_2-conv-02-kl": {
    "text": "Progress isn't always linear, Fenrix. Each attempt brings us closer to our goal.",
    "kr": "진전이 항상 일직선인 건 아니예요, 펜릭스. 매번 시도할 때마다 목표에 가까워지죠.",
    "used": true
  },
  "seq_revive_general_2-postbk-01-fx": {
    "text": "Right. To prevent the archdemon's escape and save the world, of course.",
    "kr": "아, 그래그래. 대악마의 탈출을 막고 세계를 구하는 거지. 물론 그렇겠지.",
    "used": true
  },
  "seq_revive_general_3-conv-01-kl": {
    "text": "Welcome back, Fenrix. How are you feeling?",
    "kr": "잘 다녀왔어요, 펜릭스. 몸은 좀 어때요?",
    "used": true
  },
  "seq_revive_general_3-conv-02-fx": {
    "text": "Like I've been on the wrong end of a battering ram. A battering ram wielded by angry demons.",
    "kr": "공성추에 받힌 것 같아. 화난 악마들이 몰고 온 공성추말이지.",
    "used": true
  },
  "seq_revive_general_3-conv-03-kl": {
    "text": "Well, at least your sense of humor is intact.",
    "kr": "흠, 최소한 유머 감각은 멀쩡한 것 같군요.",
    "used": true
  },
  "seq_revive_general_4-conv-01-fx": {
    "text": "You know, Kaliel, I'm starting to think immortality isn't all it's cracked up to be.",
    "kr": "이봐, 칼리엘. 슬슬 불사라는 게 그다지 대단한 건 아니란 생각이 들기 시작하는데 말이야.",
    "used": true
  },
  "seq_revive_general_4-conv-02-kl": {
    "text": "It's not immortality, Fenrix. It's... well, kind of a safety net.",
    "kr": "음, 당신은 딱히 불사는 아니예요, 펜릭스. 말하자면... 일종의 안전망이라고 할까요?",
    "used": true
  },
  "seq_revive_general_4-conv-03-fx": {
    "text": "A safety net with spikes, maybe.",
    "kr": "안전망이라기엔 너무 따끔거리는 것 같단 말이지.",
    "used": true
  },
  "seq_revive_general_5-conv-01-fx": {
    "text": "Is it weird that I'm starting to feel at home here?",
    "kr": "여기가 집처럼 느껴지기 시작하는데 좀 이상한 거 맞지?",
    "used": true
  },
  "seq_revive_general_5-conv-02-kl": {
    "text": "Not at all. The Sanctuary has that effect on people.",
    "kr": "전혀 그렇지 않아요. 성채에는 사람들이 그렇게 느끼게 하는 힘이 있죠.",
    "used": true
  },
  "seq_revive_general_5-conv-03-fx": {
    "text": "Great. I've gone from demon hunter to Sanctuary homebody.",
    "kr": "좋아, 악마사냥꾼에서 성채 지킴이로 전직이군.",
    "used": true
  },
  "seq_revive_general_6-conv-01-kl": {
    "text": "Another valiant effort, Fenrix.",
    "kr": "또 한 번의 용맹한 시도였군요, 펜릭스.",
    "used": true
  },
  "seq_revive_general_6-conv-02-fx": {
    "text": "If by 'valiant' you mean 'embarrassingly short-lived', then sure.",
    "kr": "용맹하다는 게 당황스러울 정도로 짧은 삶을 의미한다면, 그래, 그랬지.",
    "used": true
  },
  "seq_revive_general_6-conv-03-kl": {
    "text": "Every attempt brings us closer to success.",
    "kr": "매번 시도할 때마다 성공에 가까워지고 있다구요.",
    "used": true
  },
  "seq_revive_general_6-postbk-01-fx": {
    "text": "Right. Closer to success, one death at a time.",
    "kr": "맞아, 성공에 가까워지고 있지. 한 번에 죽음 하나씩.",
    "used": true
  },
  "seq_revive_general_7-conv-01-kl": {
    "text": "Welcome back. How was your... expedition?",
    "kr": "돌아왔군요. 이번 조사는... 어땠나요?",
    "used": true
  },
  "seq_revive_general_7-conv-02-fx": {
    "text": "Oh, you know. Saw the sights, met the locals, got impaled a few times. The usual.",
    "kr": "음, 뭐 그렇지. 경치 구경 좀 하고, 현지인도 만나고, 몇 번 찔리기도 하고. 언제나처럼.",
    "used": true
  },
  "seq_revive_general_7-conv-03-kl": {
    "text": "I... see. Well, there's always next time.",
    "kr": "알았...어요. 언제나 다음 기회는 있으니까요.",
    "used": true
  },
  "seq_revive_general_8-conv-01-fx": {
    "text": "You know, Kaliel, I'm starting to think I should've read the fine print on our contract.",
    "kr": "이봐, 칼리엘. 아무래도 계약을 할 때 작은 글씨를 잘 읽어봤어야 하나 싶은 후회가 드는데 말야.",
    "used": true
  },
  "seq_revive_general_8-conv-02-kl": {
    "text": "Oh? And what makes you say that?",
    "kr": "흠, 무엇때문에 그런 생각이 들었죠?",
    "used": true
  },
  "seq_revive_general_8-conv-03-fx": {
    "text": "Well, I don't recall 'die repeatedly' being in the job description.",
    "kr": "아무래도 임무 내용에 계속 죽을 거란 건 안 적혀 있었던 것 같단 말이지.",
    "used": true
  },
  "seq_revive_general_9-conv-01-fx": {
    "text": "You know, I'm starting to think these demons have a personal vendetta against me.",
    "kr": "있잖아, 마물들이 나한테 개인적인 악감정을 갖고 있는 게 아닌가 싶은 생각이 들기 시작했어.",
    "used": true
  },
  "seq_revive_general_9-conv-02-kl": {
    "text": "I assure you, Fenrix, they're equally hostile to everyone.",
    "kr": "아, 그건 아니예요, 펜릭스. 마물들은 누구에게나 공평하게 호전적이랍니다.",
    "used": true
  },
  "seq_revive_general_9-conv-03-fx": {
    "text": "Gee, thanks. That makes me feel so much better.",
    "kr": "아아, 고마워. 그 말을 들으니 정-말 마음이 편해지는군.",
    "used": true
  }
}